name,country,region,lat,lon,climate_zone,period_start,period_end,NDVI,EVI,SAVI,NDMI,pixel_count
Shakardara,Afghanistan,Kabul,34.65,69.03,highland_irrigated,2019-01-01,2019-01-17,0.09007236366184909,0.07020563829804294,0.07050636387201492,-0.10076305108754306,44
Kama,Afghanistan,Nangarhar,34.42,70.55,lowland_irrigated,2019-01-01,2019-01-17,0.4164669420690695,0.234298187804281,0.22277963596732958,0.05492320876041433,47
Dawlatabad,Afghanistan,Balkh,36.85,66.85,plains_irrigated,2019-01-01,2019-01-17,0.26902621204229055,0.05888342284629175,0.07134851825644382,-0.10220843981786694,34
Injil,Afghanistan,Herat,34.28,62.15,plains_irrigated,2019-01-01,2019-01-17,0.180140435142827,0.10476360740617587,0.11156148107445467,-0.0006593970773407106,47
Arghandab,Afghanistan,Kandahar,31.72,65.65,arid_irrigated,2019-01-01,2019-01-17,0.09291897358080013,0.07512930270902249,0.07569491924444695,-0.05593445111315581,47
Khanabad,Afghanistan,Kunduz,36.65,68.95,plains_irrigated,2019-01-01,2019-01-17,0.1000041171712399,0.0501066006900654,0.048237590112581184,-0.08979428803479958,44
NadAli,Afghanistan,Helmand,31.55,64.25,arid_irrigated,2019-01-01,2019-01-17,0.10243098196253853,0.08240050923455766,0.08401456831316542,-0.07705725584457172,46
GhazniCity,Afghanistan,Ghazni,33.55,68.42,highland_rainfed,2019-01-01,2019-01-17,0.10517670586438557,0.08638400348758851,0.07571968597039996,0.028015429907888585,46
Maimana,Afghanistan,Faryab,35.92,64.78,plains_rainfed,2019-01-01,2019-01-17,0.21224947216791296,0.10124282129877606,0.10631912186132754,-0.0401647122956948,43
Chaghcharan,Afghanistan,Ghor,34.52,65.25,highland_rainfed,2019-01-01,2019-01-17,-0.5585146521910643,-0.06269726549155799,-0.0843506502652427,-0.7115911948375213,2
Zaranj,Afghanistan,Nimroz,31,61.87,arid_irrigated,2019-01-01,2019-01-17,0.11877847183025733,0.09968940984171493,0.0982067814410439,-0.054058196371373324,46
Dronten,Netherlands,Flevoland,52.53,5.72,temperate_arable,2019-01-01,2019-01-17,0.19683135828925394,0.0784706454624018,0.06580343963326739,0.11320682706661615,63
Veendam,Netherlands,Groningen,53.1,6.87,temperate_arable,2019-01-01,2019-01-17,0.236372083035695,0.15436153235648198,0.11518559329336016,0.09533703936510542,62
Sneek,Netherlands,Friesland,53.03,5.65,temperate_dairy_pasture,2019-01-01,2019-01-17,0.3785766135337032,0.21235986100535795,0.17367087971167183,0.10447004209053337,55
Goes,Netherlands,Zeeland,51.5,3.9,temperate_arable,2019-01-01,2019-01-17,0.13491731490354353,0.06416150033111542,0.0655990915573877,0.00893091884522181,27
Uden,Netherlands,Noord-Brabant,51.66,5.62,temperate_dairy_pasture,2019-01-01,2019-01-17,0.1997780635520389,0.1584024136054893,0.10722919967593182,0.13775186696525482,58
Tiel,Netherlands,Gelderland,51.9,5.6,temperate_horticulture,2019-01-01,2019-01-17,-0.42583922265125046,-0.09522309932738496,-0.09789113985549554,0.25192178084880623,60
Almelo,Netherlands,Overijssel,52.35,6.6,temperate_dairy_pasture,2019-01-01,2019-01-17,0.9456045952204566,0.3876153956394032,0.388504399092994,0.5063394030173346,62
Wieringermeer,Netherlands,Noord-Holland,52.85,5,temperate_arable,2019-01-01,2019-01-17,0.06657565407034371,0.03244503860356981,0.02757579033228945,0.03115044276417803,18
Emmen,Netherlands,Drenthe,52.75,6.85,temperate_arable,2019-01-01,2019-01-17,0.13839735583153692,0.14122236501770374,0.07864995140934983,0.27036337804280197,28
Alblasserdam,Netherlands,Zuid-Holland,51.87,4.67,temperate_dairy_pasture,2019-01-01,2019-01-17,0.2308135491421842,0.17854774160703082,0.11564651080425332,0.20062790662591778,7
Ashburton,New Zealand,Canterbury,-43.9,171.75,maritime_arable,2019-01-01,2019-01-17,0.8745272380205664,0.4114322306490195,0.4168877466995269,0.2995875544535618,53
Hamilton,New Zealand,Waikato,-37.78,175.28,maritime_dairy_pasture,2019-01-01,2019-01-17,0.5844181509969386,0.3886268945637288,0.3441773275333353,0.2382271983405588,40
Gore,New Zealand,Southland,-46.1,168.95,maritime_dairy_pasture,2019-01-01,2019-01-17,0.21682846406390285,0.22599427935602218,0.19041725577706417,0.2842611584186017,37
PalmerstonN,New Zealand,Manawatu,-40.35,175.61,maritime_dairy_pasture,2019-01-01,2019-01-17,0.40890998486106284,0.3171320642979789,0.26941200198886384,0.06619553834014236,47
Hastings,New Zealand,HawkesBay,-39.64,176.84,maritime_horticulture,2019-01-01,2019-01-17,0.08913823932737824,0.05615169774679533,0.05060667846988202,-0.08906756259585336,45
Balclutha,New Zealand,Otago,-46.23,169.75,maritime_arable,2019-01-01,2019-01-17,0.398197868066414,0.31141595507444897,0.25485310730201877,0.04522395112166856,52
TePuke,New Zealand,BayOfPlenty,-37.78,176.32,maritime_horticulture,2019-01-01,2019-01-17,0.5162881708560281,0.39303594966700384,0.3310019009784133,0.12758527388252736,51
Stratford,New Zealand,Taranaki,-39.34,174.28,maritime_dairy_pasture,2019-01-01,2019-01-17,0.5765593102669045,0.44215708058877196,0.406124120100259,0.11752461167896744,50
Blenheim,New Zealand,Marlborough,-41.51,173.96,maritime_horticulture,2019-01-01,2019-01-17,0.28016812953250037,0.1891850612226361,0.17539690281226117,-0.017717444180394358,51
Masterton,New Zealand,Wairarapa,-40.96,175.66,maritime_arable,2019-01-01,2019-01-17,0.5555305291218317,0.39141015899545173,0.34861525936366233,0.1045999565756327,51
Kerikeri,New Zealand,Northland,-35.22,173.95,maritime_horticulture,2019-01-01,2019-01-17,0.8308123129832763,0.4700695933037494,0.43962550929446986,0.5102587845381144,47
Motueka,New Zealand,Tasman,-41.11,173,maritime_horticulture,2019-01-01,2019-01-17,0.8397258376561384,0.58089424826647,0.5312677139291896,0.3057937526218665,51
Kama,Afghanistan,Nangarhar,34.42,70.55,lowland_irrigated,2019-01-17,2019-02-02,0.4914219862718516,0.23106901038608413,0.2467400633934584,0.0380307456164135,33
Dawlatabad,Afghanistan,Balkh,36.85,66.85,plains_irrigated,2019-01-17,2019-02-02,0.10021736855071903,0.07144146462259308,0.0704816290455886,-0.10677697431694055,50
Injil,Afghanistan,Herat,34.28,62.15,plains_irrigated,2019-01-17,2019-02-02,0.18476329797333158,0.11260172878947904,0.1162497708359026,0.026254265335524746,47
Arghandab,Afghanistan,Kandahar,31.72,65.65,arid_irrigated,2019-01-17,2019-02-02,0.11090846483595335,0.08747420158728574,0.08980352772525185,-0.03416382440320393,47
Khanabad,Afghanistan,Kunduz,36.65,68.95,plains_irrigated,2019-01-17,2019-02-02,0.1605348639012643,0.08419003420635698,0.09080308629008288,-0.09517073739159237,44
Faizabad,Afghanistan,Badakhshan,37.1,70.55,highland_rainfed,2019-01-17,2019-02-02,0.09326203408865892,0.07674804406282794,0.05778345139997,-0.009615683314696335,49
NadAli,Afghanistan,Helmand,31.55,64.25,arid_irrigated,2019-01-17,2019-02-02,0.11454581312190243,0.09470720464423435,0.09618000091074022,-0.06976830061336063,46
GhazniCity,Afghanistan,Ghazni,33.55,68.42,highland_rainfed,2019-01-17,2019-02-02,0.10604411143940383,0.09222596668220065,0.07717579417429683,-0.03744025384493332,46
Maimana,Afghanistan,Faryab,35.92,64.78,plains_rainfed,2019-01-17,2019-02-02,0.17873647702300036,0.10646378052442225,0.10114439004096787,-0.02868175035396748,48
Chaghcharan,Afghanistan,Ghor,34.52,65.25,highland_rainfed,2019-01-17,2019-02-02,0.04732619080862146,0.07289134998182416,0.042836702445707635,0.3282786096535736,22
Zaranj,Afghanistan,Nimroz,31,61.87,arid_irrigated,2019-01-17,2019-02-02,0.10477254999010532,0.08878497943525634,0.08713675257408433,-0.07343155884839071,46
Dronten,Netherlands,Flevoland,52.53,5.72,temperate_arable,2019-01-17,2019-02-02,0.36840599877150537,0.2074280178263893,0.19463287514392133,0.13125185258870858,41
Veendam,Netherlands,Groningen,53.1,6.87,temperate_arable,2019-01-17,2019-02-02,0.29775074368989224,0.2995139577892948,0.18909849955745872,0.12028008460195622,18
Sneek,Netherlands,Friesland,53.03,5.65,temperate_dairy_pasture,2019-01-17,2019-02-02,0.6177990775019224,0.31335333323398457,0.3085055879634232,0.1523435046099341,34
Goes,Netherlands,Zeeland,51.5,3.9,temperate_arable,2019-01-17,2019-02-02,0.13752332326343591,0.0797009099716794,0.07485959885766291,0.03944719924298954,60
Uden,Netherlands,Noord-Brabant,51.66,5.62,temperate_dairy_pasture,2019-01-17,2019-02-02,0.5922698406333918,0.3120581799446687,0.30320221533850933,0.23690367711053625,42
Tiel,Netherlands,Gelderland,51.9,5.6,temperate_horticulture,2019-01-17,2019-02-02,-0.45049294625497305,-0.09083803673997871,-0.09992666116346889,0.7488133302766293,60
Almelo,Netherlands,Overijssel,52.35,6.6,temperate_dairy_pasture,2019-01-17,2019-02-02,0.8395105944002332,0.7451527037820879,0.6211084041078649,0.6034189554926467,62
Venlo,Netherlands,Limburg,51.37,6.17,temperate_horticulture,2019-01-17,2019-02-02,0.17170867021643496,0.04704171093543328,0.04869589999772715,-0.13230673908550386,58
Wieringermeer,Netherlands,Noord-Holland,52.85,5,temperate_arable,2019-01-17,2019-02-02,0.13832642760207045,0.07805101711366565,0.07258051250712652,0.2549148160726466,3
Emmen,Netherlands,Drenthe,52.75,6.85,temperate_arable,2019-01-17,2019-02-02,0.7378122138898163,0.7769488541121439,0.5761009126400464,0.6061907334870594,59
Bunnik,Netherlands,Utrecht,52.05,5.2,temperate_dairy_pasture,2019-01-17,2019-02-02,0.8017655305620888,0.5853314225092096,0.5117673665851832,0.5099675416289158,56
Alblasserdam,Netherlands,Zuid-Holland,51.87,4.67,temperate_dairy_pasture,2019-01-17,2019-02-02,0.29515239057115317,0.1873977055538638,0.14753364936674918,0.09106173651738235,36
Ashburton,New Zealand,Canterbury,-43.9,171.75,maritime_arable,2019-01-17,2019-02-02,0.7863958398940322,0.4024174927068092,0.388717791045647,0.30774829947921234,53
Hamilton,New Zealand,Waikato,-37.78,175.28,maritime_dairy_pasture,2019-01-17,2019-02-02,0.5521636106750563,0.3522436134202631,0.32103836110543554,0.22385298399359915,34
PalmerstonN,New Zealand,Manawatu,-40.35,175.61,maritime_dairy_pasture,2019-01-17,2019-02-02,0.25929972444160454,0.19113700868474862,0.13479367041352097,0.07820396456259247,37
Hastings,New Zealand,HawkesBay,-39.64,176.84,maritime_horticulture,2019-01-17,2019-02-02,0.07434186859965662,0.05011246154292697,0.04263836928587984,-0.07353217105061871,49
Balclutha,New Zealand,Otago,-46.23,169.75,maritime_arable,2019-01-17,2019-02-02,0.39164991042208536,0.29251488573505924,0.23884883012052432,0.06910223310011034,52
TePuke,New Zealand,BayOfPlenty,-37.78,176.32,maritime_horticulture,2019-01-17,2019-02-02,0.4729832859117714,0.34695230123834264,0.30343378171971813,0.1012334812428802,51
Stratford,New Zealand,Taranaki,-39.34,174.28,maritime_dairy_pasture,2019-01-17,2019-02-02,0.4895484615204171,0.3422837088941356,0.32398299949912535,0.039042697047210535,50
Blenheim,New Zealand,Marlborough,-41.51,173.96,maritime_horticulture,2019-01-17,2019-02-02,0.26927017673743725,0.17201700087124575,0.16381188001772723,-0.03119895410994613,51
Masterton,New Zealand,Wairarapa,-40.96,175.66,maritime_arable,2019-01-17,2019-02-02,0.5064749283547899,0.331719411042971,0.30713989975083344,0.045425880465150406,51
Kerikeri,New Zealand,Northland,-35.22,173.95,maritime_horticulture,2019-01-17,2019-02-02,0.8815533141622612,0.5601115298073146,0.5314146337765532,0.5342311118644124,47
Motueka,New Zealand,Tasman,-41.11,173,maritime_horticulture,2019-01-17,2019-02-02,0.815098793712399,0.6092881878846799,0.5550950602919797,0.3486866407826804,51
Kama,Afghanistan,Nangarhar,34.42,70.55,lowland_irrigated,2019-02-02,2019-02-18,0.4413522283150072,0.237395916308626,0.22820187895076122,0.04213447039110532,47
Injil,Afghanistan,Herat,34.28,62.15,plains_irrigated,2019-02-02,2019-02-18,0.22952009826926167,0.14084112621487105,0.14519633625013917,0.08853146713572005,47
Arghandab,Afghanistan,Kandahar,31.72,65.65,arid_irrigated,2019-02-02,2019-02-18,0.12297016146340067,0.08789464223812911,0.09043079642653816,0.028222550631832308,47
Khanabad,Afghanistan,Kunduz,36.65,68.95,plains_irrigated,2019-02-02,2019-02-18,0.2230556594583092,0.09940112193707606,0.11040872776081857,-0.08067386958868707,44
Faizabad,Afghanistan,Badakhshan,37.1,70.55,highland_rainfed,2019-02-02,2019-02-18,0.0979942114979785,0.082335174326006,0.0638098671316344,0.03353433312142656,49
NadAli,Afghanistan,Helmand,31.55,64.25,arid_irrigated,2019-02-02,2019-02-18,0.10697102456662196,0.07802246758704261,0.08289431099882742,-0.046803707824269354,46
Maimana,Afghanistan,Faryab,35.92,64.78,plains_rainfed,2019-02-02,2019-02-18,0.22794329356791224,0.11465231414288683,0.11848436055574696,-0.05200970933839824,45
Chaghcharan,Afghanistan,Ghor,34.52,65.25,highland_rainfed,2019-02-02,2019-02-18,0.12168624960898267,0.06735886700934791,0.09006323117065364,-0.037434391385405906,35
Zaranj,Afghanistan,Nimroz,31,61.87,arid_irrigated,2019-02-02,2019-02-18,0.11653874168202472,0.09895123131456898,0.09877140427078315,-0.05743911549157104,46
Dronten,Netherlands,Flevoland,52.53,5.72,temperate_arable,2019-02-02,2019-02-18,0.2535706513228903,0.14848548895870334,0.1421196407399762,-0.010116743206285242,63
Veendam,Netherlands,Groningen,53.1,6.87,temperate_arable,2019-02-02,2019-02-18,0.5013410412790418,0.1971793522214596,0.20810880297641654,-0.004726053724469041,62
Sneek,Netherlands,Friesland,53.03,5.65,temperate_dairy_pasture,2019-02-02,2019-02-18,0.47557946440570736,0.20961005634679192,0.21822662375792037,-0.029510265934235336,64
Goes,Netherlands,Zeeland,51.5,3.9,temperate_arable,2019-02-02,2019-02-18,0.12850495176600352,0.0697277180342052,0.06894962848285897,-0.07258390253902657,62
Uden,Netherlands,Noord-Brabant,51.66,5.62,temperate_dairy_pasture,2019-02-02,2019-02-18,0.44878434127450606,0.24315429225110335,0.2185591262074117,0.011014234831940481,62
Tiel,Netherlands,Gelderland,51.9,5.6,temperate_horticulture,2019-02-02,2019-02-18,-0.4279053921488384,-0.08757349105061972,-0.09999727362119543,0.4408663578687794,60
Almelo,Netherlands,Overijssel,52.35,6.6,temperate_dairy_pasture,2019-02-02,2019-02-18,0.8771017074993211,0.7162558651722932,0.6565839280162272,0.38580494894046496,62
Venlo,Netherlands,Limburg,51.37,6.17,temperate_horticulture,2019-02-02,2019-02-18,0.225553319273805,0.051336658888757276,0.058206649443375065,-0.19539104060059123,58
Wieringermeer,Netherlands,Noord-Holland,52.85,5,temperate_arable,2019-02-02,2019-02-18,0.17810700912645916,0.09354032170355427,0.09696294980744215,-0.055137784428271816,62
Emmen,Netherlands,Drenthe,52.75,6.85,temperate_arable,2019-02-02,2019-02-18,0.7997560503020221,0.5989369432849988,0.5333629072459936,0.37354437912947597,59
Bunnik,Netherlands,Utrecht,52.05,5.2,temperate_dairy_pasture,2019-02-02,2019-02-18,0.8014610803677741,0.5694182358634544,0.5260033509545762,0.3276180656450955,56
Alblasserdam,Netherlands,Zuid-Holland,51.87,4.67,temperate_dairy_pasture,2019-02-02,2019-02-18,0.3140316940257754,0.1416550285229134,0.14049487136598465,0.0023454454652447458,58
Ashburton,New Zealand,Canterbury,-43.9,171.75,maritime_arable,2019-02-02,2019-02-18,0.7995507776701114,0.3635758361683132,0.3699566458831678,0.2938040907228141,53
Hamilton,New Zealand,Waikato,-37.78,175.28,maritime_dairy_pasture,2019-02-02,2019-02-18,0.5574598879679341,0.27908903760652487,0.2631947183224135,0.15865207706720558,47
Gore,New Zealand,Southland,-46.1,168.95,maritime_dairy_pasture,2019-02-02,2019-02-18,0.33301395783171994,0.2119707337345258,0.20053663994013735,0.17489006162320292,54
PalmerstonN,New Zealand,Manawatu,-40.35,175.61,maritime_dairy_pasture,2019-02-02,2019-02-18,0.33292252774228287,0.2235563002945893,0.20152621916734634,-0.022605183270664245,48
Hastings,New Zealand,HawkesBay,-39.64,176.84,maritime_horticulture,2019-02-02,2019-02-18,0.06723134082835382,0.037091628155045124,0.03510006916297625,-0.07250300084539656,47
Balclutha,New Zealand,Otago,-46.23,169.75,maritime_arable,2019-02-02,2019-02-18,0.3972055094056698,0.27390664098279954,0.23361131911215186,0.05641143990961688,52
TePuke,New Zealand,BayOfPlenty,-37.78,176.32,maritime_horticulture,2019-02-02,2019-02-18,0.440904755549149,0.3106620582341943,0.2733166909429931,0.08908835908936034,51
Stratford,New Zealand,Taranaki,-39.34,174.28,maritime_dairy_pasture,2019-02-02,2019-02-18,0.36712717290342695,0.2603290188065332,0.24359495037615966,-0.06485048501709693,50
Blenheim,New Zealand,Marlborough,-41.51,173.96,maritime_horticulture,2019-02-02,2019-02-18,0.16177518160732043,0.10078530135942237,0.09540447650449653,-0.07997620260253624,51
Masterton,New Zealand,Wairarapa,-40.96,175.66,maritime_arable,2019-02-02,2019-02-18,0.46718142910506366,0.2845321564137704,0.27587845916282283,0.0239619580667976,51
Kerikeri,New Zealand,Northland,-35.22,173.95,maritime_horticulture,2019-02-02,2019-02-18,0.8264845317372909,0.5575392567528829,0.5019584599655356,0.541260016488505,47
Motueka,New Zealand,Tasman,-41.11,173,maritime_horticulture,2019-02-02,2019-02-18,0.6062399096741324,0.5859270021082115,0.4338283863701542,0.2592905425327282,51
Kama,Afghanistan,Nangarhar,34.42,70.55,lowland_irrigated,2019-02-18,2019-03-06,0.46954395162338636,0.23622564534734922,0.24264043659595855,0.04603661957334244,47
Dawlatabad,Afghanistan,Balkh,36.85,66.85,plains_irrigated,2019-02-18,2019-03-06,0.1244411296361666,0.06386299435894252,0.06834118448700283,-0.12106928182097028,50
Injil,Afghanistan,Herat,34.28,62.15,plains_irrigated,2019-02-18,2019-03-06,0.2608311853251574,0.18017466240842545,0.17914148768645238,0.08763692139056378,47
Arghandab,Afghanistan,Kandahar,31.72,65.65,arid_irrigated,2019-02-18,2019-03-06,0.15034692885693562,0.11320154029056466,0.1128755785097697,-0.03806890424836203,47
Khanabad,Afghanistan,Kunduz,36.65,68.95,plains_irrigated,2019-02-18,2019-03-06,0.17094927327037399,0.10972052506852299,0.10706983429768806,-0.06948496994358092,44
Faizabad,Afghanistan,Badakhshan,37.1,70.55,highland_rainfed,2019-02-18,2019-03-06,0.12758540223488718,0.07912032237436017,0.07335635177051474,-0.013281173583528703,49
NadAli,Afghanistan,Helmand,31.55,64.25,arid_irrigated,2019-02-18,2019-03-06,0.10223127557537451,0.07344803771328734,0.07850246827917345,-0.07016440102591444,46
Maimana,Afghanistan,Faryab,35.92,64.78,plains_rainfed,2019-02-18,2019-03-06,0.23761428229513323,0.13315309708966472,0.12958934180165269,-0.017945288692132723,48
Chaghcharan,Afghanistan,Ghor,34.52,65.25,highland_rainfed,2019-02-18,2019-03-06,0.05181096170520078,0.04537447359608875,0.04108343055915547,0.0399561404058479,44
Zaranj,Afghanistan,Nimroz,31,61.87,arid_irrigated,2019-02-18,2019-03-06,0.11796013561561541,0.10685309425462226,0.10059753001914762,-0.0450290325390107,46
Dronten,Netherlands,Flevoland,52.53,5.72,temperate_arable,2019-02-18,2019-03-06,0.22972926094492302,0.13796430595049258,0.12773268602558693,-0.042381005932102554,63
Veendam,Netherlands,Groningen,53.1,6.87,temperate_arable,2019-02-18,2019-03-06,0.47167949561746664,0.2082693569592495,0.21546665197002135,-0.02230237465125354,62
Sneek,Netherlands,Friesland,53.03,5.65,temperate_dairy_pasture,2019-02-18,2019-03-06,0.4232957733718645,0.22570615761478588,0.21419653873842429,-0.0076252546113937236,64
Goes,Netherlands,Zeeland,51.5,3.9,temperate_arable,2019-02-18,2019-03-06,0.11874811388803776,0.059737397390925165,0.05390022063443985,-0.08070835835285187,62
Uden,Netherlands,Noord-Brabant,51.66,5.62,temperate_dairy_pasture,2019-02-18,2019-03-06,0.4718982998153213,0.21813298552388533,0.21814556070052463,-0.01948390051501147,62
Tiel,Netherlands,Gelderland,51.9,5.6,temperate_horticulture,2019-02-18,2019-03-06,-0.606165861710745,-0.07234323024431687,-0.07650770482789018,0.18110839651597446,60
Almelo,Netherlands,Overijssel,52.35,6.6,temperate_dairy_pasture,2019-02-18,2019-03-06,0.8080131728151074,0.6337656785117676,0.5805229261706462,0.295510844501016,62
Venlo,Netherlands,Limburg,51.37,6.17,temperate_horticulture,2019-02-18,2019-03-06,0.19638725511805288,0.0567099072522517,0.06197570804384352,-0.21062738160759434,58
Wieringermeer,Netherlands,Noord-Holland,52.85,5,temperate_arable,2019-02-18,2019-03-06,0.16703749566743367,0.12333957775493018,0.11268354572065385,-0.08526965072005863,62
Emmen,Netherlands,Drenthe,52.75,6.85,temperate_arable,2019-02-18,2019-03-06,0.7633712212376145,0.5639132436893767,0.5027147891205064,0.3246438176058374,59
Bunnik,Netherlands,Utrecht,52.05,5.2,temperate_dairy_pasture,2019-02-18,2019-03-06,0.7732263048000373,0.5434255822011577,0.5064181932612953,0.27105611600854707,56
Alblasserdam,Netherlands,Zuid-Holland,51.87,4.67,temperate_dairy_pasture,2019-02-18,2019-03-06,0.2905601598141989,0.14355748222524897,0.13717469570558416,-0.03206040781625167,58
Ashburton,New Zealand,Canterbury,-43.9,171.75,maritime_arable,2019-02-18,2019-03-06,0.7393408220373403,0.34249388949592313,0.33382016573003104,0.29853127174225724,53
Hamilton,New Zealand,Waikato,-37.78,175.28,maritime_dairy_pasture,2019-02-18,2019-03-06,0.5666648684816756,0.2781867835240005,0.2655504569386526,0.1608924028548636,48
Gore,New Zealand,Southland,-46.1,168.95,maritime_dairy_pasture,2019-02-18,2019-03-06,0.4871926198624765,0.27348961486816903,0.26455956949329945,0.18009262539964618,35
PalmerstonN,New Zealand,Manawatu,-40.35,175.61,maritime_dairy_pasture,2019-02-18,2019-03-06,0.3584500938038274,0.2248442816247834,0.20684719147735245,-0.010292514516246798,48
Hastings,New Zealand,HawkesBay,-39.64,176.84,maritime_horticulture,2019-02-18,2019-03-06,0.10668151351337436,0.06643330032917669,0.05791727513127458,-0.04720244357209011,49
Balclutha,New Zealand,Otago,-46.23,169.75,maritime_arable,2019-02-18,2019-03-06,0.4222228826593984,0.268415422268932,0.24117438880369094,0.06620155045895601,52
TePuke,New Zealand,BayOfPlenty,-37.78,176.32,maritime_horticulture,2019-02-18,2019-03-06,0.4478104817828998,0.2918350683563288,0.2634864925647395,0.07671170136800813,51
Stratford,New Zealand,Taranaki,-39.34,174.28,maritime_dairy_pasture,2019-02-18,2019-03-06,0.3554122657934763,0.23073917303237734,0.2287436279638869,-0.06923723529087816,50
Blenheim,New Zealand,Marlborough,-41.51,173.96,maritime_horticulture,2019-02-18,2019-03-06,0.13261695732901577,0.07966199391537333,0.07326184871363738,-0.06471859177026024,51
Masterton,New Zealand,Wairarapa,-40.96,175.66,maritime_arable,2019-02-18,2019-03-06,0.4552518934273604,0.28298017768968275,0.2665490584447481,0.038540908942583774,51
Kerikeri,New Zealand,Northland,-35.22,173.95,maritime_horticulture,2019-02-18,2019-03-06,0.8808478691202379,0.5290877702536152,0.5049089998601467,0.547703551295667,47
Motueka,New Zealand,Tasman,-41.11,173,maritime_horticulture,2019-02-18,2019-03-06,0.8390842315203892,0.5869171833541803,0.5423046527350689,0.37762970133512797,51
Kama,Afghanistan,Nangarhar,34.42,70.55,lowland_irrigated,2019-03-06,2019-03-22,0.43118472324991697,0.2593995684225401,0.2492583512838007,0.06567394679478553,47
Dawlatabad,Afghanistan,Balkh,36.85,66.85,plains_irrigated,2019-03-06,2019-03-22,0.07991682643679437,0.0615645517024606,0.06084788296805468,-0.08601703338410298,50
Injil,Afghanistan,Herat,34.28,62.15,plains_irrigated,2019-03-06,2019-03-22,0.30983813868975496,0.23523737348968443,0.2247288645899687,0.122624475890556,47
Arghandab,Afghanistan,Kandahar,31.72,65.65,arid_irrigated,2019-03-06,2019-03-22,0.20425443396641746,0.16477805697551282,0.15922321009976736,-0.004029691644992863,47
Khanabad,Afghanistan,Kunduz,36.65,68.95,plains_irrigated,2019-03-06,2019-03-22,0.20864639695392076,0.19669637010301436,0.1836658763542827,-0.05186785472952259,44
Faizabad,Afghanistan,Badakhshan,37.1,70.55,highland_rainfed,2019-03-06,2019-03-22,0.16640268648685816,0.10585810452379221,0.10206365955619075,-0.09785985578257989,49
NadAli,Afghanistan,Helmand,31.55,64.25,arid_irrigated,2019-03-06,2019-03-22,0.12176044977956746,0.10494003153808984,0.09758075032497776,-0.049887690722608756,46
GhazniCity,Afghanistan,Ghazni,33.55,68.42,highland_rainfed,2019-03-06,2019-03-22,0.05338333903802118,0.0505979086474,0.04018019173778534,-0.014118748765556428,17
Maimana,Afghanistan,Faryab,35.92,64.78,plains_rainfed,2019-03-06,2019-03-22,0.23173962865303926,0.15817447866155632,0.14658784548773038,-0.02045949970559196,48
Chaghcharan,Afghanistan,Ghor,34.52,65.25,highland_rainfed,2019-03-06,2019-03-22,0.03855625994309494,0.045029824309170324,0.03242981337878394,0.2935117958387417,25
Zaranj,Afghanistan,Nimroz,31,61.87,arid_irrigated,2019-03-06,2019-03-22,0.10767108323471074,0.09795243092158379,0.09380721639861928,-0.049614049334880714,46
Dronten,Netherlands,Flevoland,52.53,5.72,temperate_arable,2019-03-06,2019-03-22,0.2171676356985932,0.19151917048587183,0.13932569986182222,0.0836032130889814,63
Veendam,Netherlands,Groningen,53.1,6.87,temperate_arable,2019-03-06,2019-03-22,0.39021236656934194,0.3243333868614722,0.2473944285973866,0.03173014810200191,58
Sneek,Netherlands,Friesland,53.03,5.65,temperate_dairy_pasture,2019-03-06,2019-03-22,0.4960646584289895,0.27822080559209017,0.2646006892418569,0.0336467104972665,64
Goes,Netherlands,Zeeland,51.5,3.9,temperate_arable,2019-03-06,2019-03-22,0.15880333648314363,0.132016419680143,0.08330312970571702,0.02817141786874458,37
Uden,Netherlands,Noord-Brabant,51.66,5.62,temperate_dairy_pasture,2019-03-06,2019-03-22,0.48010527542384546,0.29438421002137916,0.2590593378503985,0.12177717099239845,47
Tiel,Netherlands,Gelderland,51.9,5.6,temperate_horticulture,2019-03-06,2019-03-22,-0.3448677549044752,-0.08122344795809443,-0.08555534477426785,0.5186298237115591,60
Almelo,Netherlands,Overijssel,52.35,6.6,temperate_dairy_pasture,2019-03-06,2019-03-22,0.8853961667326624,0.7424866971853712,0.6478389932082467,0.40840509976324146,62
Venlo,Netherlands,Limburg,51.37,6.17,temperate_horticulture,2019-03-06,2019-03-22,0.14492298565481018,0.05866854571108329,0.06379634375712324,-0.14107097094149693,4
Wieringermeer,Netherlands,Noord-Holland,52.85,5,temperate_arable,2019-03-06,2019-03-22,0.11662294727650735,0.09831429965416975,0.06526749572366629,0.05682762109916482,29
Emmen,Netherlands,Drenthe,52.75,6.85,temperate_arable,2019-03-06,2019-03-22,0.6247946792993281,0.4906242388454003,0.3182714306334138,0.3738318986566874,49
Bunnik,Netherlands,Utrecht,52.05,5.2,temperate_dairy_pasture,2019-03-06,2019-03-22,0.2190522936951251,0.2892315642509918,0.18316736720530313,0.05622249830792271,19
Alblasserdam,Netherlands,Zuid-Holland,51.87,4.67,temperate_dairy_pasture,2019-03-06,2019-03-22,0.22308988365966764,0.15558188671377293,0.12300700116111961,-0.012529422905941907,58
Ashburton,New Zealand,Canterbury,-43.9,171.75,maritime_arable,2019-03-06,2019-03-22,0.7871038381650142,0.3487515025958803,0.350919487252633,0.30477555189394767,52
Hamilton,New Zealand,Waikato,-37.78,175.28,maritime_dairy_pasture,2019-03-06,2019-03-22,0.5247298482957702,0.25241596706167135,0.24075389756206672,0.1971379855759238,48
Gore,New Zealand,Southland,-46.1,168.95,maritime_dairy_pasture,2019-03-06,2019-03-22,0.25210361907360146,0.2022241221700035,0.14811849989082834,0.039523506248864464,47
PalmerstonN,New Zealand,Manawatu,-40.35,175.61,maritime_dairy_pasture,2019-03-06,2019-03-22,0.39776603882602796,0.256977886000017,0.23272906169358445,0.021032518687649347,48
Hastings,New Zealand,HawkesBay,-39.64,176.84,maritime_horticulture,2019-03-06,2019-03-22,0.1904212800042374,0.13581855114991861,0.10289500207900734,0.03269515282043929,19
Balclutha,New Zealand,Otago,-46.23,169.75,maritime_arable,2019-03-06,2019-03-22,0.36892409758830036,0.2884179396551005,0.21140516851381805,0.1520933075369401,52
Stratford,New Zealand,Taranaki,-39.34,174.28,maritime_dairy_pasture,2019-03-06,2019-03-22,0.4305491211357733,0.20182875903813358,0.19252505516931737,0.014791189149817027,45
Blenheim,New Zealand,Marlborough,-41.51,173.96,maritime_horticulture,2019-03-06,2019-03-22,0.22742399594124246,0.14958362199247102,0.1328472685434785,0.010117258353139088,51
Masterton,New Zealand,Wairarapa,-40.96,175.66,maritime_arable,2019-03-06,2019-03-22,0.5343005624080599,0.33327652960381915,0.3059747402120479,0.07389088655530163,51
Kerikeri,New Zealand,Northland,-35.22,173.95,maritime_horticulture,2019-03-06,2019-03-22,0.8006778491435796,0.5526999532277242,0.49483434863273146,0.4665274854899543,47
Motueka,New Zealand,Tasman,-41.11,173,maritime_horticulture,2019-03-06,2019-03-22,0.5111271773826843,0.512533267293688,0.38893416698134925,0.14594579957065112,51
Shakardara,Afghanistan,Kabul,34.65,69.03,highland_irrigated,2019-03-22,2019-04-07,0.11577173695569494,0.10007777498528021,0.09320240175151963,-0.07800187803727568,44
Kama,Afghanistan,Nangarhar,34.42,70.55,lowland_irrigated,2019-03-22,2019-04-07,0.4625556524455466,0.30058621784511497,0.27643583753624845,0.10610581524911514,47
Dawlatabad,Afghanistan,Balkh,36.85,66.85,plains_irrigated,2019-03-22,2019-04-07,0.08615412317881867,0.07178108814856717,0.06822615885304487,-0.07877193012941944,50
Injil,Afghanistan,Herat,34.28,62.15,plains_irrigated,2019-03-22,2019-04-07,0.35047378922029004,0.30180788885463555,0.2672249578956886,0.1495707610425628,47
Arghandab,Afghanistan,Kandahar,31.72,65.65,arid_irrigated,2019-03-22,2019-04-07,0.36702863911652706,0.2966571675153302,0.27957401442170243,0.10475036713661562,47
Khanabad,Afghanistan,Kunduz,36.65,68.95,plains_irrigated,2019-03-22,2019-04-07,0.3007204378404284,0.2763342662130604,0.21087376049024698,0.05864395322378283,10
Faizabad,Afghanistan,Badakhshan,37.1,70.55,highland_rainfed,2019-03-22,2019-04-07,0.18351749081531585,0.1324027700672422,0.12431677486336822,-0.008472855370258466,49
NadAli,Afghanistan,Helmand,31.55,64.25,arid_irrigated,2019-03-22,2019-04-07,0.0912533085466321,0.07404199197453441,0.07510388974537816,-0.08642365509916598,46
GhazniCity,Afghanistan,Ghazni,33.55,68.42,highland_rainfed,2019-03-22,2019-04-07,0.07609196884767772,0.07562689723969632,0.059794109084967066,-0.037225259074702276,46
Maimana,Afghanistan,Faryab,35.92,64.78,plains_rainfed,2019-03-22,2019-04-07,0.2817809181221226,0.20383628270106835,0.1820184897715779,0.032927708938420314,48
Chaghcharan,Afghanistan,Ghor,34.52,65.25,highland_rainfed,2019-03-22,2019-04-07,0.10514946839880568,0.0670936269451266,0.07112177145137506,0.018768932808056277,45
Zaranj,Afghanistan,Nimroz,31,61.87,arid_irrigated,2019-03-22,2019-04-07,0.09577465212033921,0.08784562582400503,0.08453804235602566,-0.05591452366864271,46
Dronten,Netherlands,Flevoland,52.53,5.72,temperate_arable,2019-03-22,2019-04-07,0.2462574338807026,0.15834691665619838,0.13861723935239864,-0.019310929328808155,63
Veendam,Netherlands,Groningen,53.1,6.87,temperate_arable,2019-03-22,2019-04-07,0.42834887385097603,0.24772356513700686,0.2250209921762293,0.001976192050800229,62
Sneek,Netherlands,Friesland,53.03,5.65,temperate_dairy_pasture,2019-03-22,2019-04-07,0.5024375554161948,0.29707586965258725,0.2774742643922747,0.036568672901084884,64
Goes,Netherlands,Zeeland,51.5,3.9,temperate_arable,2019-03-22,2019-04-07,0.12438696840246527,0.1088824777930681,0.08771400918433965,-0.07357594472084801,62
Uden,Netherlands,Noord-Brabant,51.66,5.62,temperate_dairy_pasture,2019-03-22,2019-04-07,0.49617779988901367,0.29971842295099993,0.27583115047242546,0.05775565329901255,62
Tiel,Netherlands,Gelderland,51.9,5.6,temperate_horticulture,2019-03-22,2019-04-07,-0.38795152402177757,-0.07787057017132772,-0.07945155940989747,0.38592573567357613,60
Almelo,Netherlands,Overijssel,52.35,6.6,temperate_dairy_pasture,2019-03-22,2019-04-07,0.8453503509243465,0.7277390622478161,0.6149145548431113,0.4235109391622246,62
Venlo,Netherlands,Limburg,51.37,6.17,temperate_horticulture,2019-03-22,2019-04-07,0.18078563580613274,0.06533386748341952,0.06535600029616553,-0.19137532652428038,58
Wieringermeer,Netherlands,Noord-Holland,52.85,5,temperate_arable,2019-03-22,2019-04-07,0.15624415498044417,0.1240138859585709,0.1093641256508133,-0.07613268695055851,62
Emmen,Netherlands,Drenthe,52.75,6.85,temperate_arable,2019-03-22,2019-04-07,0.8041406611131227,0.6203226090164884,0.5256454224963747,0.40128257519731353,59
Bunnik,Netherlands,Utrecht,52.05,5.2,temperate_dairy_pasture,2019-03-22,2019-04-07,0.7875714601267215,0.5591552389181584,0.4672603870100043,0.37221001509800405,56
Alblasserdam,Netherlands,Zuid-Holland,51.87,4.67,temperate_dairy_pasture,2019-03-22,2019-04-07,0.2917142987408488,0.17793788903404922,0.15345013528203477,0.008120144147832034,58
Ashburton,New Zealand,Canterbury,-43.9,171.75,maritime_arable,2019-03-22,2019-04-07,0.8217758721648122,0.31723868782974196,0.32612407318598535,0.31515133852826765,53
Hamilton,New Zealand,Waikato,-37.78,175.28,maritime_dairy_pasture,2019-03-22,2019-04-07,0.568582301803264,0.26547801384661546,0.25676596227993503,0.14228119543767898,48
Gore,New Zealand,Southland,-46.1,168.95,maritime_dairy_pasture,2019-03-22,2019-04-07,0.15517990022849548,0.13514903556582544,0.13093769952729903,0.1637643589029726,54
PalmerstonN,New Zealand,Manawatu,-40.35,175.61,maritime_dairy_pasture,2019-03-22,2019-04-07,0.3902457501877354,0.24177140888388673,0.21947465597108662,0.05322300387784593,43
Hastings,New Zealand,HawkesBay,-39.64,176.84,maritime_horticulture,2019-03-22,2019-04-07,0.14501243384798868,0.10522823381804267,0.080828370691745,0.01614455261346716,21
Balclutha,New Zealand,Otago,-46.23,169.75,maritime_arable,2019-03-22,2019-04-07,0.3565210542215626,0.21220850195919838,0.18055566813440482,0.12178739323686852,52
TePuke,New Zealand,BayOfPlenty,-37.78,176.32,maritime_horticulture,2019-03-22,2019-04-07,0.5044284472498778,0.309436667525287,0.27864488487146255,0.13046223190691977,51
Stratford,New Zealand,Taranaki,-39.34,174.28,maritime_dairy_pasture,2019-03-22,2019-04-07,0.4914778923562687,0.3275173948993071,0.3036637220000843,-0.00799191691082489,50
Blenheim,New Zealand,Marlborough,-41.51,173.96,maritime_horticulture,2019-03-22,2019-04-07,0.1544228815450648,0.10453134351747713,0.08664631922576567,-0.03431437491669791,51
Kerikeri,New Zealand,Northland,-35.22,173.95,maritime_horticulture,2019-03-22,2019-04-07,0.6918416752585725,0.48137817433510854,0.40477075335981166,0.4518616913268581,47
Motueka,New Zealand,Tasman,-41.11,173,maritime_horticulture,2019-03-22,2019-04-07,0.6989458529044478,0.4867364842189846,0.44541466708740135,0.16518950613226194,51
Shakardara,Afghanistan,Kabul,34.65,69.03,highland_irrigated,2019-04-07,2019-04-23,0.15039815850760327,0.1137451011918264,0.10923875822491357,-0.060871600548992065,44
Kama,Afghanistan,Nangarhar,34.42,70.55,lowland_irrigated,2019-04-07,2019-04-23,0.6392654194787208,0.4049380439908767,0.3745272304212304,0.20123134245537014,47
Dawlatabad,Afghanistan,Balkh,36.85,66.85,plains_irrigated,2019-04-07,2019-04-23,0.1234559977779924,0.12139594268859107,0.1033776091522461,-0.05191725366782311,50
Injil,Afghanistan,Herat,34.28,62.15,plains_irrigated,2019-04-07,2019-04-23,0.5852352420114121,0.46322355360896517,0.42688827124062273,0.30464619499539475,47
Arghandab,Afghanistan,Kandahar,31.72,65.65,arid_irrigated,2019-04-07,2019-04-23,0.4036471403717013,0.3336429576070934,0.29685941384626746,0.16489868190220772,47
Khanabad,Afghanistan,Kunduz,36.65,68.95,plains_irrigated,2019-04-07,2019-04-23,0.27863311083396597,0.21206287338935773,0.1580902463274913,0.019040197602057215,27
Faizabad,Afghanistan,Badakhshan,37.1,70.55,highland_rainfed,2019-04-07,2019-04-23,0.3590537917202588,0.23759917583974619,0.23061158962092848,0.14491579753085243,49
NadAli,Afghanistan,Helmand,31.55,64.25,arid_irrigated,2019-04-07,2019-04-23,0.14623058998495786,0.12504102554169533,0.11945167228504332,-0.03164485714217619,46
GhazniCity,Afghanistan,Ghazni,33.55,68.42,highland_rainfed,2019-04-07,2019-04-23,0.06793067089589006,0.07969010061566678,0.05790884968985888,-0.029008729154572976,46
Maimana,Afghanistan,Faryab,35.92,64.78,plains_rainfed,2019-04-07,2019-04-23,0.32027451109615773,0.26776583114271035,0.22503728252193433,0.055555937566563796,47
Chaghcharan,Afghanistan,Ghor,34.52,65.25,highland_rainfed,2019-04-07,2019-04-23,0.03074599126529046,0.045432983719701774,0.030090448535828814,-0.09634151535751075,21
Zaranj,Afghanistan,Nimroz,31,61.87,arid_irrigated,2019-04-07,2019-04-23,0.11899505088110722,0.10968629547381002,0.100011002017955,-0.062384032430581646,46
Dronten,Netherlands,Flevoland,52.53,5.72,temperate_arable,2019-04-07,2019-04-23,0.2411066473880628,0.16248383243659748,0.14350944728666618,-0.0299380537549288,63
Veendam,Netherlands,Groningen,53.1,6.87,temperate_arable,2019-04-07,2019-04-23,0.45321148757924345,0.26070929955036065,0.23616580065727208,0.004668339431366321,62
Sneek,Netherlands,Friesland,53.03,5.65,temperate_dairy_pasture,2019-04-07,2019-04-23,0.524749064374209,0.3268818883811418,0.2983867554815503,0.07734474421786372,64
Goes,Netherlands,Zeeland,51.5,3.9,temperate_arable,2019-04-07,2019-04-23,0.13878444931683237,0.127600320372889,0.10403178133634429,-0.06624851261280695,62
Uden,Netherlands,Noord-Brabant,51.66,5.62,temperate_dairy_pasture,2019-04-07,2019-04-23,0.5246012032871004,0.3324045814648709,0.3035030972001884,0.08091158393119201,62
Tiel,Netherlands,Gelderland,51.9,5.6,temperate_horticulture,2019-04-07,2019-04-23,-0.2512402634530156,-0.04757734061862791,-0.04408441444864773,0.3623749489290233,60
Almelo,Netherlands,Overijssel,52.35,6.6,temperate_dairy_pasture,2019-04-07,2019-04-23,0.8498205684048877,0.8151919344541042,0.6719909319392949,0.44090557568132466,62
Venlo,Netherlands,Limburg,51.37,6.17,temperate_horticulture,2019-04-07,2019-04-23,0.1853910109458863,0.08020751408378833,0.07568980017309111,-0.14817232011461348,58
Wieringermeer,Netherlands,Noord-Holland,52.85,5,temperate_arable,2019-04-07,2019-04-23,0.13025461549878312,0.10417826471980336,0.09054722274293496,-0.07929156305933432,62
Emmen,Netherlands,Drenthe,52.75,6.85,temperate_arable,2019-04-07,2019-04-23,0.8166213026278959,0.6355606274614557,0.5451061193344626,0.47011710108565413,59
Bunnik,Netherlands,Utrecht,52.05,5.2,temperate_dairy_pasture,2019-04-07,2019-04-23,0.8319290313204759,0.7692904495888058,0.6277054214236089,0.4202857648107839,56
Alblasserdam,Netherlands,Zuid-Holland,51.87,4.67,temperate_dairy_pasture,2019-04-07,2019-04-23,0.3133493533009416,0.20143167956165922,0.1739368277484431,0.02123604514447644,58
Ashburton,New Zealand,Canterbury,-43.9,171.75,maritime_arable,2019-04-07,2019-04-23,0.8148058322442499,0.32764170661797654,0.3386637880721114,0.35568839779350936,48
Hamilton,New Zealand,Waikato,-37.78,175.28,maritime_dairy_pasture,2019-04-07,2019-04-23,0.5522605263075415,0.25403568715770397,0.2473617580728455,0.1740774436550354,48
Gore,New Zealand,Southland,-46.1,168.95,maritime_dairy_pasture,2019-04-07,2019-04-23,0.16382866878795516,0.12574440629922273,0.12173943456051647,0.20814352586212884,54
PalmerstonN,New Zealand,Manawatu,-40.35,175.61,maritime_dairy_pasture,2019-04-07,2019-04-23,0.160044538271096,0.1462906514958235,0.09798621734120855,-0.08525061884053013,5
Hastings,New Zealand,HawkesBay,-39.64,176.84,maritime_horticulture,2019-04-07,2019-04-23,0.034358854417079754,0.02107874434977313,0.015018558261518737,0.08630813295826499,3
Balclutha,New Zealand,Otago,-46.23,169.75,maritime_arable,2019-04-07,2019-04-23,0.4133986063980201,0.23947510095567928,0.21512920929044096,0.0644860366630989,52
TePuke,New Zealand,BayOfPlenty,-37.78,176.32,maritime_horticulture,2019-04-07,2019-04-23,0.5121404616967173,0.2941060065105568,0.26767041153577226,0.1418690617190487,51
Stratford,New Zealand,Taranaki,-39.34,174.28,maritime_dairy_pasture,2019-04-07,2019-04-23,0.5384716944236347,0.3522623796752485,0.3181195432091087,0.10070503279429402,50
Blenheim,New Zealand,Marlborough,-41.51,173.96,maritime_horticulture,2019-04-07,2019-04-23,0.18779001878811985,0.11813785692654967,0.10299352530023795,-0.0008837390656687885,51
Masterton,New Zealand,Wairarapa,-40.96,175.66,maritime_arable,2019-04-07,2019-04-23,0.3421747286303815,0.26120048099627974,0.201442712418098,0.20559798599540202,51
Kerikeri,New Zealand,Northland,-35.22,173.95,maritime_horticulture,2019-04-07,2019-04-23,0.8821593613496846,0.5361698792870959,0.511508835859953,0.5440956730047586,47
Motueka,New Zealand,Tasman,-41.11,173,maritime_horticulture,2019-04-07,2019-04-23,0.7210754882312089,0.5169129767400793,0.4653247531275987,0.2573655816887149,51
Shakardara,Afghanistan,Kabul,34.65,69.03,highland_irrigated,2019-04-23,2019-05-09,0.14320110432169722,0.12812860188559103,0.11935052519998617,-0.05491839047132247,44
Kama,Afghanistan,Nangarhar,34.42,70.55,lowland_irrigated,2019-04-23,2019-05-09,0.6320484045598446,0.49098176859368875,0.43063826463473903,0.27863060237027765,47
Dawlatabad,Afghanistan,Balkh,36.85,66.85,plains_irrigated,2019-04-23,2019-05-09,0.15207953505632696,0.12680243066149008,0.11818715479659889,-0.03465850787350726,50
Injil,Afghanistan,Herat,34.28,62.15,plains_irrigated,2019-04-23,2019-05-09,0.5309128720938144,0.42110127969055827,0.38697549117220664,0.274625916833461,47
Arghandab,Afghanistan,Kandahar,31.72,65.65,arid_irrigated,2019-04-23,2019-05-09,0.32482529139454086,0.25468172170251036,0.24616668182480192,0.04775644657730101,47
Khanabad,Afghanistan,Kunduz,36.65,68.95,plains_irrigated,2019-04-23,2019-05-09,0.3581485948123359,0.2647920014053102,0.24239817552537649,0.047942376893856276,44
Faizabad,Afghanistan,Badakhshan,37.1,70.55,highland_rainfed,2019-04-23,2019-05-09,0.34368859701528004,0.27100632908683725,0.2478843055603459,0.09390164144121817,49
NadAli,Afghanistan,Helmand,31.55,64.25,arid_irrigated,2019-04-23,2019-05-09,0.14087785414884343,0.12424148917731753,0.12110406887496217,-0.014482387584790504,46
GhazniCity,Afghanistan,Ghazni,33.55,68.42,highland_rainfed,2019-04-23,2019-05-09,0.08041647575561434,0.09202084442428353,0.06840711762680651,-0.05273003871061246,46
Maimana,Afghanistan,Faryab,35.92,64.78,plains_rainfed,2019-04-23,2019-05-09,0.3473026259757631,0.2423033528578288,0.23043409135000906,0.011762845724604398,48
Chaghcharan,Afghanistan,Ghor,34.52,65.25,highland_rainfed,2019-04-23,2019-05-09,0.11764325289962274,0.09971416314778264,0.09469560221615862,0.0010969113067229618,47
Zaranj,Afghanistan,Nimroz,31,61.87,arid_irrigated,2019-04-23,2019-05-09,0.10570923853473103,0.10472184194360798,0.09402519891037392,-0.04615165326655684,46
Veendam,Netherlands,Groningen,53.1,6.87,temperate_arable,2019-04-23,2019-05-09,0.46991572149403754,0.2749690781961797,0.26171537710751386,0.007721468968276809,62
Sneek,Netherlands,Friesland,53.03,5.65,temperate_dairy_pasture,2019-04-23,2019-05-09,0.5043613722480899,0.3933619777117616,0.3322745571105193,0.19340655249287772,64
Goes,Netherlands,Zeeland,51.5,3.9,temperate_arable,2019-04-23,2019-05-09,0.20798726156100333,0.16210316350106804,0.13487935727359218,0.05624560252399971,62
Uden,Netherlands,Noord-Brabant,51.66,5.62,temperate_dairy_pasture,2019-04-23,2019-05-09,0.31314862228863727,0.2010771886481479,0.18273971802764388,-0.011118743237311532,6
Almelo,Netherlands,Overijssel,52.35,6.6,temperate_dairy_pasture,2019-04-23,2019-05-09,0.680114304945383,0.6187130238844988,0.5296955837482851,0.22363026232429944,62
Venlo,Netherlands,Limburg,51.37,6.17,temperate_horticulture,2019-04-23,2019-05-09,0.15185283621067855,0.09440075465708088,0.0789373174471228,-0.08380591787558936,42
Wieringermeer,Netherlands,Noord-Holland,52.85,5,temperate_arable,2019-04-23,2019-05-09,0.4571357695341676,0.3511613781816314,0.30033707545493,0.24203113863747833,7
Emmen,Netherlands,Drenthe,52.75,6.85,temperate_arable,2019-04-23,2019-05-09,0.7337120079079931,0.5844418061665287,0.5040897437367812,0.3272327653458621,59
Bunnik,Netherlands,Utrecht,52.05,5.2,temperate_dairy_pasture,2019-04-23,2019-05-09,0.8164264324931833,0.9733514428833109,0.7154428148485079,0.4440859559047929,56
Alblasserdam,Netherlands,Zuid-Holland,51.87,4.67,temperate_dairy_pasture,2019-04-23,2019-05-09,0.3767540562953082,0.4831467323254388,0.2712866814320028,0.16629294525585545,24
Ashburton,New Zealand,Canterbury,-43.9,171.75,maritime_arable,2019-04-23,2019-05-09,0.5660137907302358,0.25164111711571335,0.23305641418637787,0.22837377651856897,53
Hamilton,New Zealand,Waikato,-37.78,175.28,maritime_dairy_pasture,2019-04-23,2019-05-09,0.44898273559810437,0.22564294801442497,0.20262961957837167,0.12886692936870034,48
Gore,New Zealand,Southland,-46.1,168.95,maritime_dairy_pasture,2019-04-23,2019-05-09,0.07229685119956031,0.13591426774227724,0.12879618973398005,0.16119175850344586,49
PalmerstonN,New Zealand,Manawatu,-40.35,175.61,maritime_dairy_pasture,2019-04-23,2019-05-09,0.0018433148507028818,0.0041536793005693,0.0012847943908583196,0.12817852199077606,1
Hastings,New Zealand,HawkesBay,-39.64,176.84,maritime_horticulture,2019-04-23,2019-05-09,0.06556485019122774,0.029130591044209935,0.03239587295961694,-0.08606277628596126,42
Balclutha,New Zealand,Otago,-46.23,169.75,maritime_arable,2019-04-23,2019-05-09,0.4257898315495738,0.2863440326085489,0.23092500327953228,0.09062852906146825,48
TePuke,New Zealand,BayOfPlenty,-37.78,176.32,maritime_horticulture,2019-04-23,2019-05-09,0.4997371194298224,0.3219430742094662,0.2843667307602118,0.1202749557822634,51
Stratford,New Zealand,Taranaki,-39.34,174.28,maritime_dairy_pasture,2019-04-23,2019-05-09,0.45545636819934715,0.49676429272419936,0.35704922096075287,0.13396889349937974,50
Blenheim,New Zealand,Marlborough,-41.51,173.96,maritime_horticulture,2019-04-23,2019-05-09,0.16203310730318188,0.09284729602933106,0.08511484013583116,-0.024236716630609167,50
Kerikeri,New Zealand,Northland,-35.22,173.95,maritime_horticulture,2019-04-23,2019-05-09,0.8841942672314115,0.5182488105473748,0.49079407157690896,0.5574080972171527,47
Motueka,New Zealand,Tasman,-41.11,173,maritime_horticulture,2019-04-23,2019-05-09,0.7252711521258144,0.5453372779315413,0.4902629905641681,0.27056487446832517,51
Shakardara,Afghanistan,Kabul,34.65,69.03,highland_irrigated,2019-05-09,2019-05-25,0.11695440252952956,0.1078759876921162,0.1006351260268651,-0.07068026809939625,44
Kama,Afghanistan,Nangarhar,34.42,70.55,lowland_irrigated,2019-05-09,2019-05-25,0.6230911141260597,0.42514365773106677,0.4037898003291592,0.23671443161623099,47
Dawlatabad,Afghanistan,Balkh,36.85,66.85,plains_irrigated,2019-05-09,2019-05-25,0.11114911375779664,0.10693121199483144,0.09509879915211553,-0.05116766717667814,50
Injil,Afghanistan,Herat,34.28,62.15,plains_irrigated,2019-05-09,2019-05-25,0.37203111393037164,0.2713114910881068,0.26299009072042956,0.13262651229173975,47
Arghandab,Afghanistan,Kandahar,31.72,65.65,arid_irrigated,2019-05-09,2019-05-25,0.2357271242575563,0.1913848552365719,0.1835655752133756,-0.008239058544415324,47
Khanabad,Afghanistan,Kunduz,36.65,68.95,plains_irrigated,2019-05-09,2019-05-25,0.1889817149783719,0.1469772079086613,0.15348329883433579,-0.04193720198152655,44
Faizabad,Afghanistan,Badakhshan,37.1,70.55,highland_rainfed,2019-05-09,2019-05-25,0.31344638821586623,0.2388682498889453,0.21730943675058836,0.08332479916786546,48
NadAli,Afghanistan,Helmand,31.55,64.25,arid_irrigated,2019-05-09,2019-05-25,0.15258866605029187,0.1364665874244775,0.13043756354558417,-0.024715542599836843,46
GhazniCity,Afghanistan,Ghazni,33.55,68.42,highland_rainfed,2019-05-09,2019-05-25,0.08999450113737527,0.10372000058759093,0.07492003386163223,-0.05515796631642437,46
Maimana,Afghanistan,Faryab,35.92,64.78,plains_rainfed,2019-05-09,2019-05-25,0.24616756737310508,0.20347753591975928,0.1797986713245505,-0.022563991586533196,48
Chaghcharan,Afghanistan,Ghor,34.52,65.25,highland_rainfed,2019-05-09,2019-05-25,0.1380104560570531,0.12962290538569912,0.11890300926939608,-0.015440921686017834,47
Zaranj,Afghanistan,Nimroz,31,61.87,arid_irrigated,2019-05-09,2019-05-25,0.10955680104796665,0.10906098036335528,0.0963866736662478,-0.053176014739564556,46
Dronten,Netherlands,Flevoland,52.53,5.72,temperate_arable,2019-05-09,2019-05-25,0.2504235444171746,0.19915438552304182,0.1585624029860694,0.01455993930848478,63
Veendam,Netherlands,Groningen,53.1,6.87,temperate_arable,2019-05-09,2019-05-25,0.531907594197431,0.3585673065309789,0.31431201621853244,0.07506034886039868,62
Sneek,Netherlands,Friesland,53.03,5.65,temperate_dairy_pasture,2019-05-09,2019-05-25,0.5843737165708804,0.4095949354363192,0.37023861639021405,0.1305267046727956,64
Goes,Netherlands,Zeeland,51.5,3.9,temperate_arable,2019-05-09,2019-05-25,0.18635263366360846,0.16109962564154007,0.13423075259882208,-0.04280830477898833,62
Uden,Netherlands,Noord-Brabant,51.66,5.62,temperate_dairy_pasture,2019-05-09,2019-05-25,0.6084147445596634,0.4385552716841456,0.37984507681801527,0.17729182036106245,62
Tiel,Netherlands,Gelderland,51.9,5.6,temperate_horticulture,2019-05-09,2019-05-25,-0.236975591706743,-0.049520185253433296,-0.04692250693367508,0.39094006989599384,60
Almelo,Netherlands,Overijssel,52.35,6.6,temperate_dairy_pasture,2019-05-09,2019-05-25,0.6552152819957023,0.54332565442033,0.4568391045058033,0.16315647251336882,62
Venlo,Netherlands,Limburg,51.37,6.17,temperate_horticulture,2019-05-09,2019-05-25,0.21299869156513918,0.09238456422027366,0.09246639017496087,-0.15647499900292988,58
Wieringermeer,Netherlands,Noord-Holland,52.85,5,temperate_arable,2019-05-09,2019-05-25,0.22356544537760464,0.16980146801960505,0.15066113175369092,-0.009739422612491003,62
Emmen,Netherlands,Drenthe,52.75,6.85,temperate_arable,2019-05-09,2019-05-25,0.8222780548414728,0.740386102268676,0.6142620092895511,0.46916738921897916,59
Bunnik,Netherlands,Utrecht,52.05,5.2,temperate_dairy_pasture,2019-05-09,2019-05-25,0.5736501199840925,0.5925053343119334,0.44499754208820613,0.2194170340559324,56
Alblasserdam,Netherlands,Zuid-Holland,51.87,4.67,temperate_dairy_pasture,2019-05-09,2019-05-25,0.34459993208296896,0.23313729004647146,0.20558557676748368,0.04341774814825516,58
Ashburton,New Zealand,Canterbury,-43.9,171.75,maritime_arable,2019-05-09,2019-05-25,0.8210741623802884,0.2654098436204837,0.28321577809046633,0.28395833762007416,53
Hamilton,New Zealand,Waikato,-37.78,175.28,maritime_dairy_pasture,2019-05-09,2019-05-25,0.5335255480030687,0.2690972972393933,0.2497397170607305,0.1610913156200588,42
Gore,New Zealand,Southland,-46.1,168.95,maritime_dairy_pasture,2019-05-09,2019-05-25,0.4269140346758383,0.32073320079654205,0.2865734675072811,0.11781298731162289,31
PalmerstonN,New Zealand,Manawatu,-40.35,175.61,maritime_dairy_pasture,2019-05-09,2019-05-25,0.5167570539576856,0.3430299228618217,0.30412176846144706,0.1683093142109421,41
Hastings,New Zealand,HawkesBay,-39.64,176.84,maritime_horticulture,2019-05-09,2019-05-25,0.05490935460969734,0.02414609804059053,0.02692051965431264,-0.08416098781661795,42
Balclutha,New Zealand,Otago,-46.23,169.75,maritime_arable,2019-05-09,2019-05-25,0.32300317528433803,0.21934687870569358,0.18047960238733188,0.12005055396016258,52
TePuke,New Zealand,BayOfPlenty,-37.78,176.32,maritime_horticulture,2019-05-09,2019-05-25,0.5234345311106947,0.301491841095723,0.2749693555680514,0.14358654650448577,51
Stratford,New Zealand,Taranaki,-39.34,174.28,maritime_dairy_pasture,2019-05-09,2019-05-25,0.5200344598994003,0.38670366881082685,0.3156619906891424,0.21648598649435927,50
Blenheim,New Zealand,Marlborough,-41.51,173.96,maritime_horticulture,2019-05-09,2019-05-25,0.19490061709531228,0.11407393241333917,0.10589914775522177,0.009010726254477276,51
Masterton,New Zealand,Wairarapa,-40.96,175.66,maritime_arable,2019-05-09,2019-05-25,0.604537223783551,0.3566541451217371,0.3338446238822886,0.19754721438430287,51
Kerikeri,New Zealand,Northland,-35.22,173.95,maritime_horticulture,2019-05-09,2019-05-25,0.8623442032166342,0.5084954013608736,0.48136864622248676,0.5171547798378454,47
Motueka,New Zealand,Tasman,-41.11,173,maritime_horticulture,2019-05-09,2019-05-25,0.7236630971219408,0.5244260882842817,0.47693456861041444,0.27572392967379855,51
Shakardara,Afghanistan,Kabul,34.65,69.03,highland_irrigated,2019-05-25,2019-06-10,0.09603379964862849,0.09092031337646864,0.08308030160732154,-0.07445577425585452,44
Kama,Afghanistan,Nangarhar,34.42,70.55,lowland_irrigated,2019-05-25,2019-06-10,0.6974625318029994,0.4800031971765997,0.46321163546117655,0.25664099027218146,47
Dawlatabad,Afghanistan,Balkh,36.85,66.85,plains_irrigated,2019-05-25,2019-06-10,0.09763038622155196,0.09015402275481264,0.0806471031080717,-0.07404190909094051,50
Injil,Afghanistan,Herat,34.28,62.15,plains_irrigated,2019-05-25,2019-06-10,0.22226179785020014,0.16752878076465252,0.16352737128593117,0.010148638491350215,47
Arghandab,Afghanistan,Kandahar,31.72,65.65,arid_irrigated,2019-05-25,2019-06-10,0.2718734151863885,0.21964534971649766,0.2095916734451553,0.012487205144978222,47
Khanabad,Afghanistan,Kunduz,36.65,68.95,plains_irrigated,2019-05-25,2019-06-10,0.10863797337473406,0.08361195139830627,0.08547411249976876,-0.08870133211779269,44
Faizabad,Afghanistan,Badakhshan,37.1,70.55,highland_rainfed,2019-05-25,2019-06-10,0.3164835451732116,0.23493472679636823,0.21885558003097913,0.08814561050348266,49
NadAli,Afghanistan,Helmand,31.55,64.25,arid_irrigated,2019-05-25,2019-06-10,0.16333040774313376,0.1415693418744675,0.1396632176042851,-0.028471572125334913,46
GhazniCity,Afghanistan,Ghazni,33.55,68.42,highland_rainfed,2019-05-25,2019-06-10,0.09216777160607015,0.10252223851353794,0.07746932381493131,-0.05288329692400729,46
Maimana,Afghanistan,Faryab,35.92,64.78,plains_rainfed,2019-05-25,2019-06-10,0.25903161292582694,0.21551866099262518,0.19432637815352044,-0.019576538288980632,48
Chaghcharan,Afghanistan,Ghor,34.52,65.25,highland_rainfed,2019-05-25,2019-06-10,0.1650229549745275,0.15998177262999427,0.145347991837052,-0.003154156774320982,47
Zaranj,Afghanistan,Nimroz,31,61.87,arid_irrigated,2019-05-25,2019-06-10,0.1292620161836987,0.12870320098275081,0.1128427951328875,-0.03788347233646827,46
Veendam,Netherlands,Groningen,53.1,6.87,temperate_arable,2019-05-25,2019-06-10,0.45970721937063985,0.39536191769842755,0.30080642355802795,0.1296229117325609,56
Sneek,Netherlands,Friesland,53.03,5.65,temperate_dairy_pasture,2019-05-25,2019-06-10,0.2529609821124572,0.19022133283240333,0.13915730364024292,-0.047109647197309854,45
Goes,Netherlands,Zeeland,51.5,3.9,temperate_arable,2019-05-25,2019-06-10,0.16757526903032022,0.16629929266441112,0.12179583500583295,0.021712990555718636,14
Uden,Netherlands,Noord-Brabant,51.66,5.62,temperate_dairy_pasture,2019-05-25,2019-06-10,0.5738863794418798,0.3826537861227752,0.35218372399801334,0.11807736027163608,58
Tiel,Netherlands,Gelderland,51.9,5.6,temperate_horticulture,2019-05-25,2019-06-10,-0.046861912373017164,0.002323069629932766,-0.008300013305355493,0.20588715243328629,39
Almelo,Netherlands,Overijssel,52.35,6.6,temperate_dairy_pasture,2019-05-25,2019-06-10,0.773578339833001,0.7501266589190639,0.6130682156246684,0.3112173152441631,62
Venlo,Netherlands,Limburg,51.37,6.17,temperate_horticulture,2019-05-25,2019-06-10,0.19476278708677733,0.09875483526420105,0.09116125422476301,-0.16811120488540404,56
Emmen,Netherlands,Drenthe,52.75,6.85,temperate_arable,2019-05-25,2019-06-10,0.5359657492608405,0.5578436977830447,0.4208661649049553,0.22995076410784018,59
Bunnik,Netherlands,Utrecht,52.05,5.2,temperate_dairy_pasture,2019-05-25,2019-06-10,0.8715198036516891,0.826085506832653,0.6786621837809562,0.4064480082397005,56
Alblasserdam,Netherlands,Zuid-Holland,51.87,4.67,temperate_dairy_pasture,2019-05-25,2019-06-10,0.3074390316515418,0.2113997622171373,0.18473221534543743,0.04575219399920145,58
Hamilton,New Zealand,Waikato,-37.78,175.28,maritime_dairy_pasture,2019-05-25,2019-06-10,0.5287662000602533,0.21902512948415506,0.2229209230606558,0.18663622846635813,48
Gore,New Zealand,Southland,-46.1,168.95,maritime_dairy_pasture,2019-05-25,2019-06-10,0.09810721178216944,0.06579286913908715,0.05556170628771397,0.33417740707951543,54
PalmerstonN,New Zealand,Manawatu,-40.35,175.61,maritime_dairy_pasture,2019-05-25,2019-06-10,0.4542937840813078,0.3285567074732264,0.268920288673541,0.16958268370269372,41
Hastings,New Zealand,HawkesBay,-39.64,176.84,maritime_horticulture,2019-05-25,2019-06-10,0.05552071209958826,0.026886248015985027,0.02603410267906301,-0.11538243940605741,42
Balclutha,New Zealand,Otago,-46.23,169.75,maritime_arable,2019-05-25,2019-06-10,0.37909235542072367,0.12792743545101792,0.1165937293113844,0.3447962563211492,50
TePuke,New Zealand,BayOfPlenty,-37.78,176.32,maritime_horticulture,2019-05-25,2019-06-10,0.6021728047237783,0.3185381129892163,0.29990105678948054,0.20513322193165437,48
Stratford,New Zealand,Taranaki,-39.34,174.28,maritime_dairy_pasture,2019-05-25,2019-06-10,0.578562663535779,0.3521497299716131,0.34164553083001403,0.18864165339204816,50
Blenheim,New Zealand,Marlborough,-41.51,173.96,maritime_horticulture,2019-05-25,2019-06-10,0.17860001617914945,0.09625628573081473,0.09000690338247841,-0.005968493838514121,51
Masterton,New Zealand,Wairarapa,-40.96,175.66,maritime_arable,2019-05-25,2019-06-10,0.6775741932148653,0.37335793620457997,0.36601823157889146,0.2192341469304644,49
Kerikeri,New Zealand,Northland,-35.22,173.95,maritime_horticulture,2019-05-25,2019-06-10,0.8480074426479938,0.44013244243172583,0.40571541677450174,0.551824063758601,47
Shakardara,Afghanistan,Kabul,34.65,69.03,highland_irrigated,2019-06-10,2019-06-26,0.0987595797073829,0.09107228165979032,0.08481333923646213,-0.0736378552561769,44
Kama,Afghanistan,Nangarhar,34.42,70.55,lowland_irrigated,2019-06-10,2019-06-26,0.670861671392393,0.454006971495443,0.4379456203297865,0.3029649578520562,47
Dawlatabad,Afghanistan,Balkh,36.85,66.85,plains_irrigated,2019-06-10,2019-06-26,0.15356093342206983,0.13619683513113912,0.12398480834539351,-0.03971299536537072,50
Injil,Afghanistan,Herat,34.28,62.15,plains_irrigated,2019-06-10,2019-06-26,0.1375004194037811,0.12706931291706086,0.11848675890501338,-0.023173866327306246,47
Arghandab,Afghanistan,Kandahar,31.72,65.65,arid_irrigated,2019-06-10,2019-06-26,0.24861338027483115,0.20570185771590516,0.19345645125806413,0.0036045804645538936,47
Khanabad,Afghanistan,Kunduz,36.65,68.95,plains_irrigated,2019-06-10,2019-06-26,0.09428785177343023,0.08123291489472961,0.0791963108626357,-0.11980293840111281,44
Faizabad,Afghanistan,Badakhshan,37.1,70.55,highland_rainfed,2019-06-10,2019-06-26,0.2702388871181225,0.21886963045150118,0.196476251935324,0.05338756238937182,49
NadAli,Afghanistan,Helmand,31.55,64.25,arid_irrigated,2019-06-10,2019-06-26,0.16108228404664282,0.13908305355355027,0.1373094354988636,-0.023343524530891384,46
GhazniCity,Afghanistan,Ghazni,33.55,68.42,highland_rainfed,2019-06-10,2019-06-26,0.08093875587797163,0.09385091583509124,0.06952714016109611,-0.05779088082722993,46
Maimana,Afghanistan,Faryab,35.92,64.78,plains_rainfed,2019-06-10,2019-06-26,0.2619357784927295,0.21065020849331254,0.1920803359913206,-0.020722767622621683,48
Chaghcharan,Afghanistan,Ghor,34.52,65.25,highland_rainfed,2019-06-10,2019-06-26,0.17911042458060736,0.1727350224155686,0.1555028102282574,-0.005413656504379218,47
Zaranj,Afghanistan,Nimroz,31,61.87,arid_irrigated,2019-06-10,2019-06-26,0.13747209441512143,0.1407523351684481,0.12132027433276482,-0.022970438965526203,46
Dronten,Netherlands,Flevoland,52.53,5.72,temperate_arable,2019-06-10,2019-06-26,0.22418487107589385,0.16136560100192676,0.13727443877127565,-0.040517754490570344,63
Veendam,Netherlands,Groningen,53.1,6.87,temperate_arable,2019-06-10,2019-06-26,0.5974639923791846,0.40864064255982563,0.36646526770616467,0.11920765497495951,62
Sneek,Netherlands,Friesland,53.03,5.65,temperate_dairy_pasture,2019-06-10,2019-06-26,0.5156512918432531,0.42085682920049955,0.35211890496312825,0.13854484209237197,64
Goes,Netherlands,Zeeland,51.5,3.9,temperate_arable,2019-06-10,2019-06-26,0.2912193079873219,0.24394716503588143,0.20475185983022162,0.04584681625773124,41
Uden,Netherlands,Noord-Brabant,51.66,5.62,temperate_dairy_pasture,2019-06-10,2019-06-26,0.5648219637248825,0.4041533102986175,0.35610374852432136,0.13061186455546508,61
Tiel,Netherlands,Gelderland,51.9,5.6,temperate_horticulture,2019-06-10,2019-06-26,-0.23310908604122346,-0.06555959057598412,-0.06021707841660519,0.2618359171152424,60
Almelo,Netherlands,Overijssel,52.35,6.6,temperate_dairy_pasture,2019-06-10,2019-06-26,0.7935299650625619,0.7713558722909749,0.6140580238034521,0.3315753017072182,62
Venlo,Netherlands,Limburg,51.37,6.17,temperate_horticulture,2019-06-10,2019-06-26,0.19569346385962597,0.11068770091883803,0.09265331981219851,-0.12213719607398238,56
Wieringermeer,Netherlands,Noord-Holland,52.85,5,temperate_arable,2019-06-10,2019-06-26,0.7080643300114221,0.582625277976383,0.5086698588067146,0.3024303877707131,62
Emmen,Netherlands,Drenthe,52.75,6.85,temperate_arable,2019-06-10,2019-06-26,0.7460306983185427,0.6571190380715941,0.5494056623474664,0.3653991971270186,59
Bunnik,Netherlands,Utrecht,52.05,5.2,temperate_dairy_pasture,2019-06-10,2019-06-26,0.8291787163378204,0.979471755574715,0.7124668297739221,0.4435379346081671,56
Alblasserdam,Netherlands,Zuid-Holland,51.87,4.67,temperate_dairy_pasture,2019-06-10,2019-06-26,0.3064332551267145,0.21818808235249149,0.18499203016122487,0.029901603554530577,58
Ashburton,New Zealand,Canterbury,-43.9,171.75,maritime_arable,2019-06-10,2019-06-26,0.7271848623256311,0.23170113271500167,0.2394351273947713,0.22345525352688586,53
Hamilton,New Zealand,Waikato,-37.78,175.28,maritime_dairy_pasture,2019-06-10,2019-06-26,0.6167706115679306,0.21165734162564467,0.215685433808569,0.13645365760047956,48
PalmerstonN,New Zealand,Manawatu,-40.35,175.61,maritime_dairy_pasture,2019-06-10,2019-06-26,0.47103170520651594,0.3064103946631059,0.27269314668927225,0.1861339519452592,48
Hastings,New Zealand,HawkesBay,-39.64,176.84,maritime_horticulture,2019-06-10,2019-06-26,0.03140860253107824,0.007511834991309543,0.013326847129798574,-0.09885602273360818,42
Balclutha,New Zealand,Otago,-46.23,169.75,maritime_arable,2019-06-10,2019-06-26,0.3224572506930219,0.19964821651753895,0.16039773223654316,0.14801727193715009,13
TePuke,New Zealand,BayOfPlenty,-37.78,176.32,maritime_horticulture,2019-06-10,2019-06-26,0.4787901601509826,0.29808023599788436,0.25533539371281283,0.1663590822983073,51
Stratford,New Zealand,Taranaki,-39.34,174.28,maritime_dairy_pasture,2019-06-10,2019-06-26,0.5924874155608136,0.38745286840481474,0.36812266840360225,0.20936300684143935,50
Blenheim,New Zealand,Marlborough,-41.51,173.96,maritime_horticulture,2019-06-10,2019-06-26,0.1384812650215148,0.06453905374989534,0.060059096481000496,-0.025557031956583296,51
Masterton,New Zealand,Wairarapa,-40.96,175.66,maritime_arable,2019-06-10,2019-06-26,0.632758965095937,0.3408619754844293,0.3322520261848924,0.17596777534229197,51
Kerikeri,New Zealand,Northland,-35.22,173.95,maritime_horticulture,2019-06-10,2019-06-26,0.8424887515454392,0.5387702598984044,0.4991457203597964,0.5019429422021184,47
Motueka,New Zealand,Tasman,-41.11,173,maritime_horticulture,2019-06-10,2019-06-26,0.5222940108733528,0.28352972837161833,0.28787610739474295,0.08554502647508726,51
Shakardara,Afghanistan,Kabul,34.65,69.03,highland_irrigated,2019-06-26,2019-07-12,0.0967298898496316,0.08885614920855346,0.0832035212223847,-0.07800935564061479,44
Kama,Afghanistan,Nangarhar,34.42,70.55,lowland_irrigated,2019-06-26,2019-07-12,0.7372813424645781,0.4917981493798591,0.4796795657471797,0.3226361287386603,47
Dawlatabad,Afghanistan,Balkh,36.85,66.85,plains_irrigated,2019-06-26,2019-07-12,0.2080952456535327,0.20293747643698484,0.17795254573425667,0.013554375045338997,50
Injil,Afghanistan,Herat,34.28,62.15,plains_irrigated,2019-06-26,2019-07-12,0.11050223576088017,0.0987506463680968,0.0913890485959166,-0.027393392754601096,47
Arghandab,Afghanistan,Kandahar,31.72,65.65,arid_irrigated,2019-06-26,2019-07-12,0.2388239212182321,0.2037223775016588,0.19050999514904518,0.0031614221504064448,47
Khanabad,Afghanistan,Kunduz,36.65,68.95,plains_irrigated,2019-06-26,2019-07-12,0.08680448198453156,0.07418817744028958,0.07305861261328209,-0.1210938264723036,44
Faizabad,Afghanistan,Badakhshan,37.1,70.55,highland_rainfed,2019-06-26,2019-07-12,0.24208009154877924,0.17989290855262738,0.16723924659248401,0.0555292615604189,49
NadAli,Afghanistan,Helmand,31.55,64.25,arid_irrigated,2019-06-26,2019-07-12,0.21914454300545938,0.18382688602402078,0.18337708083197357,0.008900185007664528,46
GhazniCity,Afghanistan,Ghazni,33.55,68.42,highland_rainfed,2019-06-26,2019-07-12,0.08563338262435502,0.09341971084390972,0.07134930481049853,-0.06138544893683488,46
Maimana,Afghanistan,Faryab,35.92,64.78,plains_rainfed,2019-06-26,2019-07-12,0.24468432606524423,0.19358980237730136,0.1783067547188831,-0.032671158557983755,48
Chaghcharan,Afghanistan,Ghor,34.52,65.25,highland_rainfed,2019-06-26,2019-07-12,0.17617017163645177,0.16544302634390604,0.15074092153212965,-0.012480760739451171,47
Zaranj,Afghanistan,Nimroz,31,61.87,arid_irrigated,2019-06-26,2019-07-12,0.1366201850991429,0.137256137169561,0.12107899714310363,-0.021314411533353422,46
Dronten,Netherlands,Flevoland,52.53,5.72,temperate_arable,2019-06-26,2019-07-12,0.2063525577297515,0.16044267094139114,0.13596045729259273,-0.02873210690276258,63
Veendam,Netherlands,Groningen,53.1,6.87,temperate_arable,2019-06-26,2019-07-12,0.5903829956630279,0.41065985681239475,0.36349689525250034,0.13646580721800056,62
Sneek,Netherlands,Friesland,53.03,5.65,temperate_dairy_pasture,2019-06-26,2019-07-12,0.5277889573696055,0.3720270276612784,0.3248726371209206,0.10327976105865917,64
Goes,Netherlands,Zeeland,51.5,3.9,temperate_arable,2019-06-26,2019-07-12,0.1801838360010193,0.15165449332883568,0.13323826135400807,-0.038942297551637674,62
Uden,Netherlands,Noord-Brabant,51.66,5.62,temperate_dairy_pasture,2019-06-26,2019-07-12,0.4837258444892323,0.32809917378826464,0.29181985763932494,0.08769105395282108,62
Tiel,Netherlands,Gelderland,51.9,5.6,temperate_horticulture,2019-06-26,2019-07-12,-0.23552287392583074,-0.047168533354473,-0.04610942804319952,0.1394796353914401,60
Almelo,Netherlands,Overijssel,52.35,6.6,temperate_dairy_pasture,2019-06-26,2019-07-12,0.4914800996598724,0.36270051147380233,0.35238199894008915,0.0012661469068137963,62
Venlo,Netherlands,Limburg,51.37,6.17,temperate_horticulture,2019-06-26,2019-07-12,0.18258434008049895,0.09027549412504282,0.08589583102908757,-0.17152114823290285,58
Wieringermeer,Netherlands,Noord-Holland,52.85,5,temperate_arable,2019-06-26,2019-07-12,0.7982947699118663,0.7958357189560339,0.6513848857417328,0.3943979122868429,62
Emmen,Netherlands,Drenthe,52.75,6.85,temperate_arable,2019-06-26,2019-07-12,0.41325521433191503,0.43645170052529303,0.30354613915295486,0.1723091374779142,58
Bunnik,Netherlands,Utrecht,52.05,5.2,temperate_dairy_pasture,2019-06-26,2019-07-12,0.5886351569927332,0.4688305389799368,0.3973442537767342,0.1637607846847305,56
Alblasserdam,Netherlands,Zuid-Holland,51.87,4.67,temperate_dairy_pasture,2019-06-26,2019-07-12,0.32663176634481955,0.24638586316325065,0.2042016325870337,0.07823033183190548,58
Ashburton,New Zealand,Canterbury,-43.9,171.75,maritime_arable,2019-06-26,2019-07-12,0.6783143001468092,0.2136454191628446,0.22415720530180164,0.1679619471749138,53
Hamilton,New Zealand,Waikato,-37.78,175.28,maritime_dairy_pasture,2019-06-26,2019-07-12,0.4781485332819382,0.1936713420426865,0.19614244659445468,0.14257698061026444,48
Gore,New Zealand,Southland,-46.1,168.95,maritime_dairy_pasture,2019-06-26,2019-07-12,0.15471026640362906,0.1377986879648937,0.128283824839322,0.22664216308356455,44
PalmerstonN,New Zealand,Manawatu,-40.35,175.61,maritime_dairy_pasture,2019-06-26,2019-07-12,0.5239672918879914,0.3312792539921267,0.29925327282948283,0.18332853819306208,39
Hastings,New Zealand,HawkesBay,-39.64,176.84,maritime_horticulture,2019-06-26,2019-07-12,0.05252032179792206,0.02494472652092593,0.024321664632396316,-0.09356577978607722,39
Balclutha,New Zealand,Otago,-46.23,169.75,maritime_arable,2019-06-26,2019-07-12,0.39635811173898533,0.2452486044076951,0.2021313224005521,0.10252688186743582,52
TePuke,New Zealand,BayOfPlenty,-37.78,176.32,maritime_horticulture,2019-06-26,2019-07-12,0.4733525022489792,0.3495979251210601,0.28564691527690855,0.1622927320960015,51
Stratford,New Zealand,Taranaki,-39.34,174.28,maritime_dairy_pasture,2019-06-26,2019-07-12,0.5491094799491514,0.37609923955045016,0.3493787057843833,0.15877081545311403,50
Blenheim,New Zealand,Marlborough,-41.51,173.96,maritime_horticulture,2019-06-26,2019-07-12,0.13467857481038803,0.06612022227973338,0.06372446487235955,-0.052495352415522764,51
Masterton,New Zealand,Wairarapa,-40.96,175.66,maritime_arable,2019-06-26,2019-07-12,0.5960754802898237,0.35643703402889565,0.3313645140427017,0.15190816186100256,51
Kerikeri,New Zealand,Northland,-35.22,173.95,maritime_horticulture,2019-06-26,2019-07-12,0.8437709885243422,0.5216506126354464,0.48195104288818136,0.526363369217313,47
Motueka,New Zealand,Tasman,-41.11,173,maritime_horticulture,2019-06-26,2019-07-12,0.4608526177879067,0.28007626871867114,0.26903050348788654,0.11252247939393858,51
Shakardara,Afghanistan,Kabul,34.65,69.03,highland_irrigated,2019-07-12,2019-07-28,0.09892240160436694,0.09125848217676269,0.08524373925993942,-0.08412787387633286,44
Kama,Afghanistan,Nangarhar,34.42,70.55,lowland_irrigated,2019-07-12,2019-07-28,0.5763504449011163,0.43801197678398346,0.3575664565890355,0.25903450444915954,47
Dawlatabad,Afghanistan,Balkh,36.85,66.85,plains_irrigated,2019-07-12,2019-07-28,0.27152283172101394,0.2676301872123548,0.23088492626004548,0.05938906955214626,50
Injil,Afghanistan,Herat,34.28,62.15,plains_irrigated,2019-07-12,2019-07-28,0.09287948116646315,0.08233961780644804,0.07699236757432747,-0.03243178221918768,47
Arghandab,Afghanistan,Kandahar,31.72,65.65,arid_irrigated,2019-07-12,2019-07-28,0.20877053873874743,0.1789224983927169,0.17119038455608912,-0.010731965250589467,47
Khanabad,Afghanistan,Kunduz,36.65,68.95,plains_irrigated,2019-07-12,2019-07-28,0.09124064934942472,0.07864749047135373,0.07681859517162386,-0.11255625373827927,44
Faizabad,Afghanistan,Badakhshan,37.1,70.55,highland_rainfed,2019-07-12,2019-07-28,0.23696475827383934,0.17968104759533873,0.1665399057828785,0.06322218494307646,49
NadAli,Afghanistan,Helmand,31.55,64.25,arid_irrigated,2019-07-12,2019-07-28,0.2718322231226894,0.2423417771667908,0.22825099316852657,0.03985392633148595,46
GhazniCity,Afghanistan,Ghazni,33.55,68.42,highland_rainfed,2019-07-12,2019-07-28,0.08872614150190551,0.08932922046666453,0.07171825077767591,-0.07421201059735258,46
Maimana,Afghanistan,Faryab,35.92,64.78,plains_rainfed,2019-07-12,2019-07-28,0.24245249955912582,0.18206668218203056,0.17345146668680547,-0.04986101797186398,48
Chaghcharan,Afghanistan,Ghor,34.52,65.25,highland_rainfed,2019-07-12,2019-07-28,0.18168542205836247,0.16734452149603457,0.15409602771745012,-0.015680970135074936,47
Zaranj,Afghanistan,Nimroz,31,61.87,arid_irrigated,2019-07-12,2019-07-28,0.13596410107031387,0.13615894745167567,0.12127245456537011,-0.020205208634501294,46
Dronten,Netherlands,Flevoland,52.53,5.72,temperate_arable,2019-07-12,2019-07-28,0.20907395001652565,0.14916222433711745,0.13032125630959762,-0.048440991530815145,63
Veendam,Netherlands,Groningen,53.1,6.87,temperate_arable,2019-07-12,2019-07-28,0.5370417147458681,0.37297900374485043,0.3122045403963383,0.08692053294212439,62
Sneek,Netherlands,Friesland,53.03,5.65,temperate_dairy_pasture,2019-07-12,2019-07-28,0.4871966510868049,0.3697217691723171,0.3121821136427833,0.06923500992206184,64
Goes,Netherlands,Zeeland,51.5,3.9,temperate_arable,2019-07-12,2019-07-28,0.22660032342028494,0.2427619443066333,0.17106917682057743,0.01939386711288224,62
Uden,Netherlands,Noord-Brabant,51.66,5.62,temperate_dairy_pasture,2019-07-12,2019-07-28,0.41456713885760277,0.28795124044875,0.2474718530805626,0.019650221260880566,62
Tiel,Netherlands,Gelderland,51.9,5.6,temperate_horticulture,2019-07-12,2019-07-28,-0.24513981957469225,-0.03925863509775921,-0.037598261275804824,0.03696832774249521,55
Almelo,Netherlands,Overijssel,52.35,6.6,temperate_dairy_pasture,2019-07-12,2019-07-28,0.6106256091941709,0.431002788577399,0.40253879251853747,0.04256118397020706,62
Venlo,Netherlands,Limburg,51.37,6.17,temperate_horticulture,2019-07-12,2019-07-28,0.0768182823340737,0.041536925596532506,0.034562200134774235,0.03315419729020394,58
Wieringermeer,Netherlands,Noord-Holland,52.85,5,temperate_arable,2019-07-12,2019-07-28,0.7397491823582164,0.6535610732494725,0.5655637280565734,0.33376700655552416,62
Emmen,Netherlands,Drenthe,52.75,6.85,temperate_arable,2019-07-12,2019-07-28,0.6668523852380366,0.5707573621773029,0.4648937430562966,0.18636093543412768,59
Bunnik,Netherlands,Utrecht,52.05,5.2,temperate_dairy_pasture,2019-07-12,2019-07-28,0.8060973195691589,0.7206426846189052,0.5906305075524196,0.30632516723780867,56
Alblasserdam,Netherlands,Zuid-Holland,51.87,4.67,temperate_dairy_pasture,2019-07-12,2019-07-28,0.3249481974735943,0.21771670820669153,0.19436736403068744,0.024981608799559168,58
Hamilton,New Zealand,Waikato,-37.78,175.28,maritime_dairy_pasture,2019-07-12,2019-07-28,0.2655315053098661,0.18091322037671184,0.14464513001325915,0.10114475012043359,48
Gore,New Zealand,Southland,-46.1,168.95,maritime_dairy_pasture,2019-07-12,2019-07-28,0.03074490086365822,0.06890598360287016,0.054433280094182704,0.08754612324351035,54
PalmerstonN,New Zealand,Manawatu,-40.35,175.61,maritime_dairy_pasture,2019-07-12,2019-07-28,0.5766248156544296,0.30963666695334585,0.29363630706865856,0.23352350071662553,29
Hastings,New Zealand,HawkesBay,-39.64,176.84,maritime_horticulture,2019-07-12,2019-07-28,0.06367702311041486,0.04512355549894727,0.03428686686664702,-0.07736776810968693,45
Balclutha,New Zealand,Otago,-46.23,169.75,maritime_arable,2019-07-12,2019-07-28,0.4083451915243568,0.2292994973636237,0.19394576808331893,0.12190065793918678,52
TePuke,New Zealand,BayOfPlenty,-37.78,176.32,maritime_horticulture,2019-07-12,2019-07-28,0.5340986629384914,0.28922685467323983,0.26865488397802173,0.17112491214342695,49
Blenheim,New Zealand,Marlborough,-41.51,173.96,maritime_horticulture,2019-07-12,2019-07-28,0.11718435568707834,0.0686239445680108,0.05643911400863866,-0.004906751260514028,51
Masterton,New Zealand,Wairarapa,-40.96,175.66,maritime_arable,2019-07-12,2019-07-28,0.5884431786614106,0.3929413062326343,0.359999803048748,0.1461716048171396,51
Kerikeri,New Zealand,Northland,-35.22,173.95,maritime_horticulture,2019-07-12,2019-07-28,0.8727916278108789,0.49454850768791786,0.4724188625813093,0.528895849457536,47
Motueka,New Zealand,Tasman,-41.11,173,maritime_horticulture,2019-07-12,2019-07-28,0.24974800104444672,0.2279456274388285,0.16552759204493325,0.20863186234671374,5
Shakardara,Afghanistan,Kabul,34.65,69.03,highland_irrigated,2019-07-28,2019-08-13,0.09442027799779984,0.08615274085331044,0.08136193832907342,-0.07834837347842839,44
Kama,Afghanistan,Nangarhar,34.42,70.55,lowland_irrigated,2019-07-28,2019-08-13,0.7217905771192223,0.5407808601465787,0.4597166378903735,0.32604242019592977,47
Dawlatabad,Afghanistan,Balkh,36.85,66.85,plains_irrigated,2019-07-28,2019-08-13,0.27111473644597045,0.2651058973951933,0.22904451600424572,0.06638697777103333,50
Injil,Afghanistan,Herat,34.28,62.15,plains_irrigated,2019-07-28,2019-08-13,0.0906385995028492,0.07733415690969424,0.07327956598738415,-0.03468353028995585,47
Arghandab,Afghanistan,Kandahar,31.72,65.65,arid_irrigated,2019-07-28,2019-08-13,0.13971243645565654,0.119491965997817,0.11793281593736327,-0.048266587493596656,47
Khanabad,Afghanistan,Kunduz,36.65,68.95,plains_irrigated,2019-07-28,2019-08-13,0.08819807635657087,0.07437070293601178,0.07410222716708548,-0.11795484726551733,44
Faizabad,Afghanistan,Badakhshan,37.1,70.55,highland_rainfed,2019-07-28,2019-08-13,0.22735880631555658,0.16766922217874694,0.1589157373092001,0.03292957658829054,49
NadAli,Afghanistan,Helmand,31.55,64.25,arid_irrigated,2019-07-28,2019-08-13,0.2764212267647929,0.2448840985402408,0.2283031078833122,0.04784469640909682,46
GhazniCity,Afghanistan,Ghazni,33.55,68.42,highland_rainfed,2019-07-28,2019-08-13,0.08460572066386965,0.08826053765204032,0.06850996825486265,-0.06925177216060538,46
Maimana,Afghanistan,Faryab,35.92,64.78,plains_rainfed,2019-07-28,2019-08-13,0.2250582399797431,0.16679494511435722,0.15850483631652526,-0.0487577156096564,48
Chaghcharan,Afghanistan,Ghor,34.52,65.25,highland_rainfed,2019-07-28,2019-08-13,0.18378118433915752,0.1649616323457252,0.15191081800024803,-0.00880343440437127,47
Zaranj,Afghanistan,Nimroz,31,61.87,arid_irrigated,2019-07-28,2019-08-13,0.1389803720006531,0.14048165073617305,0.12348465973535244,-0.018318955033505686,46
Dronten,Netherlands,Flevoland,52.53,5.72,temperate_arable,2019-07-28,2019-08-13,0.20523576574914043,0.17827533009575794,0.13197928964154793,-0.009532237337502381,63
Veendam,Netherlands,Groningen,53.1,6.87,temperate_arable,2019-07-28,2019-08-13,0.5617056905604086,0.3491699507834286,0.3146919781599049,0.09133581003143788,62
Sneek,Netherlands,Friesland,53.03,5.65,temperate_dairy_pasture,2019-07-28,2019-08-13,0.46805771183798905,0.2871618142720635,0.268096700029933,-0.0032306453180837177,64
Goes,Netherlands,Zeeland,51.5,3.9,temperate_arable,2019-07-28,2019-08-13,0.31325834423747106,0.26016490081680516,0.22151470631121928,0.03007473896083526,62
Uden,Netherlands,Noord-Brabant,51.66,5.62,temperate_dairy_pasture,2019-07-28,2019-08-13,0.40861382404757746,0.21167424159247825,0.2073075952876064,-0.0019452666520450256,62
Tiel,Netherlands,Gelderland,51.9,5.6,temperate_horticulture,2019-07-28,2019-08-13,-0.210231284391366,-0.04719980649763998,-0.04646695724429395,0.12404506253778502,60
Almelo,Netherlands,Overijssel,52.35,6.6,temperate_dairy_pasture,2019-07-28,2019-08-13,0.4972532187116472,0.32851418442619457,0.2944071165016437,0.06745924161239175,62
Venlo,Netherlands,Limburg,51.37,6.17,temperate_horticulture,2019-07-28,2019-08-13,0.20277183653800457,0.11216167149714483,0.10146181673295139,-0.09594832702882958,58
Wieringermeer,Netherlands,Noord-Holland,52.85,5,temperate_arable,2019-07-28,2019-08-13,0.7224788342763827,0.6600295626764917,0.5425989246198842,0.3192779023921003,62
Emmen,Netherlands,Drenthe,52.75,6.85,temperate_arable,2019-07-28,2019-08-13,0.796874766774767,0.6980460027168233,0.5795318991912962,0.2592985190674277,59
Bunnik,Netherlands,Utrecht,52.05,5.2,temperate_dairy_pasture,2019-07-28,2019-08-13,0.7971257902656156,0.6095762962706438,0.4981222624576228,0.4194667415165804,56
Alblasserdam,Netherlands,Zuid-Holland,51.87,4.67,temperate_dairy_pasture,2019-07-28,2019-08-13,0.3185022015315268,0.21738518255878334,0.1865036037049107,0.03567536155390234,58
Ashburton,New Zealand,Canterbury,-43.9,171.75,maritime_arable,2019-07-28,2019-08-13,0.7571424109847644,0.2842857272006085,0.2976982740706639,0.282274859277561,37
Hamilton,New Zealand,Waikato,-37.78,175.28,maritime_dairy_pasture,2019-07-28,2019-08-13,0.4997007631198251,0.2582216628888594,0.24621238353597888,0.20298803888092778,39
Gore,New Zealand,Southland,-46.1,168.95,maritime_dairy_pasture,2019-07-28,2019-08-13,0.2398325079075568,0.18336986157611923,0.1434165428299562,0.06041963580691769,31
PalmerstonN,New Zealand,Manawatu,-40.35,175.61,maritime_dairy_pasture,2019-07-28,2019-08-13,0.5451426815446869,0.3747156134732373,0.3327297547826588,0.1754602404134838,40
Hastings,New Zealand,HawkesBay,-39.64,176.84,maritime_horticulture,2019-07-28,2019-08-13,0.07960896152666251,0.05049988372590599,0.04205704422547009,-0.08616324645033248,45
Balclutha,New Zealand,Otago,-46.23,169.75,maritime_arable,2019-07-28,2019-08-13,0.46011249021042216,0.2852546181228452,0.24834615873504434,0.13831230855184,52
TePuke,New Zealand,BayOfPlenty,-37.78,176.32,maritime_horticulture,2019-07-28,2019-08-13,0.5418867031451593,0.31700490812732984,0.2904075808637674,0.17054065902990795,51
Stratford,New Zealand,Taranaki,-39.34,174.28,maritime_dairy_pasture,2019-07-28,2019-08-13,0.5554294040069677,0.3858511848079255,0.3552567716933139,0.17773861523828344,50
Blenheim,New Zealand,Marlborough,-41.51,173.96,maritime_horticulture,2019-07-28,2019-08-13,0.12052846812065589,0.0633040650700396,0.06061791138365649,-0.047727812479554765,51
Masterton,New Zealand,Wairarapa,-40.96,175.66,maritime_arable,2019-07-28,2019-08-13,0.5411833130255904,0.2997588919416836,0.28983592442838224,0.197229778592093,51
Kerikeri,New Zealand,Northland,-35.22,173.95,maritime_horticulture,2019-07-28,2019-08-13,0.788720461679793,0.5125440901502522,0.46324669565007687,0.4687717464776374,47
Motueka,New Zealand,Tasman,-41.11,173,maritime_horticulture,2019-07-28,2019-08-13,0.5329822816337213,0.3107321135396379,0.30338234232788314,0.15955957462422557,51
Shakardara,Afghanistan,Kabul,34.65,69.03,highland_irrigated,2019-08-13,2019-08-29,0.10231355021361771,0.09086979064014432,0.08631142922262877,-0.08364534731168394,44
Kama,Afghanistan,Nangarhar,34.42,70.55,lowland_irrigated,2019-08-13,2019-08-29,0.8099403693286898,0.5537248348358699,0.5158029387309974,0.371704205171383,47
Dawlatabad,Afghanistan,Balkh,36.85,66.85,plains_irrigated,2019-08-13,2019-08-29,0.28042685389819705,0.26670515560825714,0.23432450152214837,0.06863262309766789,50
Injil,Afghanistan,Herat,34.28,62.15,plains_irrigated,2019-08-13,2019-08-29,0.11414395692737887,0.09791044653386831,0.09191660172873856,-0.013164598609579869,47
Arghandab,Afghanistan,Kandahar,31.72,65.65,arid_irrigated,2019-08-13,2019-08-29,0.09994793368787365,0.08934948554483164,0.08901509732386328,-0.06112728374092852,47
Khanabad,Afghanistan,Kunduz,36.65,68.95,plains_irrigated,2019-08-13,2019-08-29,0.09094031019012357,0.07769787195547792,0.07696815242113629,-0.10372575371201224,44
Faizabad,Afghanistan,Badakhshan,37.1,70.55,highland_rainfed,2019-08-13,2019-08-29,0.22105461347693633,0.16219402633595473,0.1581054858922002,0.02045032721987306,49
NadAli,Afghanistan,Helmand,31.55,64.25,arid_irrigated,2019-08-13,2019-08-29,0.282633420194263,0.24140045100835067,0.2252809132947824,0.049991198423933667,46
GhazniCity,Afghanistan,Ghazni,33.55,68.42,highland_rainfed,2019-08-13,2019-08-29,0.09061461915516182,0.09310887336423078,0.07344909330128534,-0.058186112940008874,46
Maimana,Afghanistan,Faryab,35.92,64.78,plains_rainfed,2019-08-13,2019-08-29,0.23476317011150657,0.17093158084848986,0.16228663793138054,-0.03048911024372469,48
Chaghcharan,Afghanistan,Ghor,34.52,65.25,highland_rainfed,2019-08-13,2019-08-29,0.18993636627531102,0.16903923362937764,0.1559172623181019,-0.0028191188325218056,47
Zaranj,Afghanistan,Nimroz,31,61.87,arid_irrigated,2019-08-13,2019-08-29,0.1622525589615358,0.16209509528424124,0.1428734799182384,0.0027585756443532683,46
Dronten,Netherlands,Flevoland,52.53,5.72,temperate_arable,2019-08-13,2019-08-29,0.24886838988570967,0.1771299843502391,0.15313373282641302,-0.032362849780037416,63
Veendam,Netherlands,Groningen,53.1,6.87,temperate_arable,2019-08-13,2019-08-29,0.5880870519702299,0.3617436542304806,0.32535106483324366,0.14306135817097407,62
Sneek,Netherlands,Friesland,53.03,5.65,temperate_dairy_pasture,2019-08-13,2019-08-29,0.535492193286726,0.3579353739454369,0.31317625866005294,0.0775130839454719,64
Goes,Netherlands,Zeeland,51.5,3.9,temperate_arable,2019-08-13,2019-08-29,0.3601472722102264,0.3387455121719593,0.2627167884167834,0.13456550546077792,62
Uden,Netherlands,Noord-Brabant,51.66,5.62,temperate_dairy_pasture,2019-08-13,2019-08-29,0.48689972715773894,0.2847819799515625,0.26217279271094696,0.01699846613467518,62
Tiel,Netherlands,Gelderland,51.9,5.6,temperate_horticulture,2019-08-13,2019-08-29,-0.37495394486588884,-0.05952228961371845,-0.05752711099165438,0.1098164540303859,60
Almelo,Netherlands,Overijssel,52.35,6.6,temperate_dairy_pasture,2019-08-13,2019-08-29,0.7695957665574058,0.6548191701877272,0.5490629863740927,0.21283799626366934,62
Venlo,Netherlands,Limburg,51.37,6.17,temperate_horticulture,2019-08-13,2019-08-29,0.19539236799586107,0.08497574885737431,0.08272289598175575,-0.1585385162828294,58
Wieringermeer,Netherlands,Noord-Holland,52.85,5,temperate_arable,2019-08-13,2019-08-29,0.17611670643897964,0.12375702321772107,0.11462146971758885,-0.10728263027315885,62
Emmen,Netherlands,Drenthe,52.75,6.85,temperate_arable,2019-08-13,2019-08-29,0.7654648574949817,0.8346881145436885,0.6186773759574866,0.4098460681643551,59
Bunnik,Netherlands,Utrecht,52.05,5.2,temperate_dairy_pasture,2019-08-13,2019-08-29,0.7334127054311629,0.6429213696746315,0.5285711575718164,0.22098408357498928,56
Alblasserdam,Netherlands,Zuid-Holland,51.87,4.67,temperate_dairy_pasture,2019-08-13,2019-08-29,0.3617364327422952,0.2384327326727762,0.21082073321530165,0.05862779598543489,58
Ashburton,New Zealand,Canterbury,-43.9,171.75,maritime_arable,2019-08-13,2019-08-29,0.8505029117091547,0.30702341002340866,0.3216004710209983,0.3105039301547855,35
Hamilton,New Zealand,Waikato,-37.78,175.28,maritime_dairy_pasture,2019-08-13,2019-08-29,0.5019372119524478,0.28916262254526226,0.2678548120217189,0.199745473256907,39
Gore,New Zealand,Southland,-46.1,168.95,maritime_dairy_pasture,2019-08-13,2019-08-29,0.3614369051502278,0.2202547896867903,0.19990303037854165,0.06030676236584792,51
PalmerstonN,New Zealand,Manawatu,-40.35,175.61,maritime_dairy_pasture,2019-08-13,2019-08-29,0.4212853925749317,0.3136945427446777,0.2581459072629775,0.15946500824734897,48
Hastings,New Zealand,HawkesBay,-39.64,176.84,maritime_horticulture,2019-08-13,2019-08-29,0.07373614306265144,0.0369458588698522,0.034755823467483696,-0.09153532656970033,49
Balclutha,New Zealand,Otago,-46.23,169.75,maritime_arable,2019-08-13,2019-08-29,0.4220729306585682,0.23451265113013917,0.21810284027526408,0.08720189673210632,52
TePuke,New Zealand,BayOfPlenty,-37.78,176.32,maritime_horticulture,2019-08-13,2019-08-29,0.5346861288517417,0.33021254816594586,0.2923291049256857,0.16765909715533214,51
Stratford,New Zealand,Taranaki,-39.34,174.28,maritime_dairy_pasture,2019-08-13,2019-08-29,0.5516103837724338,0.38398643532495225,0.34959318992856114,0.1777692995163034,50
Blenheim,New Zealand,Marlborough,-41.51,173.96,maritime_horticulture,2019-08-13,2019-08-29,0.11749580303080571,0.06518426547663463,0.05918294530834293,-0.05159965677594208,51
Masterton,New Zealand,Wairarapa,-40.96,175.66,maritime_arable,2019-08-13,2019-08-29,0.5887587183360808,0.3563400015304868,0.335137398262514,0.15070941353731185,51
Kerikeri,New Zealand,Northland,-35.22,173.95,maritime_horticulture,2019-08-13,2019-08-29,0.8242726442182349,0.4923748380693938,0.4611903043735078,0.47983082442206654,47
Motueka,New Zealand,Tasman,-41.11,173,maritime_horticulture,2019-08-13,2019-08-29,0.5177397539379882,0.30407528108096155,0.3004086511524362,0.1403022520015866,51
Shakardara,Afghanistan,Kabul,34.65,69.03,highland_irrigated,2019-08-29,2019-09-14,0.10782378500790016,0.09268928183372116,0.08862383717964738,-0.08321683920047196,44
Kama,Afghanistan,Nangarhar,34.42,70.55,lowland_irrigated,2019-08-29,2019-09-14,0.7537727906259741,0.5220595529132754,0.4803948991990413,0.331596526495985,47
Dawlatabad,Afghanistan,Balkh,36.85,66.85,plains_irrigated,2019-08-29,2019-09-14,0.2739510054840527,0.2525124305147085,0.22735601430250477,0.06898513348687221,50
Injil,Afghanistan,Herat,34.28,62.15,plains_irrigated,2019-08-29,2019-09-14,0.11458677122877596,0.09429609544563063,0.09008459642873866,-0.01431520134573349,47
Arghandab,Afghanistan,Kandahar,31.72,65.65,arid_irrigated,2019-08-29,2019-09-14,0.0863173671445017,0.07570905339561465,0.07652266074367028,-0.07081165997138993,47
Khanabad,Afghanistan,Kunduz,36.65,68.95,plains_irrigated,2019-08-29,2019-09-14,0.08123388768277609,0.07045600329441203,0.06724677247955255,-0.10618636777235879,44
Faizabad,Afghanistan,Badakhshan,37.1,70.55,highland_rainfed,2019-08-29,2019-09-14,0.2182818067747044,0.15733473154485653,0.15114323652364262,0.012990955655358585,49
NadAli,Afghanistan,Helmand,31.55,64.25,arid_irrigated,2019-08-29,2019-09-14,0.27756269303631437,0.21996166348553706,0.2176902169610829,0.04564210631092317,46
GhazniCity,Afghanistan,Ghazni,33.55,68.42,highland_rainfed,2019-08-29,2019-09-14,0.0914665684948545,0.09509787420374075,0.07498114923808097,-0.05511796880181259,46
Maimana,Afghanistan,Faryab,35.92,64.78,plains_rainfed,2019-08-29,2019-09-14,0.24018884345336144,0.15696491218744282,0.15877040141616833,-0.037231508963509664,48
Chaghcharan,Afghanistan,Ghor,34.52,65.25,highland_rainfed,2019-08-29,2019-09-14,0.17956522023570032,0.1536220733962965,0.14593744944746445,-0.024457881290495507,47
Zaranj,Afghanistan,Nimroz,31,61.87,arid_irrigated,2019-08-29,2019-09-14,0.15824006995236795,0.15644725265496026,0.14123157912138967,0.008126752332634232,46
Dronten,Netherlands,Flevoland,52.53,5.72,temperate_arable,2019-08-29,2019-09-14,0.2583927710483135,0.1902819594672877,0.16240485791705064,0.014364066817357055,62
Veendam,Netherlands,Groningen,53.1,6.87,temperate_arable,2019-08-29,2019-09-14,0.5855876400685727,0.3664730573497543,0.3265216552575617,0.16684385803799584,62
Sneek,Netherlands,Friesland,53.03,5.65,temperate_dairy_pasture,2019-08-29,2019-09-14,0.4855672784515493,0.3551013465363912,0.29455437675396,0.11430268396686104,64
Goes,Netherlands,Zeeland,51.5,3.9,temperate_arable,2019-08-29,2019-09-14,0.23114486564984293,0.1708363254437413,0.1215779504071788,0.2389816284797144,49
Uden,Netherlands,Noord-Brabant,51.66,5.62,temperate_dairy_pasture,2019-08-29,2019-09-14,0.32964217734108003,0.20683297011871513,0.17588679193308787,0.06408837661439347,57
Tiel,Netherlands,Gelderland,51.9,5.6,temperate_horticulture,2019-08-29,2019-09-14,0.01477447144359284,0.04136378590703703,0.02826076253190567,0.13530370266137534,60
Almelo,Netherlands,Overijssel,52.35,6.6,temperate_dairy_pasture,2019-08-29,2019-09-14,0.589424683197006,0.4130006843612302,0.34524268954623455,0.20348060469793747,62
Venlo,Netherlands,Limburg,51.37,6.17,temperate_horticulture,2019-08-29,2019-09-14,0.1647498581741538,0.1121549573110528,0.08934053382383678,-0.07749640145026959,58
Wieringermeer,Netherlands,Noord-Holland,52.85,5,temperate_arable,2019-08-29,2019-09-14,0.21005264828299092,0.14835904307256798,0.1300840709012411,-0.04523976334652648,62
Emmen,Netherlands,Drenthe,52.75,6.85,temperate_arable,2019-08-29,2019-09-14,0.823422010005395,0.8229648028047707,0.6579365073269632,0.4055954203220727,59
Bunnik,Netherlands,Utrecht,52.05,5.2,temperate_dairy_pasture,2019-08-29,2019-09-14,0.6453858064468321,0.5402419155390606,0.4483314071164228,0.1937271087294988,56
Alblasserdam,Netherlands,Zuid-Holland,51.87,4.67,temperate_dairy_pasture,2019-08-29,2019-09-14,0.3091738115840203,0.2622991684191432,0.20335134578690348,0.05110595653989518,58
Ashburton,New Zealand,Canterbury,-43.9,171.75,maritime_arable,2019-08-29,2019-09-14,0.7316117941921056,0.2591070501206813,0.27402058898426485,0.20659193771635767,53
Hamilton,New Zealand,Waikato,-37.78,175.28,maritime_dairy_pasture,2019-08-29,2019-09-14,0.43347104356969185,0.24439364931959234,0.20704477061547558,0.10039309635819606,46
Gore,New Zealand,Southland,-46.1,168.95,maritime_dairy_pasture,2019-08-29,2019-09-14,0.22328710671883123,0.14420900879980383,0.13822462130749183,0.015585669662732208,48
Balclutha,New Zealand,Otago,-46.23,169.75,maritime_arable,2019-08-29,2019-09-14,0.39505289642847785,0.2855871981067336,0.23771158060476894,0.09303853095513288,52
TePuke,New Zealand,BayOfPlenty,-37.78,176.32,maritime_horticulture,2019-08-29,2019-09-14,0.4713064275971547,0.2802106286366603,0.25293278852436923,0.15790423243295745,51
Stratford,New Zealand,Taranaki,-39.34,174.28,maritime_dairy_pasture,2019-08-29,2019-09-14,0.45817860770595265,0.33804968043848727,0.2758732725459582,0.16246782245393002,50
Blenheim,New Zealand,Marlborough,-41.51,173.96,maritime_horticulture,2019-08-29,2019-09-14,0.12753844723102106,0.06862729634299428,0.06334023255772454,-0.06460444004451707,51
Masterton,New Zealand,Wairarapa,-40.96,175.66,maritime_arable,2019-08-29,2019-09-14,0.5068070940853379,0.3891070360250352,0.3255773726672409,0.17111211598445333,51
Kerikeri,New Zealand,Northland,-35.22,173.95,maritime_horticulture,2019-08-29,2019-09-14,0.7641086635135469,0.516972059184025,0.44275060179704134,0.4545154298413476,47
Motueka,New Zealand,Tasman,-41.11,173,maritime_horticulture,2019-08-29,2019-09-14,0.5142176176493956,0.3215398757473078,0.3101789241710278,0.09168802573853864,51
Shakardara,Afghanistan,Kabul,34.65,69.03,highland_irrigated,2019-09-14,2019-09-30,0.10755434509642474,0.09090748329508803,0.08823176279715363,-0.08660242364329349,44
Kama,Afghanistan,Nangarhar,34.42,70.55,lowland_irrigated,2019-09-14,2019-09-30,0.6315807638155111,0.4413047945437902,0.3810357671098878,0.273526033360754,47
Dawlatabad,Afghanistan,Balkh,36.85,66.85,plains_irrigated,2019-09-14,2019-09-30,0.2398437354538115,0.2170525136082365,0.19705318390866183,0.03411746292038635,50
Injil,Afghanistan,Herat,34.28,62.15,plains_irrigated,2019-09-14,2019-09-30,0.1216328907363433,0.09780132714350404,0.09493705956275261,-0.010992118716661713,47
Arghandab,Afghanistan,Kandahar,31.72,65.65,arid_irrigated,2019-09-14,2019-09-30,0.09234244570343843,0.08054200400758398,0.0803997046207254,-0.06803128039674124,47
Khanabad,Afghanistan,Kunduz,36.65,68.95,plains_irrigated,2019-09-14,2019-09-30,0.0894786633288139,0.07341967734457708,0.07431485631951608,-0.10159164498201673,44
Faizabad,Afghanistan,Badakhshan,37.1,70.55,highland_rainfed,2019-09-14,2019-09-30,0.2249540836486327,0.15651623099923387,0.15213340545197923,0.006423886869516985,49
NadAli,Afghanistan,Helmand,31.55,64.25,arid_irrigated,2019-09-14,2019-09-30,0.2553874825692889,0.20154830914531036,0.19593050659626685,0.019517549836215804,46
GhazniCity,Afghanistan,Ghazni,33.55,68.42,highland_rainfed,2019-09-14,2019-09-30,0.0926919897537832,0.0945777154953159,0.07512818391837382,-0.061016916996153796,46
Maimana,Afghanistan,Faryab,35.92,64.78,plains_rainfed,2019-09-14,2019-09-30,0.21508411292479346,0.15079129581248943,0.14521075733733424,-0.03141595481299635,48
Chaghcharan,Afghanistan,Ghor,34.52,65.25,highland_rainfed,2019-09-14,2019-09-30,0.1602554051496083,0.1378742024305191,0.1301110825020891,-0.032228464624619674,47
Zaranj,Afghanistan,Nimroz,31,61.87,arid_irrigated,2019-09-14,2019-09-30,0.166766395107918,0.16107646456857966,0.14504385968653585,0.0006817106260331446,46
Dronten,Netherlands,Flevoland,52.53,5.72,temperate_arable,2019-09-14,2019-09-30,0.27267845014753106,0.16806220522336968,0.14469266818567406,0.05499635152095601,63
Veendam,Netherlands,Groningen,53.1,6.87,temperate_arable,2019-09-14,2019-09-30,0.6109642580322028,0.33641502608232265,0.31128867698783474,0.17606463662964372,62
Goes,Netherlands,Zeeland,51.5,3.9,temperate_arable,2019-09-14,2019-09-30,0.3540257603493236,0.3059576759833488,0.25254768966472396,0.05992988058056742,62
Uden,Netherlands,Noord-Brabant,51.66,5.62,temperate_dairy_pasture,2019-09-14,2019-09-30,0.5396849739094361,0.31023287152389434,0.2931794658686189,0.05171296104750348,59
Tiel,Netherlands,Gelderland,51.9,5.6,temperate_horticulture,2019-09-14,2019-09-30,-0.18671873569112155,-0.03838580877278865,-0.03608510001070907,0.15773832051388834,58
Almelo,Netherlands,Overijssel,52.35,6.6,temperate_dairy_pasture,2019-09-14,2019-09-30,0.6855805447707846,0.560226330606368,0.4811509474400883,0.11007631667961422,62
Venlo,Netherlands,Limburg,51.37,6.17,temperate_horticulture,2019-09-14,2019-09-30,0.22620489000520408,0.09942809519701973,0.09777261239899025,-0.14815347266642,16
Emmen,Netherlands,Drenthe,52.75,6.85,temperate_arable,2019-09-14,2019-09-30,0.780368293268217,0.7672735224561562,0.5955479218665193,0.2892933048513941,59
Bunnik,Netherlands,Utrecht,52.05,5.2,temperate_dairy_pasture,2019-09-14,2019-09-30,0.8208537943697155,0.6447190442963157,0.5557798211268801,0.29767216701602256,56
Alblasserdam,Netherlands,Zuid-Holland,51.87,4.67,temperate_dairy_pasture,2019-09-14,2019-09-30,0.3488180041158542,0.21483460511030614,0.19496853648549797,0.045982734224260434,58
Ashburton,New Zealand,Canterbury,-43.9,171.75,maritime_arable,2019-09-14,2019-09-30,0.5213449966852943,0.35314231613728003,0.28926243686384046,0.21094132715002886,46
Hamilton,New Zealand,Waikato,-37.78,175.28,maritime_dairy_pasture,2019-09-14,2019-09-30,0.48199704841653557,0.2568246148020412,0.23751499172267224,0.13416036385880237,42
Gore,New Zealand,Southland,-46.1,168.95,maritime_dairy_pasture,2019-09-14,2019-09-30,0.10938052051660266,0.12321617698591171,0.11836802635961138,0.1165262748700612,54
PalmerstonN,New Zealand,Manawatu,-40.35,175.61,maritime_dairy_pasture,2019-09-14,2019-09-30,0.49686724307111807,0.34786161196574444,0.3157143132136085,0.14806811996246416,48
Hastings,New Zealand,HawkesBay,-39.64,176.84,maritime_horticulture,2019-09-14,2019-09-30,0.07516395455086858,0.05206093554400765,0.042395909243933154,-0.06927555204215649,45
Balclutha,New Zealand,Otago,-46.23,169.75,maritime_arable,2019-09-14,2019-09-30,0.40963000048731635,0.26225912437187426,0.23032213168202023,0.10460296598524345,52
Stratford,New Zealand,Taranaki,-39.34,174.28,maritime_dairy_pasture,2019-09-14,2019-09-30,0.5156734462574133,0.48074654754774154,0.3942396697082142,0.1396057908131859,50
Blenheim,New Zealand,Marlborough,-41.51,173.96,maritime_horticulture,2019-09-14,2019-09-30,0.13353637543804325,0.07445161724637019,0.07018537347441686,-0.08371078287330605,51
Masterton,New Zealand,Wairarapa,-40.96,175.66,maritime_arable,2019-09-14,2019-09-30,0.5298829336554736,0.4202172758160535,0.3458754597759156,0.2157484321687615,51
Kerikeri,New Zealand,Northland,-35.22,173.95,maritime_horticulture,2019-09-14,2019-09-30,0.7553739556667459,0.4259205659635418,0.35543034134607654,0.4358644684326354,47
Motueka,New Zealand,Tasman,-41.11,173,maritime_horticulture,2019-09-14,2019-09-30,0.3849004921230837,0.2720714607497027,0.24455702957624584,0.05168589584944787,51
Shakardara,Afghanistan,Kabul,34.65,69.03,highland_irrigated,2019-09-30,2019-10-16,0.10256239864696057,0.08873958902396413,0.08585292662256465,-0.08049773345367477,44
Kama,Afghanistan,Nangarhar,34.42,70.55,lowland_irrigated,2019-09-30,2019-10-16,0.5972180773628514,0.3846208711481156,0.35237034317691135,0.22413539260173104,47
Dawlatabad,Afghanistan,Balkh,36.85,66.85,plains_irrigated,2019-09-30,2019-10-16,0.20104999321427608,0.17474522437397272,0.1625940821662067,0.0012217728931832937,50
Injil,Afghanistan,Herat,34.28,62.15,plains_irrigated,2019-09-30,2019-10-16,0.12343893711238373,0.09727986316455078,0.09371676327731658,-0.011606243773616758,47
Arghandab,Afghanistan,Kandahar,31.72,65.65,arid_irrigated,2019-09-30,2019-10-16,0.07841715288736187,0.06802861682611375,0.06811517487588144,-0.077717757488928,47
Khanabad,Afghanistan,Kunduz,36.65,68.95,plains_irrigated,2019-09-30,2019-10-16,0.07191867545027647,0.06115531775320143,0.0570527176876621,-0.09972744469745286,44
Faizabad,Afghanistan,Badakhshan,37.1,70.55,highland_rainfed,2019-09-30,2019-10-16,0.17864303179122742,0.1334769205854902,0.12180207001665652,0.007669363913463858,49
NadAli,Afghanistan,Helmand,31.55,64.25,arid_irrigated,2019-09-30,2019-10-16,0.2312572946699698,0.1682086807210622,0.17482223956745985,-0.017610170278169992,46
GhazniCity,Afghanistan,Ghazni,33.55,68.42,highland_rainfed,2019-09-30,2019-10-16,0.10495130220584618,0.10619291934474552,0.08469750515809152,-0.04469319853560094,46
Maimana,Afghanistan,Faryab,35.92,64.78,plains_rainfed,2019-09-30,2019-10-16,0.20961751654607974,0.13411787381103082,0.13405191023597446,-0.0402191433643656,48
Chaghcharan,Afghanistan,Ghor,34.52,65.25,highland_rainfed,2019-09-30,2019-10-16,0.1389342145062337,0.11304483100546134,0.11100892878031442,-0.05349129743111386,47
Zaranj,Afghanistan,Nimroz,31,61.87,arid_irrigated,2019-09-30,2019-10-16,0.1644392107017795,0.15572237208761136,0.14173363640742714,-0.0033699183245030594,46
Dronten,Netherlands,Flevoland,52.53,5.72,temperate_arable,2019-09-30,2019-10-16,0.28648414920994153,0.21040451960594336,0.17913901411065297,0.050600513294387556,60
Veendam,Netherlands,Groningen,53.1,6.87,temperate_arable,2019-09-30,2019-10-16,0.5734938810746191,0.3543063399340354,0.3049399273977107,0.2045411553425541,62
Sneek,Netherlands,Friesland,53.03,5.65,temperate_dairy_pasture,2019-09-30,2019-10-16,0.6160505494758752,0.35637586745607985,0.3318945230709562,0.16019470862443447,64
Goes,Netherlands,Zeeland,51.5,3.9,temperate_arable,2019-09-30,2019-10-16,0.38889580639855525,0.2729069508529441,0.23915500278190044,0.10694716976335697,62
Uden,Netherlands,Noord-Brabant,51.66,5.62,temperate_dairy_pasture,2019-09-30,2019-10-16,0.26249922869653114,0.23031164288816425,0.14039751690590122,0.09106590638399394,57
Tiel,Netherlands,Gelderland,51.9,5.6,temperate_horticulture,2019-09-30,2019-10-16,-0.17772643832845986,-0.030632618417186754,-0.029051728640633184,0.1382768380089291,55
Almelo,Netherlands,Overijssel,52.35,6.6,temperate_dairy_pasture,2019-09-30,2019-10-16,0.5202123387908077,0.5048646663404383,0.31000966229834537,0.25666204067202264,62
Venlo,Netherlands,Limburg,51.37,6.17,temperate_horticulture,2019-09-30,2019-10-16,0.19567467986328,0.09702613792767426,0.09027076525108801,-0.09279191169358578,48
Wieringermeer,Netherlands,Noord-Holland,52.85,5,temperate_arable,2019-09-30,2019-10-16,0.17269235667241484,0.08941569919248722,0.08771381377563153,0.040637770986434715,52
Emmen,Netherlands,Drenthe,52.75,6.85,temperate_arable,2019-09-30,2019-10-16,0.6536256067522448,0.510205424865121,0.4257308865277665,0.35619465311317716,59
Bunnik,Netherlands,Utrecht,52.05,5.2,temperate_dairy_pasture,2019-09-30,2019-10-16,0.4567698503823259,0.4037566571371032,0.30977010590356163,0.27888666609395873,56
Alblasserdam,Netherlands,Zuid-Holland,51.87,4.67,temperate_dairy_pasture,2019-09-30,2019-10-16,0.27574750781059265,0.6790292693629125,0.1734788725080892,0.25764191150665283,1
Ashburton,New Zealand,Canterbury,-43.9,171.75,maritime_arable,2019-09-30,2019-10-16,0.6366956113351361,0.34113740565410894,0.320769968737984,0.24441983158690106,48
Hamilton,New Zealand,Waikato,-37.78,175.28,maritime_dairy_pasture,2019-09-30,2019-10-16,0.18976871720697652,0.08240138893526032,0.060837876108543354,0.03281881508625269,17
Gore,New Zealand,Southland,-46.1,168.95,maritime_dairy_pasture,2019-09-30,2019-10-16,0.20725602046644181,0.20471252248630048,0.18745381127999236,0.20001012869409715,45
PalmerstonN,New Zealand,Manawatu,-40.35,175.61,maritime_dairy_pasture,2019-09-30,2019-10-16,0.40788023734245565,0.37874889450705745,0.27829386699197994,0.11762374505961463,48
Hastings,New Zealand,HawkesBay,-39.64,176.84,maritime_horticulture,2019-09-30,2019-10-16,0.0804669429049833,0.05074497439185212,0.043428004797070194,-0.0687613516197221,49
Balclutha,New Zealand,Otago,-46.23,169.75,maritime_arable,2019-09-30,2019-10-16,0.44354667920590374,0.3380206921508389,0.2763209868516064,0.1432379237853998,52
TePuke,New Zealand,BayOfPlenty,-37.78,176.32,maritime_horticulture,2019-09-30,2019-10-16,0.5298815502860118,0.4105128844042112,0.3387425022739467,0.1617193752407859,51
Stratford,New Zealand,Taranaki,-39.34,174.28,maritime_dairy_pasture,2019-09-30,2019-10-16,0.5167022901060471,0.4342286253130874,0.35588212446554524,0.23529329613495925,50
Blenheim,New Zealand,Marlborough,-41.51,173.96,maritime_horticulture,2019-09-30,2019-10-16,0.12039042935231775,0.07309411474287297,0.0646157955755324,-0.0785814827118427,51
Masterton,New Zealand,Wairarapa,-40.96,175.66,maritime_arable,2019-09-30,2019-10-16,0.5577169201822795,0.5074071454742379,0.38381549329422787,0.18296000249893105,51
Motueka,New Zealand,Tasman,-41.11,173,maritime_horticulture,2019-09-30,2019-10-16,0.4803330546676699,0.34545906222189116,0.31620144100297376,0.06718569970664655,51
Shakardara,Afghanistan,Kabul,34.65,69.03,highland_irrigated,2019-10-16,2019-11-01,0.09520076910849401,0.08270669472629104,0.07932439645938032,-0.09333104633116111,44
Kama,Afghanistan,Nangarhar,34.42,70.55,lowland_irrigated,2019-10-16,2019-11-01,0.49924639291747896,0.26135690380120724,0.26216991599793216,0.08571001908424779,47
Dawlatabad,Afghanistan,Balkh,36.85,66.85,plains_irrigated,2019-10-16,2019-11-01,0.15305722990579892,0.12322386029823143,0.11682859119747403,-0.04733398059169642,50
Injil,Afghanistan,Herat,34.28,62.15,plains_irrigated,2019-10-16,2019-11-01,0.14458935495346542,0.09798535151270502,0.09898916231101382,-0.006567677710510833,47
Arghandab,Afghanistan,Kandahar,31.72,65.65,arid_irrigated,2019-10-16,2019-11-01,0.08059818961348696,0.07017700420731672,0.06890928866680075,-0.08441343155508953,47
Khanabad,Afghanistan,Kunduz,36.65,68.95,plains_irrigated,2019-10-16,2019-11-01,0.09598798543405757,0.07210613336959319,0.07349750470674639,-0.1094950204220996,44
Faizabad,Afghanistan,Badakhshan,37.1,70.55,highland_rainfed,2019-10-16,2019-11-01,0.23287649088530119,0.14208454736623924,0.13916425690336448,-0.0047702793496707,49
NadAli,Afghanistan,Helmand,31.55,64.25,arid_irrigated,2019-10-16,2019-11-01,0.14160203264275595,0.10924158337068582,0.11163579919473202,-0.0703584695415043,46
GhazniCity,Afghanistan,Ghazni,33.55,68.42,highland_rainfed,2019-10-16,2019-11-01,0.10346409800226575,0.09793772524425073,0.08074441059462849,-0.05226327372284751,46
Maimana,Afghanistan,Faryab,35.92,64.78,plains_rainfed,2019-10-16,2019-11-01,0.21103541333405265,0.14753327114245648,0.13649592400441576,-0.018642832041478728,48
Chaghcharan,Afghanistan,Ghor,34.52,65.25,highland_rainfed,2019-10-16,2019-11-01,0.08015421514879,0.05781728534203867,0.055328670230008856,-0.0037159516268742542,47
Zaranj,Afghanistan,Nimroz,31,61.87,arid_irrigated,2019-10-16,2019-11-01,0.15977565944687203,0.14383412033897827,0.13322965720493096,-0.020184629846600424,46
Dronten,Netherlands,Flevoland,52.53,5.72,temperate_arable,2019-10-16,2019-11-01,0.29566597570549663,0.18880254128686666,0.1703693827528921,0.038675360107827274,63
Veendam,Netherlands,Groningen,53.1,6.87,temperate_arable,2019-10-16,2019-11-01,0.6072463239123231,0.30139313685298535,0.3058753576943291,0.13207390339573322,62
Sneek,Netherlands,Friesland,53.03,5.65,temperate_dairy_pasture,2019-10-16,2019-11-01,0.5938098588443029,0.3393296181677723,0.3164570935875623,0.14082318448545444,64
Uden,Netherlands,Noord-Brabant,51.66,5.62,temperate_dairy_pasture,2019-10-16,2019-11-01,0.5355929923581666,0.2905287705406027,0.27471663601614804,0.15343313937578196,62
Tiel,Netherlands,Gelderland,51.9,5.6,temperate_horticulture,2019-10-16,2019-11-01,-0.1768717580274723,0.1152946263298873,0.007074161007015484,0.029723654207098868,60
Almelo,Netherlands,Overijssel,52.35,6.6,temperate_dairy_pasture,2019-10-16,2019-11-01,0.8639650815715123,0.7434167784648085,0.6507912012743686,0.40091614724417557,62
Wieringermeer,Netherlands,Noord-Holland,52.85,5,temperate_arable,2019-10-16,2019-11-01,0.1698114204246476,0.08937428785084577,0.08384890280852493,0.06341428373055112,54
Emmen,Netherlands,Drenthe,52.75,6.85,temperate_arable,2019-10-16,2019-11-01,0.6731455314297948,0.496963866190764,0.4574031727315677,0.1655867207169838,59
Bunnik,Netherlands,Utrecht,52.05,5.2,temperate_dairy_pasture,2019-10-16,2019-11-01,0.6418844993225589,0.4497200064538062,0.3967587130830533,0.32249727736847894,56
Alblasserdam,Netherlands,Zuid-Holland,51.87,4.67,temperate_dairy_pasture,2019-10-16,2019-11-01,0.3584281863651301,0.23083161786497686,0.19723248945205582,0.11729193242865715,55
Ashburton,New Zealand,Canterbury,-43.9,171.75,maritime_arable,2019-10-16,2019-11-01,0.7696093364966392,0.38348396243169136,0.38026345059562994,0.2806218277646823,53
Hamilton,New Zealand,Waikato,-37.78,175.28,maritime_dairy_pasture,2019-10-16,2019-11-01,0.4445368799269741,0.3194842093341215,0.26738086842709885,0.1839785370442471,47
Gore,New Zealand,Southland,-46.1,168.95,maritime_dairy_pasture,2019-10-16,2019-11-01,-0.11023439407999157,0.11895084445376294,0.11189440519033063,-0.24531305834766187,45
PalmerstonN,New Zealand,Manawatu,-40.35,175.61,maritime_dairy_pasture,2019-10-16,2019-11-01,0.4595162141207718,0.3867649647845023,0.3169245023393898,0.13715966000356414,47
Hastings,New Zealand,HawkesBay,-39.64,176.84,maritime_horticulture,2019-10-16,2019-11-01,0.07366378238917524,0.0500667871436988,0.03331455467192233,0.11737235678475794,14
Balclutha,New Zealand,Otago,-46.23,169.75,maritime_arable,2019-10-16,2019-11-01,0.4519841923790785,0.211372262822237,0.19280684440651338,0.2622570212763637,23
Stratford,New Zealand,Taranaki,-39.34,174.28,maritime_dairy_pasture,2019-10-16,2019-11-01,0.550740855099671,0.4532913797676603,0.39738396881185506,0.10124977330306839,50
Blenheim,New Zealand,Marlborough,-41.51,173.96,maritime_horticulture,2019-10-16,2019-11-01,0.1333596009031694,0.08425434024627253,0.07494763874758711,-0.07352953077946708,51
Masterton,New Zealand,Wairarapa,-40.96,175.66,maritime_arable,2019-10-16,2019-11-01,0.6568198034409298,0.39015234759972656,0.32833309890723766,0.3484071174581353,45
Kerikeri,New Zealand,Northland,-35.22,173.95,maritime_horticulture,2019-10-16,2019-11-01,0.8590660219868786,0.49641895515457934,0.4729118004737683,0.5030835965621003,47
Motueka,New Zealand,Tasman,-41.11,173,maritime_horticulture,2019-10-16,2019-11-01,0.45420269591282414,0.3233672291296757,0.30141383363002733,0.047751552601362206,51
Shakardara,Afghanistan,Kabul,34.65,69.03,highland_irrigated,2019-11-01,2019-11-17,0.10149669488739493,0.0847698439792177,0.08139063955486461,-0.08942119782227496,44
Kama,Afghanistan,Nangarhar,34.42,70.55,lowland_irrigated,2019-11-01,2019-11-17,0.4795031551266511,0.21826065057206934,0.225292284133115,0.03601807533240531,47
Dawlatabad,Afghanistan,Balkh,36.85,66.85,plains_irrigated,2019-11-01,2019-11-17,0.14697925575893492,0.09328332158872586,0.099100923237562,-0.0666789418860561,50
Injil,Afghanistan,Herat,34.28,62.15,plains_irrigated,2019-11-01,2019-11-17,0.14852020066843383,0.0988344695311392,0.09944767070936511,-0.005076956918577867,47
Arghandab,Afghanistan,Kandahar,31.72,65.65,arid_irrigated,2019-11-01,2019-11-17,0.1329641266292805,0.08232145966407546,0.07727119797018231,0.02993267619424438,46
Khanabad,Afghanistan,Kunduz,36.65,68.95,plains_irrigated,2019-11-01,2019-11-17,0.08757206603630092,0.06943028553544926,0.06518668932890645,-0.12356540004776376,44
Faizabad,Afghanistan,Badakhshan,37.1,70.55,highland_rainfed,2019-11-01,2019-11-17,0.1681420823158643,0.10574822138268675,0.09589161683404315,0.03460007762525679,49
NadAli,Afghanistan,Helmand,31.55,64.25,arid_irrigated,2019-11-01,2019-11-17,0.12677869344558296,0.08595490480033492,0.09301957255440155,-0.05702590548502866,46
GhazniCity,Afghanistan,Ghazni,33.55,68.42,highland_rainfed,2019-11-01,2019-11-17,0.10719914471461109,0.09824063298015052,0.08076291319136301,-0.023207026214344388,46
Maimana,Afghanistan,Faryab,35.92,64.78,plains_rainfed,2019-11-01,2019-11-17,0.20317527613812286,0.1305760947625132,0.12054888199025726,-0.017504291127899724,48
Chaghcharan,Afghanistan,Ghor,34.52,65.25,highland_rainfed,2019-11-01,2019-11-17,0.11298585294715512,0.084306042610513,0.08351665855419889,-0.015360262679274282,47
Zaranj,Afghanistan,Nimroz,31,61.87,arid_irrigated,2019-11-01,2019-11-17,0.1817090643296317,0.1534909029978928,0.14555475729763728,-0.020117493428923758,46
Goes,Netherlands,Zeeland,51.5,3.9,temperate_arable,2019-11-01,2019-11-17,0.34660697505014615,0.22428007290625515,0.21541038819365865,0.07497603092095498,62
Uden,Netherlands,Noord-Brabant,51.66,5.62,temperate_dairy_pasture,2019-11-01,2019-11-17,0.6771076180954376,0.32016399607680535,0.32610105858055005,0.20899690377847563,47
Tiel,Netherlands,Gelderland,51.9,5.6,temperate_horticulture,2019-11-01,2019-11-17,-0.009347049758058033,0.015911924349964954,0.005003055134507192,0.2192266838193867,52
Venlo,Netherlands,Limburg,51.37,6.17,temperate_horticulture,2019-11-01,2019-11-17,0.08145395033288665,0.057335269163963254,0.04122358498794779,-0.12654402257101804,53
Wieringermeer,Netherlands,Noord-Holland,52.85,5,temperate_arable,2019-11-01,2019-11-17,0.3483570341319263,0.12712169139277005,0.1571161452336019,0.11328968582030308,62
Bunnik,Netherlands,Utrecht,52.05,5.2,temperate_dairy_pasture,2019-11-01,2019-11-17,0.842165191884414,0.6245721800788316,0.5553128163834039,0.42301050398747825,56
Alblasserdam,Netherlands,Zuid-Holland,51.87,4.67,temperate_dairy_pasture,2019-11-01,2019-11-17,0.4556464996175527,0.22403549585665397,0.2203078698371355,0.17140957594756143,29
Ashburton,New Zealand,Canterbury,-43.9,171.75,maritime_arable,2019-11-01,2019-11-17,0.7637611826892672,0.47159460064113295,0.4399575146515104,0.3202165503114276,53
Hamilton,New Zealand,Waikato,-37.78,175.28,maritime_dairy_pasture,2019-11-01,2019-11-17,0.43445339348387296,0.3281864930480048,0.22158591538587402,0.14444357976215674,42
Gore,New Zealand,Southland,-46.1,168.95,maritime_dairy_pasture,2019-11-01,2019-11-17,0.46904937892475573,0.3437198031223653,0.2896131850286386,0.2946767174115951,50
PalmerstonN,New Zealand,Manawatu,-40.35,175.61,maritime_dairy_pasture,2019-11-01,2019-11-17,0.4484811688273841,0.3914651892634017,0.3137558505599492,0.12849761910946214,47
Hastings,New Zealand,HawkesBay,-39.64,176.84,maritime_horticulture,2019-11-01,2019-11-17,0.10214485106510307,0.06393992094948385,0.057143484107344676,-0.06784510032146229,49
Balclutha,New Zealand,Otago,-46.23,169.75,maritime_arable,2019-11-01,2019-11-17,0.42062213694344663,0.33165257341846627,0.2690656438675063,0.10884199469050668,52
TePuke,New Zealand,BayOfPlenty,-37.78,176.32,maritime_horticulture,2019-11-01,2019-11-17,0.5166929179808517,0.3928104603523227,0.3351228441848892,0.14209867949653118,51
Stratford,New Zealand,Taranaki,-39.34,174.28,maritime_dairy_pasture,2019-11-01,2019-11-17,0.5740914664497574,0.45946062751445405,0.41240546177987386,0.14942055018456085,50
Blenheim,New Zealand,Marlborough,-41.51,173.96,maritime_horticulture,2019-11-01,2019-11-17,0.15238943137248032,0.10208424423897489,0.08740141091762622,-0.045683122258649976,51
Masterton,New Zealand,Wairarapa,-40.96,175.66,maritime_arable,2019-11-01,2019-11-17,0.5672123144511427,0.41524130455827435,0.3641036438518517,0.13160861920089245,51
Kerikeri,New Zealand,Northland,-35.22,173.95,maritime_horticulture,2019-11-01,2019-11-17,0.7781416321985232,0.49076315723042935,0.40113759574037133,0.4972547612395205,47
Motueka,New Zealand,Tasman,-41.11,173,maritime_horticulture,2019-11-01,2019-11-17,0.348085023140066,0.2592704733140454,0.18562064422177935,0.2637071705207043,51
Shakardara,Afghanistan,Kabul,34.65,69.03,highland_irrigated,2019-11-17,2019-12-03,0.11135117195036408,0.08462083517058228,0.08147902483619106,-0.056193701217690996,44
Kama,Afghanistan,Nangarhar,34.42,70.55,lowland_irrigated,2019-11-17,2019-12-03,0.2320989828325645,0.11666433586919076,0.12037615283200485,-0.07879572635581106,12
Dawlatabad,Afghanistan,Balkh,36.85,66.85,plains_irrigated,2019-11-17,2019-12-03,0.15885726536429023,0.09462096614943351,0.10585870153332655,-0.07445540663981337,41
Injil,Afghanistan,Herat,34.28,62.15,plains_irrigated,2019-11-17,2019-12-03,0.12526035293874632,0.07893749133411453,0.07811537885494411,-0.013729044599759347,47
Arghandab,Afghanistan,Kandahar,31.72,65.65,arid_irrigated,2019-11-17,2019-12-03,0.07838968358673762,0.06410464224985211,0.06267006243749493,-0.09444428524312096,47
Khanabad,Afghanistan,Kunduz,36.65,68.95,plains_irrigated,2019-11-17,2019-12-03,0.08733333964336316,0.06968632368919954,0.06605733479209927,-0.11038767453534329,44
Faizabad,Afghanistan,Badakhshan,37.1,70.55,highland_rainfed,2019-11-17,2019-12-03,0.19142552416129727,0.09415117271058977,0.10192905377615187,-0.05712569738640032,49
NadAli,Afghanistan,Helmand,31.55,64.25,arid_irrigated,2019-11-17,2019-12-03,0.09574970865783408,0.06860127772354256,0.07131636083283364,-0.10859504620708638,46
GhazniCity,Afghanistan,Ghazni,33.55,68.42,highland_rainfed,2019-11-17,2019-12-03,0.11395939591064168,0.10479828399968641,0.08397074473714333,-0.020302860061842537,46
Maimana,Afghanistan,Faryab,35.92,64.78,plains_rainfed,2019-11-17,2019-12-03,0.16384805590395882,0.1175598689142692,0.10808365757441965,-0.05025784605139538,48
Chaghcharan,Afghanistan,Ghor,34.52,65.25,highland_rainfed,2019-11-17,2019-12-03,0.07927811913134042,0.057677568678024,0.06074357857354655,-0.10135419746970302,46
Zaranj,Afghanistan,Nimroz,31,61.87,arid_irrigated,2019-11-17,2019-12-03,0.18542078850046426,0.14831010898458324,0.13785248023837426,-0.005765665730135706,46
Dronten,Netherlands,Flevoland,52.53,5.72,temperate_arable,2019-11-17,2019-12-03,0.2702866374897576,0.14844588228708375,0.1356549241843785,0.11731541798527509,63
Veendam,Netherlands,Groningen,53.1,6.87,temperate_arable,2019-11-17,2019-12-03,0.45399225532376547,0.22934853528843646,0.22180888474286142,0.04956912087583584,55
Sneek,Netherlands,Friesland,53.03,5.65,temperate_dairy_pasture,2019-11-17,2019-12-03,0.4803834647394976,0.30806923658693647,0.2517683236255266,0.18647645980438723,50
Goes,Netherlands,Zeeland,51.5,3.9,temperate_arable,2019-11-17,2019-12-03,0.286827595334637,0.1699290727627017,0.16137274940623594,0.07387730927187158,62
Uden,Netherlands,Noord-Brabant,51.66,5.62,temperate_dairy_pasture,2019-11-17,2019-12-03,0.5827239393773548,0.286289449934708,0.29322595347402536,0.17441764412868352,49
Tiel,Netherlands,Gelderland,51.9,5.6,temperate_horticulture,2019-11-17,2019-12-03,-0.43239329046524905,-0.04972070216369443,-0.05433886592205575,0.21691910642639226,60
Almelo,Netherlands,Overijssel,52.35,6.6,temperate_dairy_pasture,2019-11-17,2019-12-03,0.8520970079996816,0.648755913426757,0.5856719023569829,0.42380104938215796,62
Venlo,Netherlands,Limburg,51.37,6.17,temperate_horticulture,2019-11-17,2019-12-03,0.1607513339397174,0.08871109823740046,0.07812637164859643,0.0025180186138115926,58
Wieringermeer,Netherlands,Noord-Holland,52.85,5,temperate_arable,2019-11-17,2019-12-03,0.2393997611115401,0.12923821905013216,0.12469940002466944,0.016500459399967585,62
Emmen,Netherlands,Drenthe,52.75,6.85,temperate_arable,2019-11-17,2019-12-03,0.6633473936712669,0.40808977138001057,0.3885712825834927,0.36692525013298966,59
Bunnik,Netherlands,Utrecht,52.05,5.2,temperate_dairy_pasture,2019-11-17,2019-12-03,0.8447232092714656,0.5574916449729743,0.5152632046781999,0.3815415292595746,56
Alblasserdam,Netherlands,Zuid-Holland,51.87,4.67,temperate_dairy_pasture,2019-11-17,2019-12-03,0.3557202211333754,0.16923573220671373,0.16339150971458588,0.044824710804983674,44
Hamilton,New Zealand,Waikato,-37.78,175.28,maritime_dairy_pasture,2019-11-17,2019-12-03,0.5400026711806118,0.32900377194171676,0.28918200358929175,0.2102573056357821,46
Gore,New Zealand,Southland,-46.1,168.95,maritime_dairy_pasture,2019-11-17,2019-12-03,0.4935612327187605,0.42071236961096015,0.3333062120365866,0.2946038270533674,39
PalmerstonN,New Zealand,Manawatu,-40.35,175.61,maritime_dairy_pasture,2019-11-17,2019-12-03,0.3923833168222224,0.3299972040328558,0.26512752061778083,0.09862150298264881,47
Hastings,New Zealand,HawkesBay,-39.64,176.84,maritime_horticulture,2019-11-17,2019-12-03,0.11526041186769122,0.0860286111827963,0.07108837965831127,-0.019764816577886733,47
Balclutha,New Zealand,Otago,-46.23,169.75,maritime_arable,2019-11-17,2019-12-03,0.41850543590190337,0.30698597714115095,0.25160582146400706,0.1278154308027353,52
TePuke,New Zealand,BayOfPlenty,-37.78,176.32,maritime_horticulture,2019-11-17,2019-12-03,0.49872120877111364,0.43036309788866256,0.34281145413327707,0.16220390127964854,51
Stratford,New Zealand,Taranaki,-39.34,174.28,maritime_dairy_pasture,2019-11-17,2019-12-03,0.38208601869633385,0.5481012583918825,0.3229357991560415,0.18415030074239228,17
Blenheim,New Zealand,Marlborough,-41.51,173.96,maritime_horticulture,2019-11-17,2019-12-03,0.13089296190361888,0.08216613922285577,0.07526068207486235,-0.09128043767801744,47
Masterton,New Zealand,Wairarapa,-40.96,175.66,maritime_arable,2019-11-17,2019-12-03,0.5220351048088673,0.43118030602880175,0.36521158920946545,0.17022079648272367,51
Kerikeri,New Zealand,Northland,-35.22,173.95,maritime_horticulture,2019-11-17,2019-12-03,0.8580237054112517,0.5149658874325211,0.4986334005755934,0.4935445078501935,47
Shakardara,Afghanistan,Kabul,34.65,69.03,highland_irrigated,2019-12-03,2019-12-19,0.11120147273590385,0.09036531416812486,0.08533720699955688,-0.0878134369162994,44
Kama,Afghanistan,Nangarhar,34.42,70.55,lowland_irrigated,2019-12-03,2019-12-19,0.26207040530774567,0.13166793652607728,0.12448303016930391,-0.06978454725938671,47
Dawlatabad,Afghanistan,Balkh,36.85,66.85,plains_irrigated,2019-12-03,2019-12-19,0.12207283847672691,0.09005018876313262,0.08466455019926289,-0.09515866580882396,50
Injil,Afghanistan,Herat,34.28,62.15,plains_irrigated,2019-12-03,2019-12-19,0.12730096211838685,0.07632191415394064,0.08138344165830025,-0.043786951031437274,47
Arghandab,Afghanistan,Kandahar,31.72,65.65,arid_irrigated,2019-12-03,2019-12-19,0.07954638060295541,0.06650889083082502,0.06399805660480433,-0.09449146738507411,47
Khanabad,Afghanistan,Kunduz,36.65,68.95,plains_irrigated,2019-12-03,2019-12-19,0.0975132794789434,0.07157521519078257,0.07244014772037316,-0.09858472938079844,44
Faizabad,Afghanistan,Badakhshan,37.1,70.55,highland_rainfed,2019-12-03,2019-12-19,0.12133288670826527,0.07195273021760028,0.07553249415005754,-0.07109332283643557,49
NadAli,Afghanistan,Helmand,31.55,64.25,arid_irrigated,2019-12-03,2019-12-19,0.10172960232176002,0.07138178889666681,0.07456478050828919,-0.08452912870027238,46
GhazniCity,Afghanistan,Ghazni,33.55,68.42,highland_rainfed,2019-12-03,2019-12-19,0.10543660830751636,0.0954555514526799,0.07937617056489342,-0.0402934529780066,46
Maimana,Afghanistan,Faryab,35.92,64.78,plains_rainfed,2019-12-03,2019-12-19,0.22488173006271314,0.11078625964867958,0.11880110731809433,-0.04841266639532616,48
Chaghcharan,Afghanistan,Ghor,34.52,65.25,highland_rainfed,2019-12-03,2019-12-19,0.07333714140139404,0.058659103313408976,0.055494614347403805,-0.03701792837433006,47
Zaranj,Afghanistan,Nimroz,31,61.87,arid_irrigated,2019-12-03,2019-12-19,0.1521579487532614,0.13144183608587917,0.12453295274898311,-0.04289745218158565,46
Dronten,Netherlands,Flevoland,52.53,5.72,temperate_arable,2019-12-03,2019-12-19,0.26953656854560976,0.1803639590794804,0.14860093702541663,0.06998198551837394,63
Veendam,Netherlands,Groningen,53.1,6.87,temperate_arable,2019-12-03,2019-12-19,0.314039451174794,0.19808017404751085,0.16093249644610197,0.0021051938331982547,62
Sneek,Netherlands,Friesland,53.03,5.65,temperate_dairy_pasture,2019-12-03,2019-12-19,0.47768822081050066,0.2548213025291294,0.22463609715381352,0.05129235215371514,64
Goes,Netherlands,Zeeland,51.5,3.9,temperate_arable,2019-12-03,2019-12-19,0.28007750595521214,0.15315395343742164,0.14433516310820113,0.07726492247581472,50
Uden,Netherlands,Noord-Brabant,51.66,5.62,temperate_dairy_pasture,2019-12-03,2019-12-19,0.23288557646998892,0.22125252700574408,0.14083417740926324,0.0679173802651729,62
Tiel,Netherlands,Gelderland,51.9,5.6,temperate_horticulture,2019-12-03,2019-12-19,-0.4993349475183465,-0.06930916508346519,-0.06448552163714592,0.3516495567661487,60
Almelo,Netherlands,Overijssel,52.35,6.6,temperate_dairy_pasture,2019-12-03,2019-12-19,0.8339344228273387,0.7397029750118036,0.5973435715158923,0.4413118050669715,62
Venlo,Netherlands,Limburg,51.37,6.17,temperate_horticulture,2019-12-03,2019-12-19,0.15968817288359616,0.03412802905245224,0.03491413049634261,-0.15830817188343696,58
Wieringermeer,Netherlands,Noord-Holland,52.85,5,temperate_arable,2019-12-03,2019-12-19,0.22455330953038538,0.12101015648839523,0.11501922145244518,0.0638328086970809,62
Emmen,Netherlands,Drenthe,52.75,6.85,temperate_arable,2019-12-03,2019-12-19,0.5752451809154288,0.38438802652492804,0.32356107996636346,0.2860096258608208,59
Bunnik,Netherlands,Utrecht,52.05,5.2,temperate_dairy_pasture,2019-12-03,2019-12-19,0.7744546468908177,0.5485515591098449,0.47571703216475086,0.38622482939604685,56
Alblasserdam,Netherlands,Zuid-Holland,51.87,4.67,temperate_dairy_pasture,2019-12-03,2019-12-19,0.3193980465654447,0.14649236255761258,0.1516970104308917,-0.09179852501078409,35
Hamilton,New Zealand,Waikato,-37.78,175.28,maritime_dairy_pasture,2019-12-03,2019-12-19,0.6179759457013771,0.38298167067929717,0.35938389180138974,0.2533091350935435,31
Gore,New Zealand,Southland,-46.1,168.95,maritime_dairy_pasture,2019-12-03,2019-12-19,0.4562759047239872,0.3811125945243483,0.3318209409446381,0.26769433961522954,38
PalmerstonN,New Zealand,Manawatu,-40.35,175.61,maritime_dairy_pasture,2019-12-03,2019-12-19,0.17349461913157824,0.10533918977189113,0.08109269421866788,0.002598898756883385,14
Hastings,New Zealand,HawkesBay,-39.64,176.84,maritime_horticulture,2019-12-03,2019-12-19,0.06439652965218176,0.0754683404540196,0.04703727527633566,-0.09976892121631968,10
Balclutha,New Zealand,Otago,-46.23,169.75,maritime_arable,2019-12-03,2019-12-19,0.49576284607720145,0.5502814618047346,0.38601927665955427,0.2292733913901079,7
TePuke,New Zealand,BayOfPlenty,-37.78,176.32,maritime_horticulture,2019-12-03,2019-12-19,0.34113540756508587,0.39976775407133475,0.26238847860380216,0.18889678098321924,21
Stratford,New Zealand,Taranaki,-39.34,174.28,maritime_dairy_pasture,2019-12-03,2019-12-19,0.5443695881383275,0.42338337624181477,0.37615692833702047,0.08886669091989653,50
Blenheim,New Zealand,Marlborough,-41.51,173.96,maritime_horticulture,2019-12-03,2019-12-19,0.1846480255224752,0.13146936923510139,0.10910524435519824,-0.019784826612722097,48
Masterton,New Zealand,Wairarapa,-40.96,175.66,maritime_arable,2019-12-03,2019-12-19,0.4851180331109566,0.3570848689964016,0.3145112617517888,0.08312813500798141,51
Kerikeri,New Zealand,Northland,-35.22,173.95,maritime_horticulture,2019-12-03,2019-12-19,0.8709003358410718,0.5753504487298813,0.5323033943984758,0.5105606961497293,47
Motueka,New Zealand,Tasman,-41.11,173,maritime_horticulture,2019-12-03,2019-12-19,0.6703794885709325,0.5093527587582282,0.45639351506443954,0.1792038349073066,51
Shakardara,Afghanistan,Kabul,34.65,69.03,highland_irrigated,2019-12-19,2020-01-04,0.106360032857289,0.09182126428675395,0.08571642860109609,-0.0867512504410635,44
Kama,Afghanistan,Nangarhar,34.42,70.55,lowland_irrigated,2019-12-19,2020-01-04,0.27233113242822193,0.13852222082812793,0.13253833037655138,-0.06075545037507589,47
Dawlatabad,Afghanistan,Balkh,36.85,66.85,plains_irrigated,2019-12-19,2020-01-04,0.11791047076836796,0.08921290564931368,0.08535696352606487,-0.07877902087736273,50
Injil,Afghanistan,Herat,34.28,62.15,plains_irrigated,2019-12-19,2020-01-04,0.13579434039471588,0.08533909305671505,0.08664243440826194,-0.021154498401026692,47
Arghandab,Afghanistan,Kandahar,31.72,65.65,arid_irrigated,2019-12-19,2020-01-04,0.08205342413365888,0.06674820896784582,0.06518242661149315,-0.09305441655114713,47
Khanabad,Afghanistan,Kunduz,36.65,68.95,plains_irrigated,2019-12-19,2020-01-04,0.09818559326901498,0.07197165620556946,0.0715685210808758,-0.11688403669232171,44
Faizabad,Afghanistan,Badakhshan,37.1,70.55,highland_rainfed,2019-12-19,2020-01-04,0.10471264748347427,0.06624393682760382,0.06303631457176588,-0.07879074851739752,49
NadAli,Afghanistan,Helmand,31.55,64.25,arid_irrigated,2019-12-19,2020-01-04,0.11670332631335331,0.08240203438060247,0.08496403903142943,-0.08733286007482613,46
GhazniCity,Afghanistan,Ghazni,33.55,68.42,highland_rainfed,2019-12-19,2020-01-04,0.10523286662805406,0.08064352977318014,0.07264908760914122,-0.042161070566593496,46
Maimana,Afghanistan,Faryab,35.92,64.78,plains_rainfed,2019-12-19,2020-01-04,0.17862402364718277,0.10374164581461023,0.09943943361218521,-0.04563856337286295,48
Chaghcharan,Afghanistan,Ghor,34.52,65.25,highland_rainfed,2019-12-19,2020-01-04,0.03248463773932871,0.040569546732793706,0.030465566413236823,0.2008718337837369,44
Zaranj,Afghanistan,Nimroz,31,61.87,arid_irrigated,2019-12-19,2020-01-04,0.15619924899331228,0.121598781468516,0.12010193080868495,-0.031177982001768405,46
Dronten,Netherlands,Flevoland,52.53,5.72,temperate_arable,2019-12-19,2020-01-04,0.2746284481327892,0.17137889561338454,0.14647818880175317,0.04105410156200727,63
Veendam,Netherlands,Groningen,53.1,6.87,temperate_arable,2019-12-19,2020-01-04,0.0007237306280755961,0.001837164697668868,0.0006009278575704363,-0.10080652803006257,2
Sneek,Netherlands,Friesland,53.03,5.65,temperate_dairy_pasture,2019-12-19,2020-01-04,0.4999691170296642,0.25142281118929954,0.22210687580850705,0.027709703104143633,64
Goes,Netherlands,Zeeland,51.5,3.9,temperate_arable,2019-12-19,2020-01-04,0.03525342228245714,0.07713062081513863,0.03197549119236619,-0.014138559550873234,17
Uden,Netherlands,Noord-Brabant,51.66,5.62,temperate_dairy_pasture,2019-12-19,2020-01-04,0.45532032189806093,0.2527413159716454,0.2150075010504782,0.17352081467908728,62
Tiel,Netherlands,Gelderland,51.9,5.6,temperate_horticulture,2019-12-19,2020-01-04,-0.22937514906594325,-2.0953443220337318e-05,-0.008541298323433394,0.5235857460481902,60
Almelo,Netherlands,Overijssel,52.35,6.6,temperate_dairy_pasture,2019-12-19,2020-01-04,0.862444294938078,0.675286047001726,0.5741614410466531,0.4063744823843853,62
Venlo,Netherlands,Limburg,51.37,6.17,temperate_horticulture,2019-12-19,2020-01-04,0.1318248267861779,0.043127437999322726,0.04136075348608132,-0.0994702985579615,58
Wieringermeer,Netherlands,Noord-Holland,52.85,5,temperate_arable,2019-12-19,2020-01-04,0.22932201856239107,0.13167623506149292,0.11778543371129237,0.014844210896427196,62
Emmen,Netherlands,Drenthe,52.75,6.85,temperate_arable,2019-12-19,2020-01-04,0.7252784897638476,0.4784275231338019,0.4140030004466967,0.3196943772739759,59
Bunnik,Netherlands,Utrecht,52.05,5.2,temperate_dairy_pasture,2019-12-19,2020-01-04,0.7911832697181191,0.5635280824603802,0.4712233482525959,0.37358009755524135,56
Alblasserdam,Netherlands,Zuid-Holland,51.87,4.67,temperate_dairy_pasture,2019-12-19,2020-01-04,0.2730558157620393,0.13566795713185456,0.09991833139907254,-0.27195166303933727,58
Ashburton,New Zealand,Canterbury,-43.9,171.75,maritime_arable,2019-12-19,2020-01-04,0.412490575842149,0.5169203536949589,0.3111016768892239,0.21286609021245287,29
Hamilton,New Zealand,Waikato,-37.78,175.28,maritime_dairy_pasture,2019-12-19,2020-01-04,0.5057576388761882,0.3610309099795916,0.31432711819067694,0.181299320272397,36
PalmerstonN,New Zealand,Manawatu,-40.35,175.61,maritime_dairy_pasture,2019-12-19,2020-01-04,0.40966332438993047,0.3905724298712446,0.30727134001634643,0.09454427183093884,43
Balclutha,New Zealand,Otago,-46.23,169.75,maritime_arable,2019-12-19,2020-01-04,0.4423079254120127,0.47217134323025817,0.3219265667007586,0.19453648815415223,52
TePuke,New Zealand,BayOfPlenty,-37.78,176.32,maritime_horticulture,2019-12-19,2020-01-04,0.422765457817195,0.5199140947256429,0.33136501892985576,0.1691695617707988,42
Stratford,New Zealand,Taranaki,-39.34,174.28,maritime_dairy_pasture,2019-12-19,2020-01-04,0.5316195793384428,0.394549857984658,0.33293888964214285,0.10174309434829261,50
Blenheim,New Zealand,Marlborough,-41.51,173.96,maritime_horticulture,2019-12-19,2020-01-04,0.18443833793141967,0.12907126727349502,0.11160988723644737,-0.0525421742992246,48
Kerikeri,New Zealand,Northland,-35.22,173.95,maritime_horticulture,2019-12-19,2020-01-04,0.8744552429465254,0.5674554652100421,0.525358223989096,0.5207516072495352,47
Motueka,New Zealand,Tasman,-41.11,173,maritime_horticulture,2019-12-19,2020-01-04,0.6691889553260983,0.4697075398138891,0.42927450832238917,0.17606246536398873,51
Kama,Afghanistan,Nangarhar,34.42,70.55,lowland_irrigated,2020-01-04,2020-01-20,0.2884594735087095,0.1421610133929358,0.1411871246527214,-0.058721002856051197,47
Dawlatabad,Afghanistan,Balkh,36.85,66.85,plains_irrigated,2020-01-04,2020-01-20,0.10642455803820007,0.07255344602954994,0.07308224954790471,-0.06019592856383069,24
Injil,Afghanistan,Herat,34.28,62.15,plains_irrigated,2020-01-04,2020-01-20,0.20209015753895937,0.10152444421908305,0.11191806751858396,0.026267604796711357,47
Arghandab,Afghanistan,Kandahar,31.72,65.65,arid_irrigated,2020-01-04,2020-01-20,0.096275099301108,0.06174890390573095,0.061635305721624706,-0.05629212201526392,47
Faizabad,Afghanistan,Badakhshan,37.1,70.55,highland_rainfed,2020-01-04,2020-01-20,0.08706623090994073,0.0698527469868817,0.05618364193841447,0.031754170945019394,49
NadAli,Afghanistan,Helmand,31.55,64.25,arid_irrigated,2020-01-04,2020-01-20,0.155616541819786,0.09090471007139227,0.09666670866342926,-0.04600128758366485,46
Maimana,Afghanistan,Faryab,35.92,64.78,plains_rainfed,2020-01-04,2020-01-20,0.1931843919824691,0.11077214457373503,0.10654293097198318,-0.02601366286134323,48
Chaghcharan,Afghanistan,Ghor,34.52,65.25,highland_rainfed,2020-01-04,2020-01-20,0.0485701486096424,0.07781958089575178,0.04439289983304248,0.2962769442676599,29
Zaranj,Afghanistan,Nimroz,31,61.87,arid_irrigated,2020-01-04,2020-01-20,0.15814860331374014,0.12819616588567748,0.12398846013606325,-0.013276717372248037,46
Dronten,Netherlands,Flevoland,52.53,5.72,temperate_arable,2020-01-04,2020-01-20,0.36123764053769897,0.22171234736496268,0.20218348197793826,0.10414415892127524,58
Goes,Netherlands,Zeeland,51.5,3.9,temperate_arable,2020-01-04,2020-01-20,0.2877640319427358,0.16169162477308432,0.14778818169073707,0.0528091219885519,58
Uden,Netherlands,Noord-Brabant,51.66,5.62,temperate_dairy_pasture,2020-01-04,2020-01-20,0.5936727468151315,0.3030634454240652,0.2790538401114396,0.15336588347618615,38
Tiel,Netherlands,Gelderland,51.9,5.6,temperate_horticulture,2020-01-04,2020-01-20,-0.12419023641575183,-0.03527836106229805,-0.03381689250432523,0.0684642644471516,56
Almelo,Netherlands,Overijssel,52.35,6.6,temperate_dairy_pasture,2020-01-04,2020-01-20,0.6493134755743284,0.3504387960004962,0.3197738208445109,0.28927853428886263,62
Venlo,Netherlands,Limburg,51.37,6.17,temperate_horticulture,2020-01-04,2020-01-20,0.16220455630931602,0.045840072310515706,0.04408551158851188,-0.16587052478806164,58
Emmen,Netherlands,Drenthe,52.75,6.85,temperate_arable,2020-01-04,2020-01-20,0.42626967749519795,0.2705578239751292,0.24373132018035226,0.11514147793816969,55
Bunnik,Netherlands,Utrecht,52.05,5.2,temperate_dairy_pasture,2020-01-04,2020-01-20,0.7487291021646096,0.5594795578804763,0.4601157333033377,0.3038914348098285,56
Alblasserdam,Netherlands,Zuid-Holland,51.87,4.67,temperate_dairy_pasture,2020-01-04,2020-01-20,0.16931973219005464,0.13419903769220054,0.07188706669235648,0.20408132857897882,58
Ashburton,New Zealand,Canterbury,-43.9,171.75,maritime_arable,2020-01-04,2020-01-20,0.47009064399011197,0.39927754526800047,0.26823869047017895,0.2865853042459268,41
Hamilton,New Zealand,Waikato,-37.78,175.28,maritime_dairy_pasture,2020-01-04,2020-01-20,0.49408102255405434,0.25840829840512813,0.24275246835281777,0.12255113101121655,47
PalmerstonN,New Zealand,Manawatu,-40.35,175.61,maritime_dairy_pasture,2020-01-04,2020-01-20,0.3827722706064604,0.22799804297070178,0.19771658275782564,0.11245271048945317,25
Hastings,New Zealand,HawkesBay,-39.64,176.84,maritime_horticulture,2020-01-04,2020-01-20,0.10442900382998578,0.07004090451397607,0.05787377561703472,-0.03608059067513136,49
Balclutha,New Zealand,Otago,-46.23,169.75,maritime_arable,2020-01-04,2020-01-20,0.39072728800305795,0.3903016283982139,0.2694832251934482,0.13648417631629856,52
TePuke,New Zealand,BayOfPlenty,-37.78,176.32,maritime_horticulture,2020-01-04,2020-01-20,0.48855048194552353,0.3763324795340516,0.32306915611389214,0.1201227454941449,51
Stratford,New Zealand,Taranaki,-39.34,174.28,maritime_dairy_pasture,2020-01-04,2020-01-20,0.4933873473137062,0.34340706985868713,0.3287110852612729,0.01942808924787446,50
Blenheim,New Zealand,Marlborough,-41.51,173.96,maritime_horticulture,2020-01-04,2020-01-20,0.1268540553047998,0.08867336281980562,0.07118412295829192,-0.0296020148126836,49
Masterton,New Zealand,Wairarapa,-40.96,175.66,maritime_arable,2020-01-04,2020-01-20,0.28451615870827923,0.41942810942905745,0.231782905340406,0.08712869629895985,39
Kerikeri,New Zealand,Northland,-35.22,173.95,maritime_horticulture,2020-01-04,2020-01-20,0.821733849628013,0.5417280456310356,0.5208830106790415,0.5206131544578205,47
Motueka,New Zealand,Tasman,-41.11,173,maritime_horticulture,2020-01-04,2020-01-20,0.7891404636057845,0.5594002635893559,0.5060784929460672,0.29240310204150616,51
Kama,Afghanistan,Nangarhar,34.42,70.55,lowland_irrigated,2020-01-20,2020-02-05,0.2923692703553636,0.20987866479706352,0.1810142691798666,0.02848533210636325,47
Dawlatabad,Afghanistan,Balkh,36.85,66.85,plains_irrigated,2020-01-20,2020-02-05,0.17813797092861106,0.10839657229540196,0.11379107636358118,-0.06540592052349264,50
Injil,Afghanistan,Herat,34.28,62.15,plains_irrigated,2020-01-20,2020-02-05,0.1519855270465155,0.09224434573024003,0.09299842058702644,0.011077285090577585,47
Arghandab,Afghanistan,Kandahar,31.72,65.65,arid_irrigated,2020-01-20,2020-02-05,0.10019057832312887,0.07008098659076413,0.07175422062480052,-0.08366753213869008,47
Khanabad,Afghanistan,Kunduz,36.65,68.95,plains_irrigated,2020-01-20,2020-02-05,0.09448315564244851,0.07105525557233602,0.06679697711674533,-0.1288280741708595,44
Faizabad,Afghanistan,Badakhshan,37.1,70.55,highland_rainfed,2020-01-20,2020-02-05,0.07466418181732339,0.056285750380883286,0.04694617038069936,-0.028967669352399184,49
NadAli,Afghanistan,Helmand,31.55,64.25,arid_irrigated,2020-01-20,2020-02-05,0.16927387935190064,0.11705132775689145,0.1189700541259978,-0.030361661626554248,46
GhazniCity,Afghanistan,Ghazni,33.55,68.42,highland_rainfed,2020-01-20,2020-02-05,0.083650124394355,0.0928220658688845,0.06401796528131125,0.029409085034301563,29
Maimana,Afghanistan,Faryab,35.92,64.78,plains_rainfed,2020-01-20,2020-02-05,0.2498559326809971,0.13267740740656217,0.13026116704430812,-0.0027412057094956537,48
Chaghcharan,Afghanistan,Ghor,34.52,65.25,highland_rainfed,2020-01-20,2020-02-05,0.04747955988434602,0.07961792672806631,0.046443631999282815,0.38062145612629283,17
Zaranj,Afghanistan,Nimroz,31,61.87,arid_irrigated,2020-01-20,2020-02-05,0.12670731146270853,0.10938447208718051,0.10344331320174328,-0.036442798097358065,46
Dronten,Netherlands,Flevoland,52.53,5.72,temperate_arable,2020-01-20,2020-02-05,0.360319690629102,0.23261084152568343,0.20475778076996207,0.1032619526843898,41
Sneek,Netherlands,Friesland,53.03,5.65,temperate_dairy_pasture,2020-01-20,2020-02-05,0.3050422847589746,0.21405237931143317,0.1599525267165743,0.01118573097434548,64
Goes,Netherlands,Zeeland,51.5,3.9,temperate_arable,2020-01-20,2020-02-05,0.2912731404308446,0.17989826512191265,0.16596363056531488,0.044248078091785895,60
Uden,Netherlands,Noord-Brabant,51.66,5.62,temperate_dairy_pasture,2020-01-20,2020-02-05,0.10047645838783117,0.1333475524177101,0.07518603248777009,-0.04728915360127461,62
Tiel,Netherlands,Gelderland,51.9,5.6,temperate_horticulture,2020-01-20,2020-02-05,-0.28947182488892337,-0.05482645187479263,-0.05448809716832194,0.08437336866949366,55
Almelo,Netherlands,Overijssel,52.35,6.6,temperate_dairy_pasture,2020-01-20,2020-02-05,0.8906647221937982,0.6649831180420488,0.603315655138485,0.4381812248902063,62
Venlo,Netherlands,Limburg,51.37,6.17,temperate_horticulture,2020-01-20,2020-02-05,-0.009833717179258784,-0.008408749429725599,-0.01647120283778844,-0.30743375444547993,41
Wieringermeer,Netherlands,Noord-Holland,52.85,5,temperate_arable,2020-01-20,2020-02-05,0.1775973337856721,0.28184607760405495,0.0859098697311157,0.15808850236557012,3
Emmen,Netherlands,Drenthe,52.75,6.85,temperate_arable,2020-01-20,2020-02-05,0.7145729064739132,0.4697762233857558,0.429468397960096,0.3023513546677312,59
Bunnik,Netherlands,Utrecht,52.05,5.2,temperate_dairy_pasture,2020-01-20,2020-02-05,0.6928394786001979,0.40833262893590655,0.3782305611351081,0.3048745623047108,56
Alblasserdam,Netherlands,Zuid-Holland,51.87,4.67,temperate_dairy_pasture,2020-01-20,2020-02-05,0.27152761686428595,0.1449876588967388,0.13047152458588362,0.008431739256502759,44
Hamilton,New Zealand,Waikato,-37.78,175.28,maritime_dairy_pasture,2020-01-20,2020-02-05,0.3746868776167684,0.2755192610346275,0.23652590751205793,0.10055197867710876,47
Gore,New Zealand,Southland,-46.1,168.95,maritime_dairy_pasture,2020-01-20,2020-02-05,0.39526209580960264,0.25397428543239026,0.23896034476428551,0.08504258501709755,36
Hastings,New Zealand,HawkesBay,-39.64,176.84,maritime_horticulture,2020-01-20,2020-02-05,0.07320012409627874,0.041710164437937076,0.0385178250700315,-0.08986815533430707,49
Balclutha,New Zealand,Otago,-46.23,169.75,maritime_arable,2020-01-20,2020-02-05,0.3716063001070374,0.3925840802043531,0.24778158930435676,0.17336400261350954,52
TePuke,New Zealand,BayOfPlenty,-37.78,176.32,maritime_horticulture,2020-01-20,2020-02-05,0.4104160944917233,0.336275875122821,0.2726891974545717,0.06686833349114268,49
Stratford,New Zealand,Taranaki,-39.34,174.28,maritime_dairy_pasture,2020-01-20,2020-02-05,0.37696259692206235,0.29785971152254687,0.2639822385375643,-0.03671137261058939,50
Blenheim,New Zealand,Marlborough,-41.51,173.96,maritime_horticulture,2020-01-20,2020-02-05,0.14833504784703386,0.09342771393281765,0.08476056829455429,-0.09165859293126047,48
Masterton,New Zealand,Wairarapa,-40.96,175.66,maritime_arable,2020-01-20,2020-02-05,0.41578723032749176,0.27081633280941364,0.25321236098347777,-0.025517975209576358,51
Kerikeri,New Zealand,Northland,-35.22,173.95,maritime_horticulture,2020-01-20,2020-02-05,0.8194951023633553,0.5524847940266252,0.4935839335213423,0.5085587982948011,47
Motueka,New Zealand,Tasman,-41.11,173,maritime_horticulture,2020-01-20,2020-02-05,0.7691549922607426,0.610669504490754,0.5167865417491623,0.31773742569946767,51
Kama,Afghanistan,Nangarhar,34.42,70.55,lowland_irrigated,2020-02-05,2020-02-21,0.34658520161878237,0.19158051906168047,0.1923478599127645,-0.025197911585019807,47
Dawlatabad,Afghanistan,Balkh,36.85,66.85,plains_irrigated,2020-02-05,2020-02-21,0.20269308888304918,0.1285657926479213,0.132451506693977,-0.0446881707035749,50
Injil,Afghanistan,Herat,34.28,62.15,plains_irrigated,2020-02-05,2020-02-21,0.13188243859936646,0.09171640878738355,0.0928441726555986,-0.006264765364347437,47
Arghandab,Afghanistan,Kandahar,31.72,65.65,arid_irrigated,2020-02-05,2020-02-21,0.09931554143888532,0.07241254003527665,0.07356246551436336,-0.05809406918479534,47
Khanabad,Afghanistan,Kunduz,36.65,68.95,plains_irrigated,2020-02-05,2020-02-21,0.12419495989799686,0.06378803941511448,0.06998872508611537,-0.11644498326249497,44
Faizabad,Afghanistan,Badakhshan,37.1,70.55,highland_rainfed,2020-02-05,2020-02-21,0.07059132165460777,0.06993894433026232,0.055248514613104885,0.036331527884907955,49
NadAli,Afghanistan,Helmand,31.55,64.25,arid_irrigated,2020-02-05,2020-02-21,0.1887609394690884,0.14685870263300518,0.14330247430014642,-0.019024609311615866,46
GhazniCity,Afghanistan,Ghazni,33.55,68.42,highland_rainfed,2020-02-05,2020-02-21,0.04500587780729079,0.04017306257007279,0.031304318121637933,0.025143159971850532,13
Maimana,Afghanistan,Faryab,35.92,64.78,plains_rainfed,2020-02-05,2020-02-21,0.22071603738383927,0.13339509137785688,0.12455273491842224,-0.006663214960408508,48
Chaghcharan,Afghanistan,Ghor,34.52,65.25,highland_rainfed,2020-02-05,2020-02-21,0.032759201248039035,0.03767073420398376,0.028721048814925744,0.15600131710621726,44
Zaranj,Afghanistan,Nimroz,31,61.87,arid_irrigated,2020-02-05,2020-02-21,0.12787874332702784,0.11505872010226822,0.10602565092915579,-0.04292768029062084,46
Dronten,Netherlands,Flevoland,52.53,5.72,temperate_arable,2020-02-05,2020-02-21,0.31102994656659655,0.19791974718351174,0.17930623779542587,0.06742900535418264,47
Veendam,Netherlands,Groningen,53.1,6.87,temperate_arable,2020-02-05,2020-02-21,0.4071286428067331,0.18264870656603965,0.17297573248203277,0.010538427485041442,62
Sneek,Netherlands,Friesland,53.03,5.65,temperate_dairy_pasture,2020-02-05,2020-02-21,0.3952217357449625,0.24690019003515612,0.20492687851194677,0.04822898750506377,57
Goes,Netherlands,Zeeland,51.5,3.9,temperate_arable,2020-02-05,2020-02-21,0.24076958568829562,0.2760726830445073,0.12350272489292498,0.16577142394814542,41
Uden,Netherlands,Noord-Brabant,51.66,5.62,temperate_dairy_pasture,2020-02-05,2020-02-21,0.38674263445096774,0.19831983594976554,0.18738917311012332,0.08173093330077856,62
Tiel,Netherlands,Gelderland,51.9,5.6,temperate_horticulture,2020-02-05,2020-02-21,-0.2940120780477266,-0.09822323603486934,-0.11081439881133097,0.7290917098248982,60
Almelo,Netherlands,Overijssel,52.35,6.6,temperate_dairy_pasture,2020-02-05,2020-02-21,0.7560850214621383,0.5827606376129133,0.46396069223724856,0.3472817095666358,62
Venlo,Netherlands,Limburg,51.37,6.17,temperate_horticulture,2020-02-05,2020-02-21,0.2077410289075976,0.0540494643651985,0.05994384270622133,-0.19635340328136602,58
Wieringermeer,Netherlands,Noord-Holland,52.85,5,temperate_arable,2020-02-05,2020-02-21,0.08827614574724614,0.06433803169075446,0.0440732545912303,0.1057083192447634,54
Emmen,Netherlands,Drenthe,52.75,6.85,temperate_arable,2020-02-05,2020-02-21,0.7410941792725808,0.47557630646541627,0.4449227971526323,0.2451772605105089,59
Bunnik,Netherlands,Utrecht,52.05,5.2,temperate_dairy_pasture,2020-02-05,2020-02-21,0.6399865972377528,0.5200754210648253,0.395671953281925,0.28116448366338026,56
Alblasserdam,Netherlands,Zuid-Holland,51.87,4.67,temperate_dairy_pasture,2020-02-05,2020-02-21,0.2735884086025796,0.4279799356191344,0.14931400723795893,0.030905652571847228,23
Ashburton,New Zealand,Canterbury,-43.9,171.75,maritime_arable,2020-02-05,2020-02-21,0.6644017496344639,0.3632029125938441,0.33288047228263784,0.2522575161121309,53
Hamilton,New Zealand,Waikato,-37.78,175.28,maritime_dairy_pasture,2020-02-05,2020-02-21,0.4467542942800901,0.27138949972813975,0.24950168251951682,0.1354363853457998,41
Gore,New Zealand,Southland,-46.1,168.95,maritime_dairy_pasture,2020-02-05,2020-02-21,-0.013465408371168091,0.02997262312887411,0.016650559912528246,0.2293014128071878,52
PalmerstonN,New Zealand,Manawatu,-40.35,175.61,maritime_dairy_pasture,2020-02-05,2020-02-21,0.29335873760989917,0.18719825904100093,0.17634595334831027,-0.06565044534668255,47
Hastings,New Zealand,HawkesBay,-39.64,176.84,maritime_horticulture,2020-02-05,2020-02-21,0.07725936974062686,0.04336960105780531,0.04054247775155078,-0.07474218078974586,49
Balclutha,New Zealand,Otago,-46.23,169.75,maritime_arable,2020-02-05,2020-02-21,0.41124134024735104,0.29401783560364003,0.2399581664818468,0.0946657883410131,52
TePuke,New Zealand,BayOfPlenty,-37.78,176.32,maritime_horticulture,2020-02-05,2020-02-21,0.4267625944213922,0.27449008506413763,0.24034749219500892,0.08511189002948556,51
Stratford,New Zealand,Taranaki,-39.34,174.28,maritime_dairy_pasture,2020-02-05,2020-02-21,0.35341371811272676,0.28683436069037366,0.24742141322063915,-0.008648409822444927,50
Blenheim,New Zealand,Marlborough,-41.51,173.96,maritime_horticulture,2020-02-05,2020-02-21,0.1438622719157979,0.09045332475584288,0.077638654683554,-0.07731101874808241,51
Masterton,New Zealand,Wairarapa,-40.96,175.66,maritime_arable,2020-02-05,2020-02-21,0.38122760276292383,0.2506438077000138,0.23521899048348952,-0.03560084050697112,51
Kerikeri,New Zealand,Northland,-35.22,173.95,maritime_horticulture,2020-02-05,2020-02-21,0.7662418091894833,0.5951698657747593,0.48896393331745686,0.4889080727118111,47
Motueka,New Zealand,Tasman,-41.11,173,maritime_horticulture,2020-02-05,2020-02-21,0.7874117733911861,0.4925517729178314,0.4654013309525287,0.2827556694158448,51
Shakardara,Afghanistan,Kabul,34.65,69.03,highland_irrigated,2020-02-21,2020-03-08,0.17842933760708127,0.09932024086876146,0.1038981250497634,-0.05964101796528697,44
Kama,Afghanistan,Nangarhar,34.42,70.55,lowland_irrigated,2020-02-21,2020-03-08,0.3464336316676064,0.18732902533362836,0.18359170787886153,-0.02741249448670536,47
Dawlatabad,Afghanistan,Balkh,36.85,66.85,plains_irrigated,2020-02-21,2020-03-08,0.17894416493388765,0.14104514270101048,0.13566583190731304,-0.05147155009001524,50
Injil,Afghanistan,Herat,34.28,62.15,plains_irrigated,2020-02-21,2020-03-08,0.13506446032767525,0.09914276380966326,0.0958873791328852,0.012638789632260684,47
Arghandab,Afghanistan,Kandahar,31.72,65.65,arid_irrigated,2020-02-21,2020-03-08,0.1103002461923872,0.08851706866822809,0.08505243434550941,-0.07237759876161404,47
Khanabad,Afghanistan,Kunduz,36.65,68.95,plains_irrigated,2020-02-21,2020-03-08,0.10948473324985815,0.0750157652910938,0.07594807624595303,-0.1266998556951771,44
Faizabad,Afghanistan,Badakhshan,37.1,70.55,highland_rainfed,2020-02-21,2020-03-08,0.10565130934376446,0.07525416000434398,0.06947104421492349,-0.0733978337897627,49
NadAli,Afghanistan,Helmand,31.55,64.25,arid_irrigated,2020-02-21,2020-03-08,0.2393278048928105,0.19140506416263647,0.18254023961282528,0.01622674167253523,46
GhazniCity,Afghanistan,Ghazni,33.55,68.42,highland_rainfed,2020-02-21,2020-03-08,0.09185048555288118,0.08855146405642045,0.07051147592040555,-0.02128509137630959,46
Maimana,Afghanistan,Faryab,35.92,64.78,plains_rainfed,2020-02-21,2020-03-08,0.2195470089406466,0.13801685041779058,0.1292886751960362,-0.016018099334507097,48
Chaghcharan,Afghanistan,Ghor,34.52,65.25,highland_rainfed,2020-02-21,2020-03-08,0.0659001470694754,0.04724963469638497,0.04560453956469418,-0.06489610120817467,47
Zaranj,Afghanistan,Nimroz,31,61.87,arid_irrigated,2020-02-21,2020-03-08,0.10873963213907328,0.09717091099473722,0.09292675659723174,-0.0531075610006481,46
Dronten,Netherlands,Flevoland,52.53,5.72,temperate_arable,2020-02-21,2020-03-08,0.34743734196576165,0.23519909949674433,0.2109119353151901,0.05148493128377456,42
Veendam,Netherlands,Groningen,53.1,6.87,temperate_arable,2020-02-21,2020-03-08,0.24505016307645613,0.1553464381925709,0.12541958611713472,0.025296352089044703,50
Sneek,Netherlands,Friesland,53.03,5.65,temperate_dairy_pasture,2020-02-21,2020-03-08,0.5405082348446264,0.3030386323132757,0.2788645743037221,0.09255395114373642,61
Goes,Netherlands,Zeeland,51.5,3.9,temperate_arable,2020-02-21,2020-03-08,0.24791452086056628,0.16997485233688184,0.1408120991364576,0.1311632302663524,62
Uden,Netherlands,Noord-Brabant,51.66,5.62,temperate_dairy_pasture,2020-02-21,2020-03-08,0.5574557440531897,0.34239805449333044,0.315423393720944,0.1716907727956798,59
Tiel,Netherlands,Gelderland,51.9,5.6,temperate_horticulture,2020-02-21,2020-03-08,-0.35598633618959136,-0.06870267484028174,-0.07347588221675265,0.5846665042484653,60
Almelo,Netherlands,Overijssel,52.35,6.6,temperate_dairy_pasture,2020-02-21,2020-03-08,0.35314379560970305,0.49269227803801197,0.2441971459650805,0.2892655631859792,48
Venlo,Netherlands,Limburg,51.37,6.17,temperate_horticulture,2020-02-21,2020-03-08,0.13332852007200321,0.6607583955121551,0.060638783069737016,-0.04758171240488687,2
Emmen,Netherlands,Drenthe,52.75,6.85,temperate_arable,2020-02-21,2020-03-08,0.3525579899669554,0.32071177819255314,0.22462378066971342,0.10087431787512159,53
Bunnik,Netherlands,Utrecht,52.05,5.2,temperate_dairy_pasture,2020-02-21,2020-03-08,0.8114460783835366,0.4124709558607694,0.40115789059926527,0.37967415149487316,56
Alblasserdam,Netherlands,Zuid-Holland,51.87,4.67,temperate_dairy_pasture,2020-02-21,2020-03-08,0.3492459146337236,0.22633254603363948,0.1884629728287449,0.04526461099638816,57
Ashburton,New Zealand,Canterbury,-43.9,171.75,maritime_arable,2020-02-21,2020-03-08,0.8208915935503989,0.34909939647590926,0.356685702565149,0.31458750064639907,53
Hamilton,New Zealand,Waikato,-37.78,175.28,maritime_dairy_pasture,2020-02-21,2020-03-08,0.4813651835459165,0.21944064025496232,0.2138861894447214,0.07393158760996629,47
Gore,New Zealand,Southland,-46.1,168.95,maritime_dairy_pasture,2020-02-21,2020-03-08,0.4262585957331252,0.49353044172046645,0.3326276202027816,0.15994014437707876,54
PalmerstonN,New Zealand,Manawatu,-40.35,175.61,maritime_dairy_pasture,2020-02-21,2020-03-08,0.3170476680230971,0.19826561086012784,0.186145242531568,-0.054052021326045606,48
Hastings,New Zealand,HawkesBay,-39.64,176.84,maritime_horticulture,2020-02-21,2020-03-08,0.07278486408844594,0.037168884282241334,0.03778762060080577,-0.0889179796421088,49
Balclutha,New Zealand,Otago,-46.23,169.75,maritime_arable,2020-02-21,2020-03-08,0.4079709394423421,0.26807899883503566,0.2307799215568975,0.06275806800373639,52
TePuke,New Zealand,BayOfPlenty,-37.78,176.32,maritime_horticulture,2020-02-21,2020-03-08,0.3886978357994018,0.24936775654198615,0.22761951016397125,0.012740872960993278,51
Stratford,New Zealand,Taranaki,-39.34,174.28,maritime_dairy_pasture,2020-02-21,2020-03-08,0.34381222812340284,0.3144804512065334,0.24743788185647794,0.014029758977613353,50
Blenheim,New Zealand,Marlborough,-41.51,173.96,maritime_horticulture,2020-02-21,2020-03-08,0.13830114244165279,0.07591791808005367,0.07184943675554953,-0.06562880383113841,51
Masterton,New Zealand,Wairarapa,-40.96,175.66,maritime_arable,2020-02-21,2020-03-08,0.3504348744998713,0.23612805266463985,0.22240329239187323,-0.056383666799518437,51
Kerikeri,New Zealand,Northland,-35.22,173.95,maritime_horticulture,2020-02-21,2020-03-08,0.8569277606890859,0.4796945049928547,0.44800623631769,0.5269488507008432,47
Motueka,New Zealand,Tasman,-41.11,173,maritime_horticulture,2020-02-21,2020-03-08,0.8113590260527238,0.5484641014446178,0.5070356831406687,0.3153605158807749,51
Shakardara,Afghanistan,Kabul,34.65,69.03,highland_irrigated,2020-03-08,2020-03-24,0.1832539502008186,0.13605920521521908,0.1282135796528951,-0.04233557618622169,44
Kama,Afghanistan,Nangarhar,34.42,70.55,lowland_irrigated,2020-03-08,2020-03-24,0.4443769290650603,0.2526008120995022,0.24206892767218108,0.060434545595582076,47
Dawlatabad,Afghanistan,Balkh,36.85,66.85,plains_irrigated,2020-03-08,2020-03-24,0.22195454852177515,0.16319651085464593,0.16266378577220364,-0.004967341904291958,47
Injil,Afghanistan,Herat,34.28,62.15,plains_irrigated,2020-03-08,2020-03-24,0.15922896098636588,0.12728404214707295,0.11959465170834511,0.030505071858927913,47
Arghandab,Afghanistan,Kandahar,31.72,65.65,arid_irrigated,2020-03-08,2020-03-24,0.14869852080992693,0.12182749718268802,0.11707792992511729,-0.040052536367595565,47
Khanabad,Afghanistan,Kunduz,36.65,68.95,plains_irrigated,2020-03-08,2020-03-24,0.12724818772696656,0.0837849724799195,0.08538292329831759,-0.12168941516077426,44
Faizabad,Afghanistan,Badakhshan,37.1,70.55,highland_rainfed,2020-03-08,2020-03-24,0.10527905616894684,0.09209723010831694,0.08193495861181974,-0.05680546436826651,49
NadAli,Afghanistan,Helmand,31.55,64.25,arid_irrigated,2020-03-08,2020-03-24,0.2977477878216488,0.2481614085760825,0.22914859664736373,0.05758186921670534,46
GhazniCity,Afghanistan,Ghazni,33.55,68.42,highland_rainfed,2020-03-08,2020-03-24,0.08783657607602093,0.09341799078255274,0.0687374859429847,-0.05533414012212978,46
Maimana,Afghanistan,Faryab,35.92,64.78,plains_rainfed,2020-03-08,2020-03-24,0.2584820033392411,0.16397570835370565,0.15172680868708696,0.0024610804137236804,48
Chaghcharan,Afghanistan,Ghor,34.52,65.25,highland_rainfed,2020-03-08,2020-03-24,0.06160594719811152,0.05638110486616174,0.05277066807230613,-0.08837089152095526,47
Zaranj,Afghanistan,Nimroz,31,61.87,arid_irrigated,2020-03-08,2020-03-24,0.1095234030860816,0.10015060810863692,0.09295156433833059,-0.05007160099828023,46
Dronten,Netherlands,Flevoland,52.53,5.72,temperate_arable,2020-03-08,2020-03-24,0.2827621071729861,0.1893270524182723,0.16837780222232734,0.021686674252636273,63
Veendam,Netherlands,Groningen,53.1,6.87,temperate_arable,2020-03-08,2020-03-24,0.4781912491678148,0.24657260996563796,0.23247926444139613,0.02907535447997983,62
Sneek,Netherlands,Friesland,53.03,5.65,temperate_dairy_pasture,2020-03-08,2020-03-24,0.5105905277723713,0.29457660122869733,0.2782792439174409,0.06621804780366866,64
Goes,Netherlands,Zeeland,51.5,3.9,temperate_arable,2020-03-08,2020-03-24,0.3206224488389527,0.2407763119597001,0.21103710161233077,0.051993539289269274,62
Uden,Netherlands,Noord-Brabant,51.66,5.62,temperate_dairy_pasture,2020-03-08,2020-03-24,0.5198290135430796,0.3252771291732553,0.2998488901084289,0.10950187674777537,62
Tiel,Netherlands,Gelderland,51.9,5.6,temperate_horticulture,2020-03-08,2020-03-24,-0.3972331607856212,-0.0867099735081335,-0.0913425475220866,0.43420520245972205,60
Almelo,Netherlands,Overijssel,52.35,6.6,temperate_dairy_pasture,2020-03-08,2020-03-24,0.8409040184512939,0.7601844375659905,0.6476074291870632,0.41995846327993874,62
Venlo,Netherlands,Limburg,51.37,6.17,temperate_horticulture,2020-03-08,2020-03-24,0.20844470162104897,0.07681847338735871,0.07832746955697084,-0.1926066774698042,58
Wieringermeer,Netherlands,Noord-Holland,52.85,5,temperate_arable,2020-03-08,2020-03-24,0.16972017691778502,0.18445641859097958,0.13300719758543017,-0.03408991478490355,62
Emmen,Netherlands,Drenthe,52.75,6.85,temperate_arable,2020-03-08,2020-03-24,0.6773626268885967,0.3755262052046658,0.34251860323682415,0.26100726401722685,59
Bunnik,Netherlands,Utrecht,52.05,5.2,temperate_dairy_pasture,2020-03-08,2020-03-24,0.7125103121262678,0.6000497813412218,0.5066137559010734,0.3292407180515756,56
Alblasserdam,Netherlands,Zuid-Holland,51.87,4.67,temperate_dairy_pasture,2020-03-08,2020-03-24,0.36095822869891186,0.195808833641843,0.1817127919051465,0.024911506217843982,58
Hamilton,New Zealand,Waikato,-37.78,175.28,maritime_dairy_pasture,2020-03-08,2020-03-24,0.48266646311358596,0.21377911262385452,0.20967657200457535,0.11523687678765702,48
Gore,New Zealand,Southland,-46.1,168.95,maritime_dairy_pasture,2020-03-08,2020-03-24,0.37945662920411954,0.2635191143476089,0.21198145583705336,0.12825563415393318,54
PalmerstonN,New Zealand,Manawatu,-40.35,175.61,maritime_dairy_pasture,2020-03-08,2020-03-24,0.26511136728747503,0.21696550352464228,0.1735116339616518,-0.0484367146023069,47
Balclutha,New Zealand,Otago,-46.23,169.75,maritime_arable,2020-03-08,2020-03-24,0.4817221794787511,0.2651124860358964,0.23144413345880938,0.2929985822020685,10
TePuke,New Zealand,BayOfPlenty,-37.78,176.32,maritime_horticulture,2020-03-08,2020-03-24,0.45442092991221067,0.2957964896035999,0.264045929740298,0.0909481123705447,51
Stratford,New Zealand,Taranaki,-39.34,174.28,maritime_dairy_pasture,2020-03-08,2020-03-24,0.449978566033348,0.3738653583818795,0.29983423354538846,0.12137530487111138,50
Blenheim,New Zealand,Marlborough,-41.51,173.96,maritime_horticulture,2020-03-08,2020-03-24,0.15953490142901577,0.10426458820144714,0.08951170776351224,-0.045894036082462335,51
Masterton,New Zealand,Wairarapa,-40.96,175.66,maritime_arable,2020-03-08,2020-03-24,0.34314739529237687,0.22368364549055117,0.2060528200269659,-0.05792351734872644,51
Kerikeri,New Zealand,Northland,-35.22,173.95,maritime_horticulture,2020-03-08,2020-03-24,0.8877620273934943,0.5397471813818471,0.5136314779361224,0.5457925449429086,47
Motueka,New Zealand,Tasman,-41.11,173,maritime_horticulture,2020-03-08,2020-03-24,0.8392154534850895,0.5627081113510061,0.5149080179780835,0.3429119267969059,51
Shakardara,Afghanistan,Kabul,34.65,69.03,highland_irrigated,2020-03-24,2020-04-09,0.3144769946907571,0.1603431378828858,0.20519695885161363,-0.02270972544785324,39
Kama,Afghanistan,Nangarhar,34.42,70.55,lowland_irrigated,2020-03-24,2020-04-09,0.5462086930271656,0.3326288081848422,0.3033322414172327,0.14673891377276205,47
Dawlatabad,Afghanistan,Balkh,36.85,66.85,plains_irrigated,2020-03-24,2020-04-09,0.2992455756117856,0.24441256168347847,0.22510568020001898,0.056019699115818604,50
Injil,Afghanistan,Herat,34.28,62.15,plains_irrigated,2020-03-24,2020-04-09,0.24294045579931578,0.18236274833711238,0.17386431455893814,0.10913630014002781,47
Arghandab,Afghanistan,Kandahar,31.72,65.65,arid_irrigated,2020-03-24,2020-04-09,0.17011429265562358,0.138022450453146,0.12896322502614282,-0.017907077251846825,47
Faizabad,Afghanistan,Badakhshan,37.1,70.55,highland_rainfed,2020-03-24,2020-04-09,0.25813813176308914,0.14524566879514672,0.15415782410011056,-0.0007471518396070533,49
NadAli,Afghanistan,Helmand,31.55,64.25,arid_irrigated,2020-03-24,2020-04-09,0.33332246774701935,0.290162043535884,0.255077195857948,0.0951577146727759,46
GhazniCity,Afghanistan,Ghazni,33.55,68.42,highland_rainfed,2020-03-24,2020-04-09,0.09040907784664176,0.08399957043005082,0.06613428472949609,-0.016396486325499494,44
Maimana,Afghanistan,Faryab,35.92,64.78,plains_rainfed,2020-03-24,2020-04-09,0.2763168785372002,0.18192625192512363,0.16990392450309955,0.005368505321867081,48
Chaghcharan,Afghanistan,Ghor,34.52,65.25,highland_rainfed,2020-03-24,2020-04-09,0.11967021957577209,0.10537544838972752,0.0989051906430215,-0.04881056444011807,21
Zaranj,Afghanistan,Nimroz,31,61.87,arid_irrigated,2020-03-24,2020-04-09,0.12286803994226617,0.11565763689534408,0.10385099842744899,-0.060400472118500664,46
Dronten,Netherlands,Flevoland,52.53,5.72,temperate_arable,2020-03-24,2020-04-09,0.27421738390540307,0.18266830492471683,0.16397657571538402,0.0011449900381533395,63
Veendam,Netherlands,Groningen,53.1,6.87,temperate_arable,2020-03-24,2020-04-09,0.4256093782030576,0.22848575582810837,0.21471166074022976,-0.01622850845411249,62
Sneek,Netherlands,Friesland,53.03,5.65,temperate_dairy_pasture,2020-03-24,2020-04-09,0.5054069816812673,0.30318012309493647,0.2804057802363681,0.054286301175668454,64
Goes,Netherlands,Zeeland,51.5,3.9,temperate_arable,2020-03-24,2020-04-09,0.29209172914006737,0.25255640557228387,0.21012071159326107,0.0342418009465993,62
Uden,Netherlands,Noord-Brabant,51.66,5.62,temperate_dairy_pasture,2020-03-24,2020-04-09,0.5065743676591099,0.3134452888526142,0.29451326422991236,0.07966355880060184,62
Tiel,Netherlands,Gelderland,51.9,5.6,temperate_horticulture,2020-03-24,2020-04-09,-0.3516255876761887,-0.05670176135396002,-0.05664190952801195,0.25548956218907487,60
Almelo,Netherlands,Overijssel,52.35,6.6,temperate_dairy_pasture,2020-03-24,2020-04-09,0.8460404754654596,0.7231249982096919,0.6331577871527878,0.38801958971403305,62
Venlo,Netherlands,Limburg,51.37,6.17,temperate_horticulture,2020-03-24,2020-04-09,0.16361707796991887,0.07308788305647419,0.06799590444001406,-0.16000751944726424,58
Wieringermeer,Netherlands,Noord-Holland,52.85,5,temperate_arable,2020-03-24,2020-04-09,0.11574945746957324,0.0755126294696153,0.0724344838172991,-0.10881220751106624,62
Emmen,Netherlands,Drenthe,52.75,6.85,temperate_arable,2020-03-24,2020-04-09,0.7045191545982826,0.42078962639073775,0.3979899255062427,0.208994000420686,59
Bunnik,Netherlands,Utrecht,52.05,5.2,temperate_dairy_pasture,2020-03-24,2020-04-09,0.7629367446874769,0.5533200634775804,0.49956064805819783,0.2538222765754126,56
Alblasserdam,Netherlands,Zuid-Holland,51.87,4.67,temperate_dairy_pasture,2020-03-24,2020-04-09,0.3230674998330249,0.18233528114326336,0.1672425607033513,-0.0013906110772915743,58
Ashburton,New Zealand,Canterbury,-43.9,171.75,maritime_arable,2020-03-24,2020-04-09,0.7901048425402978,0.3331215670306717,0.33949487722266225,0.316254445488297,49
Hamilton,New Zealand,Waikato,-37.78,175.28,maritime_dairy_pasture,2020-03-24,2020-04-09,0.4573421605371078,0.26215978236584003,0.23913026213656596,0.13194279637688747,48
Gore,New Zealand,Southland,-46.1,168.95,maritime_dairy_pasture,2020-03-24,2020-04-09,0.2503930768180996,0.17892653012033002,0.15519740715822578,0.1329907860689704,54
PalmerstonN,New Zealand,Manawatu,-40.35,175.61,maritime_dairy_pasture,2020-03-24,2020-04-09,0.37265737856463627,0.24072072456196883,0.2180482162779551,0.015902457000324173,44
Balclutha,New Zealand,Otago,-46.23,169.75,maritime_arable,2020-03-24,2020-04-09,0.5125753894130619,0.23361009880650885,0.22702052236705642,0.2504195496728716,13
TePuke,New Zealand,BayOfPlenty,-37.78,176.32,maritime_horticulture,2020-03-24,2020-04-09,0.5367193718250771,0.31272150409143457,0.2804279905740553,0.15875940927444676,51
Stratford,New Zealand,Taranaki,-39.34,174.28,maritime_dairy_pasture,2020-03-24,2020-04-09,0.48403796584315795,0.30784738387903915,0.29697097271739226,0.07042146793581489,50
Blenheim,New Zealand,Marlborough,-41.51,173.96,maritime_horticulture,2020-03-24,2020-04-09,0.11990151564745151,0.07050102147514144,0.06009284220596484,-0.05372253758329473,51
Masterton,New Zealand,Wairarapa,-40.96,175.66,maritime_arable,2020-03-24,2020-04-09,0.3348123716974521,0.26578355540531257,0.21065090836083086,0.026083334908903497,51
Kerikeri,New Zealand,Northland,-35.22,173.95,maritime_horticulture,2020-03-24,2020-04-09,0.8747106615331145,0.5207437403867959,0.4909876687339078,0.536584798161336,47
Motueka,New Zealand,Tasman,-41.11,173,maritime_horticulture,2020-03-24,2020-04-09,0.6305938532708588,0.4231814990139876,0.3975417782854383,0.10216171757534331,51
Shakardara,Afghanistan,Kabul,34.65,69.03,highland_irrigated,2020-04-09,2020-04-25,0.14034159726843126,0.10562556265684404,0.10319892108201559,-0.07795409010738266,44
Kama,Afghanistan,Nangarhar,34.42,70.55,lowland_irrigated,2020-04-09,2020-04-25,0.7691319258026764,0.5515111268590701,0.4990419426203715,0.33156454487963377,47
Dawlatabad,Afghanistan,Balkh,36.85,66.85,plains_irrigated,2020-04-09,2020-04-25,0.4438721871461647,0.362537244779393,0.3256392360318724,0.1471215684596605,50
Injil,Afghanistan,Herat,34.28,62.15,plains_irrigated,2020-04-09,2020-04-25,0.27569552191616914,0.23133057870218499,0.2115257145771897,0.12935594950438728,47
Arghandab,Afghanistan,Kandahar,31.72,65.65,arid_irrigated,2020-04-09,2020-04-25,0.14629671459114316,0.1198198663623531,0.11510067881912754,-0.0374560457925503,47
Khanabad,Afghanistan,Kunduz,36.65,68.95,plains_irrigated,2020-04-09,2020-04-25,0.12695880606268006,0.11356358140657581,0.10425660656962207,-0.07437881979772656,44
Faizabad,Afghanistan,Badakhshan,37.1,70.55,highland_rainfed,2020-04-09,2020-04-25,0.32214291147361995,0.23600953543175657,0.22311026336028206,0.06472181951845489,49
NadAli,Afghanistan,Helmand,31.55,64.25,arid_irrigated,2020-04-09,2020-04-25,0.27494568463848607,0.2093247283892917,0.1983024023644132,0.026010412196231725,46
GhazniCity,Afghanistan,Ghazni,33.55,68.42,highland_rainfed,2020-04-09,2020-04-25,0.05340627540828915,0.06510289244049464,0.048543658511339044,-0.05279875632231922,46
Maimana,Afghanistan,Faryab,35.92,64.78,plains_rainfed,2020-04-09,2020-04-25,0.303718089637897,0.21270217815885234,0.19387820966200614,0.01476578501348254,48
Chaghcharan,Afghanistan,Ghor,34.52,65.25,highland_rainfed,2020-04-09,2020-04-25,0.07705935193867994,0.07109379225298021,0.06612204603221114,-0.040430529816991204,46
Zaranj,Afghanistan,Nimroz,31,61.87,arid_irrigated,2020-04-09,2020-04-25,0.1857022430873558,0.1978241418670402,0.1526990756077302,-0.025296517709508946,14
Dronten,Netherlands,Flevoland,52.53,5.72,temperate_arable,2020-04-09,2020-04-25,0.2636379513188698,0.18679624370086276,0.1625125442800175,0.00031864239143398766,63
Veendam,Netherlands,Groningen,53.1,6.87,temperate_arable,2020-04-09,2020-04-25,0.428421250128339,0.24300272840778941,0.2272712097071542,-0.012833600022799829,62
Sneek,Netherlands,Friesland,53.03,5.65,temperate_dairy_pasture,2020-04-09,2020-04-25,0.5591418398184151,0.3419435370740475,0.3206734103195485,0.09424431672873398,64
Goes,Netherlands,Zeeland,51.5,3.9,temperate_arable,2020-04-09,2020-04-25,0.28506439805818995,0.23979825328515217,0.2049214332865953,0.024129231244286932,62
Uden,Netherlands,Noord-Brabant,51.66,5.62,temperate_dairy_pasture,2020-04-09,2020-04-25,0.5022883400850554,0.31043774628692966,0.2901422691252064,0.07017783308005189,62
Tiel,Netherlands,Gelderland,51.9,5.6,temperate_horticulture,2020-04-09,2020-04-25,-0.16390014911420633,-0.02369184497812051,-0.024881018700797446,0.24009063038442421,59
Almelo,Netherlands,Overijssel,52.35,6.6,temperate_dairy_pasture,2020-04-09,2020-04-25,0.8691839451404056,0.7937955476730827,0.6772401379107942,0.4392854050315329,62
Venlo,Netherlands,Limburg,51.37,6.17,temperate_horticulture,2020-04-09,2020-04-25,0.19945108706809786,0.08427065948056876,0.08306611338670941,-0.16909919104898155,58
Wieringermeer,Netherlands,Noord-Holland,52.85,5,temperate_arable,2020-04-09,2020-04-25,0.10973191670566056,0.07269143402104164,0.06937168592003316,-0.10114154714321101,62
Emmen,Netherlands,Drenthe,52.75,6.85,temperate_arable,2020-04-09,2020-04-25,0.77309058333936,0.55052106662391,0.4951980297863626,0.28955174006835854,59
Bunnik,Netherlands,Utrecht,52.05,5.2,temperate_dairy_pasture,2020-04-09,2020-04-25,0.8403861092943967,0.7193731378393871,0.6095258496988433,0.37665338745452404,56
Alblasserdam,Netherlands,Zuid-Holland,51.87,4.67,temperate_dairy_pasture,2020-04-09,2020-04-25,0.33328169309290906,0.20275387760836464,0.18359002256118365,0.01666158606437475,58
Ashburton,New Zealand,Canterbury,-43.9,171.75,maritime_arable,2020-04-09,2020-04-25,0.8033628175035122,0.32466620361824905,0.33776572120916876,0.355322902024712,46
Hamilton,New Zealand,Waikato,-37.78,175.28,maritime_dairy_pasture,2020-04-09,2020-04-25,0.5240263920654792,0.23523774182585702,0.22984636729186023,0.13849767831591103,48
PalmerstonN,New Zealand,Manawatu,-40.35,175.61,maritime_dairy_pasture,2020-04-09,2020-04-25,0.395107635864955,0.28913653566117603,0.24180116887543876,0.05457016530623552,48
Hastings,New Zealand,HawkesBay,-39.64,176.84,maritime_horticulture,2020-04-09,2020-04-25,0.08565825564807182,0.04868975080021559,0.045844271949288085,-0.09080669363003807,41
Balclutha,New Zealand,Otago,-46.23,169.75,maritime_arable,2020-04-09,2020-04-25,0.4298029550863125,0.2503524016440427,0.21859309031746538,0.11841373427378839,51
TePuke,New Zealand,BayOfPlenty,-37.78,176.32,maritime_horticulture,2020-04-09,2020-04-25,0.5172378249724643,0.32025136813260346,0.2871511246661394,0.13320061607404823,51
Stratford,New Zealand,Taranaki,-39.34,174.28,maritime_dairy_pasture,2020-04-09,2020-04-25,0.5679336050891938,0.3672936037526722,0.34425601726532945,0.08190088045074621,50
Blenheim,New Zealand,Marlborough,-41.51,173.96,maritime_horticulture,2020-04-09,2020-04-25,0.15373704181717246,0.08308722396856102,0.0778892013322548,-0.08089022216137767,51
Masterton,New Zealand,Wairarapa,-40.96,175.66,maritime_arable,2020-04-09,2020-04-25,0.5191169067468744,0.3225198232734632,0.29774560666155947,0.08290117112907845,51
Kerikeri,New Zealand,Northland,-35.22,173.95,maritime_horticulture,2020-04-09,2020-04-25,0.8727377229353119,0.33949128087281016,0.33866496519340705,0.484733864521751,47
Motueka,New Zealand,Tasman,-41.11,173,maritime_horticulture,2020-04-09,2020-04-25,0.6696019072235955,0.4713283973867766,0.4388616912849937,0.20745850417085313,51
Shakardara,Afghanistan,Kabul,34.65,69.03,highland_irrigated,2020-04-25,2020-05-11,0.1286970031719783,0.10366863275773329,0.10058447220916125,-0.07645992929947358,44
Kama,Afghanistan,Nangarhar,34.42,70.55,lowland_irrigated,2020-04-25,2020-05-11,0.7116054294599023,0.5576428766267931,0.4832304217932279,0.32105837376220775,47
Injil,Afghanistan,Herat,34.28,62.15,plains_irrigated,2020-04-25,2020-05-11,0.42613988496567556,0.3664020923780701,0.33054452696286135,0.21405287457595315,47
Arghandab,Afghanistan,Kandahar,31.72,65.65,arid_irrigated,2020-04-25,2020-05-11,0.11834159625125656,0.09853781815463462,0.09573824223083903,-0.048579770709426665,47
Khanabad,Afghanistan,Kunduz,36.65,68.95,plains_irrigated,2020-04-25,2020-05-11,0.1525400892367399,0.1387789749489698,0.1268735365517801,-0.06646492658695963,44
Faizabad,Afghanistan,Badakhshan,37.1,70.55,highland_rainfed,2020-04-25,2020-05-11,0.37428270982104034,0.2546496999216064,0.24758490895201848,0.09453095762425852,43
NadAli,Afghanistan,Helmand,31.55,64.25,arid_irrigated,2020-04-25,2020-05-11,0.18357081344679224,0.1321849514112281,0.12994764799406416,-0.03089905156206632,46
GhazniCity,Afghanistan,Ghazni,33.55,68.42,highland_rainfed,2020-04-25,2020-05-11,0.08628031422435346,0.09079237022082089,0.07184885118146224,-0.05528983365952451,46
Maimana,Afghanistan,Faryab,35.92,64.78,plains_rainfed,2020-04-25,2020-05-11,0.27503852764571163,0.22202320183983495,0.19869193817858316,0.007828405455939456,48
Chaghcharan,Afghanistan,Ghor,34.52,65.25,highland_rainfed,2020-04-25,2020-05-11,0.1444945598252742,0.12414681486353447,0.11416460895130656,0.028003838972339407,47
Zaranj,Afghanistan,Nimroz,31,61.87,arid_irrigated,2020-04-25,2020-05-11,0.1851910228414179,0.17134551196896544,0.14824515272719208,-0.001942497381757481,46
Dronten,Netherlands,Flevoland,52.53,5.72,temperate_arable,2020-04-25,2020-05-11,0.25348311274616264,0.18826315672238988,0.15637368162314438,0.005876572373997243,63
Veendam,Netherlands,Groningen,53.1,6.87,temperate_arable,2020-04-25,2020-05-11,0.46107578384132214,0.3181572169966922,0.2909256042321655,0.07068377632232858,62
Sneek,Netherlands,Friesland,53.03,5.65,temperate_dairy_pasture,2020-04-25,2020-05-11,0.5757725877668666,0.40304530413734463,0.3599800534503341,0.13931048175061644,64
Goes,Netherlands,Zeeland,51.5,3.9,temperate_arable,2020-04-25,2020-05-11,0.2919420007233575,0.25827532051938695,0.21434540124304863,0.02943535791158883,62
Uden,Netherlands,Noord-Brabant,51.66,5.62,temperate_dairy_pasture,2020-04-25,2020-05-11,0.5868270454180727,0.37963904145667,0.35067963613309866,0.17815624516871956,62
Tiel,Netherlands,Gelderland,51.9,5.6,temperate_horticulture,2020-04-25,2020-05-11,-0.16041748073880857,-0.023418235908706633,-0.024217251009667585,0.24539885686506382,60
Almelo,Netherlands,Overijssel,52.35,6.6,temperate_dairy_pasture,2020-04-25,2020-05-11,0.6708237026307784,0.5630338053686583,0.4603698026268716,0.29870197712571345,62
Venlo,Netherlands,Limburg,51.37,6.17,temperate_horticulture,2020-04-25,2020-05-11,0.21453986772319442,0.09358520174319251,0.09168754358260134,-0.1539253128542499,58
Wieringermeer,Netherlands,Noord-Holland,52.85,5,temperate_arable,2020-04-25,2020-05-11,0.15647910973540105,0.09179763880042408,0.08850612759489448,-0.06972091867516057,62
Emmen,Netherlands,Drenthe,52.75,6.85,temperate_arable,2020-04-25,2020-05-11,0.7727622688954402,0.659873436651054,0.5469309875263391,0.39222443607322366,59
Bunnik,Netherlands,Utrecht,52.05,5.2,temperate_dairy_pasture,2020-04-25,2020-05-11,0.8627643635782762,0.779165600422407,0.6558556349059196,0.4448222830265165,56
Alblasserdam,Netherlands,Zuid-Holland,51.87,4.67,temperate_dairy_pasture,2020-04-25,2020-05-11,0.34409291491773203,0.22641387736625992,0.1997286834531125,0.038626866369604725,58
Ashburton,New Zealand,Canterbury,-43.9,171.75,maritime_arable,2020-04-25,2020-05-11,0.7137863432726768,0.2945771334576957,0.30791399248173207,0.2716029279925179,47
Hamilton,New Zealand,Waikato,-37.78,175.28,maritime_dairy_pasture,2020-04-25,2020-05-11,0.49984601337362405,0.22263469735325506,0.2225432189749187,0.12477878104629696,48
PalmerstonN,New Zealand,Manawatu,-40.35,175.61,maritime_dairy_pasture,2020-04-25,2020-05-11,0.37966270926225737,0.26887239864956525,0.23278982940269802,0.10528524346180848,48
Hastings,New Zealand,HawkesBay,-39.64,176.84,maritime_horticulture,2020-04-25,2020-05-11,0.0781231414760612,0.04288119979782656,0.03830800902096195,-0.04348845785142386,49
Balclutha,New Zealand,Otago,-46.23,169.75,maritime_arable,2020-04-25,2020-05-11,0.5024755271518189,0.2379675314892646,0.23254865017724136,0.13360183182439334,44
TePuke,New Zealand,BayOfPlenty,-37.78,176.32,maritime_horticulture,2020-04-25,2020-05-11,0.5005777773320799,0.3102473660438282,0.27865791552777963,0.1457814630885149,51
Stratford,New Zealand,Taranaki,-39.34,174.28,maritime_dairy_pasture,2020-04-25,2020-05-11,0.5613639201912752,0.36050954758907916,0.344922149620555,0.13230430601111062,50
Blenheim,New Zealand,Marlborough,-41.51,173.96,maritime_horticulture,2020-04-25,2020-05-11,0.14866090161016743,0.07572543204754922,0.07376003297915422,-0.05051143534037809,47
Masterton,New Zealand,Wairarapa,-40.96,175.66,maritime_arable,2020-04-25,2020-05-11,0.549930074615795,0.37999394785521784,0.33980525334559303,0.14470547155112712,51
Kerikeri,New Zealand,Northland,-35.22,173.95,maritime_horticulture,2020-04-25,2020-05-11,0.8815993133236418,0.49372412871922294,0.4752581610340693,0.5442877293397217,47
Motueka,New Zealand,Tasman,-41.11,173,maritime_horticulture,2020-04-25,2020-05-11,0.6790711168768842,0.45549722413200766,0.42787915197080256,0.210321189087048,51
Shakardara,Afghanistan,Kabul,34.65,69.03,highland_irrigated,2020-05-11,2020-05-27,0.11295012936532044,0.09834010102731446,0.09164552879627644,-0.05399354886055742,44
Kama,Afghanistan,Nangarhar,34.42,70.55,lowland_irrigated,2020-05-11,2020-05-27,0.7557985907212983,0.5358088704341388,0.5119934960992972,0.30980405380619574,47
Dawlatabad,Afghanistan,Balkh,36.85,66.85,plains_irrigated,2020-05-11,2020-05-27,0.29030658408858995,0.25754251372680437,0.22836012896337954,0.037360092507509345,50
Injil,Afghanistan,Herat,34.28,62.15,plains_irrigated,2020-05-11,2020-05-27,0.43010040988216575,0.4201463543358185,0.34829885217437573,0.24966196042140237,47
Arghandab,Afghanistan,Kandahar,31.72,65.65,arid_irrigated,2020-05-11,2020-05-27,0.09471384560556804,0.07936770307199194,0.07826799490582201,-0.0631331664809968,47
Khanabad,Afghanistan,Kunduz,36.65,68.95,plains_irrigated,2020-05-11,2020-05-27,0.2536298184280398,0.22397144570456998,0.20077391627110633,0.0021411042235092996,44
Faizabad,Afghanistan,Badakhshan,37.1,70.55,highland_rainfed,2020-05-11,2020-05-27,0.335835442660237,0.24756002672710256,0.23382366294136106,0.09052668432377582,49
NadAli,Afghanistan,Helmand,31.55,64.25,arid_irrigated,2020-05-11,2020-05-27,0.13678829915487947,0.1056002354974555,0.10767165756350347,-0.05640065191338647,46
GhazniCity,Afghanistan,Ghazni,33.55,68.42,highland_rainfed,2020-05-11,2020-05-27,0.09594211341627963,0.1000832464118585,0.07887719666143365,-0.05217830653158174,46
Maimana,Afghanistan,Faryab,35.92,64.78,plains_rainfed,2020-05-11,2020-05-27,0.2745381097527358,0.22419483711417462,0.1969437910260517,-0.013707586257121538,48
Chaghcharan,Afghanistan,Ghor,34.52,65.25,highland_rainfed,2020-05-11,2020-05-27,0.14869279238708125,0.13743984736197737,0.12489171057181143,0.027474955862607814,47
Zaranj,Afghanistan,Nimroz,31,61.87,arid_irrigated,2020-05-11,2020-05-27,0.2272765000056,0.21873860680514257,0.1876036724442074,0.02056412001040423,46
Dronten,Netherlands,Flevoland,52.53,5.72,temperate_arable,2020-05-11,2020-05-27,0.20197791946452803,0.15601495350572167,0.1284506885876096,-0.05200715834272031,63
Sneek,Netherlands,Friesland,53.03,5.65,temperate_dairy_pasture,2020-05-11,2020-05-27,0.5503617279174442,0.40260458684158956,0.3475476828538259,0.12635633904362722,64
Goes,Netherlands,Zeeland,51.5,3.9,temperate_arable,2020-05-11,2020-05-27,0.27344167466461783,0.2291686692924566,0.1972327860748382,0.008938514776599413,62
Uden,Netherlands,Noord-Brabant,51.66,5.62,temperate_dairy_pasture,2020-05-11,2020-05-27,0.5169663556183602,0.40072596757573986,0.33859026863334357,0.14372422231057164,62
Venlo,Netherlands,Limburg,51.37,6.17,temperate_horticulture,2020-05-11,2020-05-27,0.2167147160274827,0.09118797690054764,0.09032261766375588,-0.15658173128055627,58
Wieringermeer,Netherlands,Noord-Holland,52.85,5,temperate_arable,2020-05-11,2020-05-27,0.151879316419518,0.1301481181106389,0.09924436914230084,-0.024032182591615724,60
Emmen,Netherlands,Drenthe,52.75,6.85,temperate_arable,2020-05-11,2020-05-27,0.7595492648321865,0.4896943814653019,0.39433458186447795,0.5006136894352494,59
Bunnik,Netherlands,Utrecht,52.05,5.2,temperate_dairy_pasture,2020-05-11,2020-05-27,0.6303323665486172,0.5716292542515325,0.4398270589020527,0.22386604990376263,56
Alblasserdam,Netherlands,Zuid-Holland,51.87,4.67,temperate_dairy_pasture,2020-05-11,2020-05-27,0.33355603812424134,0.24253324572293206,0.2007359603776512,0.05539090247362791,58
Hamilton,New Zealand,Waikato,-37.78,175.28,maritime_dairy_pasture,2020-05-11,2020-05-27,0.5242646820215334,0.24610792565454984,0.24311475390531448,0.1600246386796572,41
Gore,New Zealand,Southland,-46.1,168.95,maritime_dairy_pasture,2020-05-11,2020-05-27,0.31223717718680166,0.18087157179034508,0.17167850575685503,0.03231180019916764,47
PalmerstonN,New Zealand,Manawatu,-40.35,175.61,maritime_dairy_pasture,2020-05-11,2020-05-27,0.4730118320808642,0.32153051168981034,0.2846743690932182,0.1457713315763884,43
Hastings,New Zealand,HawkesBay,-39.64,176.84,maritime_horticulture,2020-05-11,2020-05-27,0.04778804423328026,0.031157374112429338,0.02536975398582212,-0.07586374379290968,48
Balclutha,New Zealand,Otago,-46.23,169.75,maritime_arable,2020-05-11,2020-05-27,0.4019067461304079,0.216518943900267,0.19113304925536515,0.11240178943607294,51
TePuke,New Zealand,BayOfPlenty,-37.78,176.32,maritime_horticulture,2020-05-11,2020-05-27,0.506424320889224,0.2954898826275904,0.26744250640729283,0.14335042148842525,50
Stratford,New Zealand,Taranaki,-39.34,174.28,maritime_dairy_pasture,2020-05-11,2020-05-27,0.5465877268157544,0.341111154244697,0.3307836225576963,0.14281433708844066,50
Blenheim,New Zealand,Marlborough,-41.51,173.96,maritime_horticulture,2020-05-11,2020-05-27,0.15800127022008661,0.0838149252852905,0.07855028799985563,-0.06213115318935165,50
Masterton,New Zealand,Wairarapa,-40.96,175.66,maritime_arable,2020-05-11,2020-05-27,0.5688385001749698,0.33279440033589064,0.3162055964859647,0.14530925456928576,51
Kerikeri,New Zealand,Northland,-35.22,173.95,maritime_horticulture,2020-05-11,2020-05-27,0.8672404723794578,0.5074363535141949,0.4886241659220327,0.5538271611638286,47
Motueka,New Zealand,Tasman,-41.11,173,maritime_horticulture,2020-05-11,2020-05-27,0.7073085585193103,0.45132619889075587,0.4244744951214239,0.2673039872987566,51
Shakardara,Afghanistan,Kabul,34.65,69.03,highland_irrigated,2020-05-27,2020-06-12,0.11089248191037017,0.0931684292835522,0.08931925184352946,-0.06362599859688219,44
Kama,Afghanistan,Nangarhar,34.42,70.55,lowland_irrigated,2020-05-27,2020-06-12,0.6896824409088989,0.5216393764037432,0.46413145477110673,0.2842260650776747,47
Dawlatabad,Afghanistan,Balkh,36.85,66.85,plains_irrigated,2020-05-27,2020-06-12,0.2577344178936079,0.23071853488380065,0.21091160758506483,0.02163132874635427,50
Injil,Afghanistan,Herat,34.28,62.15,plains_irrigated,2020-05-27,2020-06-12,0.39129451679464483,0.338396531266952,0.30352033687699564,0.19142314251449763,47
Arghandab,Afghanistan,Kandahar,31.72,65.65,arid_irrigated,2020-05-27,2020-06-12,0.09543478595206767,0.08043507214365211,0.07941240331323937,-0.06946439800243243,47
Khanabad,Afghanistan,Kunduz,36.65,68.95,plains_irrigated,2020-05-27,2020-06-12,0.15048874053005268,0.13136933908233997,0.12718010204420058,-0.06712705416650104,44
Faizabad,Afghanistan,Badakhshan,37.1,70.55,highland_rainfed,2020-05-27,2020-06-12,0.3122810114800545,0.23307948503313555,0.218130301063294,0.10118099376983368,49
NadAli,Afghanistan,Helmand,31.55,64.25,arid_irrigated,2020-05-27,2020-06-12,0.11853469847743192,0.10567771233604323,0.10320626359968654,-0.057477263477561436,46
GhazniCity,Afghanistan,Ghazni,33.55,68.42,highland_rainfed,2020-05-27,2020-06-12,0.09333838261420117,0.09619738357301601,0.07603501679538102,-0.05438509104702441,46
Maimana,Afghanistan,Faryab,35.92,64.78,plains_rainfed,2020-05-27,2020-06-12,0.2492830556239324,0.1956802487440542,0.17833206085045605,-0.03952134857689053,48
Chaghcharan,Afghanistan,Ghor,34.52,65.25,highland_rainfed,2020-05-27,2020-06-12,0.1453523954580191,0.13552030708025672,0.12381865140624236,-0.016026368919124068,47
Zaranj,Afghanistan,Nimroz,31,61.87,arid_irrigated,2020-05-27,2020-06-12,0.24585902285411854,0.23674752302039787,0.2061921107581398,0.04223849458782615,46
Dronten,Netherlands,Flevoland,52.53,5.72,temperate_arable,2020-05-27,2020-06-12,0.20327283864088727,0.1479545250526414,0.1256594646875803,-0.029144547911610624,63
Veendam,Netherlands,Groningen,53.1,6.87,temperate_arable,2020-05-27,2020-06-12,0.5942949182610873,0.4016033635412048,0.36080804112819886,0.12847424824603032,62
Sneek,Netherlands,Friesland,53.03,5.65,temperate_dairy_pasture,2020-05-27,2020-06-12,0.539302979490143,0.3735723999187819,0.33865254179207915,0.10513509109220824,64
Goes,Netherlands,Zeeland,51.5,3.9,temperate_arable,2020-05-27,2020-06-12,0.26538163882249327,0.214694844481832,0.19189368355992356,0.010692497011121037,62
Uden,Netherlands,Noord-Brabant,51.66,5.62,temperate_dairy_pasture,2020-05-27,2020-06-12,0.499078566887411,0.3395238368883611,0.30756977528126955,0.11317253091728155,62
Tiel,Netherlands,Gelderland,51.9,5.6,temperate_horticulture,2020-05-27,2020-06-12,-0.19889141639532704,-0.03490705531005787,-0.033831546643660476,0.16064170578126963,55
Almelo,Netherlands,Overijssel,52.35,6.6,temperate_dairy_pasture,2020-05-27,2020-06-12,0.5994350765653159,0.4592881683540602,0.41064428587055574,0.10172921488578239,62
Venlo,Netherlands,Limburg,51.37,6.17,temperate_horticulture,2020-05-27,2020-06-12,0.17106547326484095,0.10322234823178938,0.09193932979775661,-0.08638929837402388,58
Wieringermeer,Netherlands,Noord-Holland,52.85,5,temperate_arable,2020-05-27,2020-06-12,0.19910189302280648,0.1537331692714881,0.13959380768394783,-0.019666792739539765,62
Emmen,Netherlands,Drenthe,52.75,6.85,temperate_arable,2020-05-27,2020-06-12,0.8108364564777581,0.7366332377950604,0.607623539932861,0.4201020114676909,59
Bunnik,Netherlands,Utrecht,52.05,5.2,temperate_dairy_pasture,2020-05-27,2020-06-12,0.7048308974983034,0.5652512362247494,0.5054012680698358,0.22053685988191077,56
Alblasserdam,Netherlands,Zuid-Holland,51.87,4.67,temperate_dairy_pasture,2020-05-27,2020-06-12,0.3094606344539456,0.25919782103513156,0.20573154733268828,0.05858448815305823,58
Hamilton,New Zealand,Waikato,-37.78,175.28,maritime_dairy_pasture,2020-05-27,2020-06-12,0.31391663991958785,0.2003364123454757,0.16923406298367452,0.09358790848493775,40
Gore,New Zealand,Southland,-46.1,168.95,maritime_dairy_pasture,2020-05-27,2020-06-12,0.3140623487264872,0.17627919942982057,0.16642469661461945,0.16955149098883301,50
PalmerstonN,New Zealand,Manawatu,-40.35,175.61,maritime_dairy_pasture,2020-05-27,2020-06-12,0.44843384138052145,0.3058458080917657,0.27120156157527125,0.13000420707747956,47
Hastings,New Zealand,HawkesBay,-39.64,176.84,maritime_horticulture,2020-05-27,2020-06-12,0.054712842411791654,0.02764661294790492,0.02552305178991116,-0.09526881431422447,42
Balclutha,New Zealand,Otago,-46.23,169.75,maritime_arable,2020-05-27,2020-06-12,0.4220667007855548,0.22955926523450235,0.20165229748421715,0.1320427458030834,49
TePuke,New Zealand,BayOfPlenty,-37.78,176.32,maritime_horticulture,2020-05-27,2020-06-12,0.5268772368115826,0.28878914068212214,0.26594142213089833,0.18169176996974448,50
Blenheim,New Zealand,Marlborough,-41.51,173.96,maritime_horticulture,2020-05-27,2020-06-12,0.14999513233276757,0.07831596529881103,0.07270457825927136,-0.07316927513948084,51
Masterton,New Zealand,Wairarapa,-40.96,175.66,maritime_arable,2020-05-27,2020-06-12,0.5569260135462049,0.3090196255683343,0.29804907571888306,0.11921855077288493,49
Kerikeri,New Zealand,Northland,-35.22,173.95,maritime_horticulture,2020-05-27,2020-06-12,0.7134448891853566,0.4659506638507734,0.40826210754596926,0.42351167228400377,47
Motueka,New Zealand,Tasman,-41.11,173,maritime_horticulture,2020-05-27,2020-06-12,0.5542676927214467,0.30869517285043896,0.3056012403948907,0.12941255685705091,51
Shakardara,Afghanistan,Kabul,34.65,69.03,highland_irrigated,2020-06-12,2020-06-28,0.11607275405803776,0.09550151838308067,0.09216707870027861,-0.06690764259602826,44
Kama,Afghanistan,Nangarhar,34.42,70.55,lowland_irrigated,2020-06-12,2020-06-28,0.6423177896752107,0.45374325311750696,0.4191115304445697,0.2708884390761884,47
Dawlatabad,Afghanistan,Balkh,36.85,66.85,plains_irrigated,2020-06-12,2020-06-28,0.29110610454645897,0.2721076660875191,0.24506084902466677,0.053461466392315755,50
Injil,Afghanistan,Herat,34.28,62.15,plains_irrigated,2020-06-12,2020-06-28,0.1245264182289188,0.10554400382768382,0.09859937024663674,-0.020643838293029657,47
Arghandab,Afghanistan,Kandahar,31.72,65.65,arid_irrigated,2020-06-12,2020-06-28,0.09247830000692363,0.07878347173898786,0.07743232433958429,-0.06484941188115043,47
Khanabad,Afghanistan,Kunduz,36.65,68.95,plains_irrigated,2020-06-12,2020-06-28,0.10884358352401945,0.09573355096677034,0.09294566625511269,-0.09340493779850574,44
Faizabad,Afghanistan,Badakhshan,37.1,70.55,highland_rainfed,2020-06-12,2020-06-28,0.274826292739603,0.2104102874147142,0.19554724844925803,0.08156649624730979,49
NadAli,Afghanistan,Helmand,31.55,64.25,arid_irrigated,2020-06-12,2020-06-28,0.154816163056822,0.13632094031374623,0.13250273825334147,-0.034398232498756995,46
GhazniCity,Afghanistan,Ghazni,33.55,68.42,highland_rainfed,2020-06-12,2020-06-28,0.09783719190453727,0.09780499702657816,0.07965641889458015,-0.06316897173007975,46
Maimana,Afghanistan,Faryab,35.92,64.78,plains_rainfed,2020-06-12,2020-06-28,0.24176230121876788,0.18627346279881962,0.16920004437764494,-0.02614558210923032,48
Chaghcharan,Afghanistan,Ghor,34.52,65.25,highland_rainfed,2020-06-12,2020-06-28,0.16246506085983936,0.15496289590373746,0.1395553650066763,-0.01372884959591852,47
Zaranj,Afghanistan,Nimroz,31,61.87,arid_irrigated,2020-06-12,2020-06-28,0.19407626502153194,0.17807117411189147,0.15894938906530223,0.004747499344128255,46
Dronten,Netherlands,Flevoland,52.53,5.72,temperate_arable,2020-06-12,2020-06-28,0.2151934920977914,0.16157850066079932,0.13456065695454753,-0.05351151396798023,63
Veendam,Netherlands,Groningen,53.1,6.87,temperate_arable,2020-06-12,2020-06-28,0.5833077233981637,0.3941208526752163,0.34947630904707405,0.14013755355236493,62
Sneek,Netherlands,Friesland,53.03,5.65,temperate_dairy_pasture,2020-06-12,2020-06-28,0.5104926409576191,0.3545348890802189,0.31192568134646775,0.0760857280201637,64
Goes,Netherlands,Zeeland,51.5,3.9,temperate_arable,2020-06-12,2020-06-28,0.24234091859329399,0.19806315697501792,0.17228186154317804,-0.02107999025162596,62
Uden,Netherlands,Noord-Brabant,51.66,5.62,temperate_dairy_pasture,2020-06-12,2020-06-28,0.5344891795231949,0.3267905298079198,0.30609977896285706,0.09479089841338127,62
Tiel,Netherlands,Gelderland,51.9,5.6,temperate_horticulture,2020-06-12,2020-06-28,-0.28534058245402655,-0.0414675499261801,-0.04062500416514167,0.11035000739854571,58
Almelo,Netherlands,Overijssel,52.35,6.6,temperate_dairy_pasture,2020-06-12,2020-06-28,0.7196662815619415,0.46640957639050573,0.4403612472281952,0.1019779000857092,62
Venlo,Netherlands,Limburg,51.37,6.17,temperate_horticulture,2020-06-12,2020-06-28,0.1815377735609697,0.09574769188166302,0.08401803696762931,-0.16170369214503708,58
Wieringermeer,Netherlands,Noord-Holland,52.85,5,temperate_arable,2020-06-12,2020-06-28,0.617272903484879,0.5510601532988509,0.4493777451454519,0.33074203133583074,62
Emmen,Netherlands,Drenthe,52.75,6.85,temperate_arable,2020-06-12,2020-06-28,0.7041210200638526,0.5493320613803057,0.49151047122767044,0.2365228297966204,59
Bunnik,Netherlands,Utrecht,52.05,5.2,temperate_dairy_pasture,2020-06-12,2020-06-28,0.8743034417437406,0.825062745387582,0.673755622441066,0.41231036694049,56
Alblasserdam,Netherlands,Zuid-Holland,51.87,4.67,temperate_dairy_pasture,2020-06-12,2020-06-28,0.33060054783524107,0.23177358705783851,0.20004237648366177,0.0416268763920321,58
Ashburton,New Zealand,Canterbury,-43.9,171.75,maritime_arable,2020-06-12,2020-06-28,0.4830040518978908,0.20601460856565101,0.18428177578657562,0.182518295297095,53
Hamilton,New Zealand,Waikato,-37.78,175.28,maritime_dairy_pasture,2020-06-12,2020-06-28,0.5545449401060095,0.26750420221094046,0.2593791065935108,0.19291313409524233,38
Hastings,New Zealand,HawkesBay,-39.64,176.84,maritime_horticulture,2020-06-12,2020-06-28,0.05129187589144945,0.016794948211117006,0.024362615989420362,-0.0915766371433203,37
Balclutha,New Zealand,Otago,-46.23,169.75,maritime_arable,2020-06-12,2020-06-28,0.35970563161952723,0.23267819543242543,0.18491383193167515,0.10532351842179744,51
TePuke,New Zealand,BayOfPlenty,-37.78,176.32,maritime_horticulture,2020-06-12,2020-06-28,0.4891900372569868,0.2862516829024891,0.2586164826653105,0.169332758362133,51
Stratford,New Zealand,Taranaki,-39.34,174.28,maritime_dairy_pasture,2020-06-12,2020-06-28,0.48776424565241294,0.344719831518636,0.2974050581553051,0.1825801424650627,50
Blenheim,New Zealand,Marlborough,-41.51,173.96,maritime_horticulture,2020-06-12,2020-06-28,0.18599599497528624,0.10337491933535327,0.088997348413972,0.010795423380036782,51
Masterton,New Zealand,Wairarapa,-40.96,175.66,maritime_arable,2020-06-12,2020-06-28,0.4863418473823818,0.3874544683021047,0.32679555607076166,0.17261933102927815,51
Kerikeri,New Zealand,Northland,-35.22,173.95,maritime_horticulture,2020-06-12,2020-06-28,0.8726023219853309,0.538420861533304,0.48111525066733213,0.5154085198089806,47
Motueka,New Zealand,Tasman,-41.11,173,maritime_horticulture,2020-06-12,2020-06-28,0.6116084036012546,0.3654195408518488,0.34755795350525914,0.2022000681329499,51
Shakardara,Afghanistan,Kabul,34.65,69.03,highland_irrigated,2020-06-28,2020-07-14,0.1349325994936269,0.11094637171442487,0.10748291347871834,-0.04232837283495403,44
Kama,Afghanistan,Nangarhar,34.42,70.55,lowland_irrigated,2020-06-28,2020-07-14,0.6721467159178679,0.4384943135064497,0.420994014012131,0.3035675964459874,47
Dawlatabad,Afghanistan,Balkh,36.85,66.85,plains_irrigated,2020-06-28,2020-07-14,0.2741079284697503,0.2689770351904703,0.23568829565718924,0.05214545357894346,50
Injil,Afghanistan,Herat,34.28,62.15,plains_irrigated,2020-06-28,2020-07-14,0.11332040917961003,0.10244838206151853,0.09388515794710431,-0.016655447100161983,47
Arghandab,Afghanistan,Kandahar,31.72,65.65,arid_irrigated,2020-06-28,2020-07-14,0.08064730577468301,0.06866073123736001,0.06754788713895789,-0.07247307229338265,47
Khanabad,Afghanistan,Kunduz,36.65,68.95,plains_irrigated,2020-06-28,2020-07-14,0.1005703489448567,0.0869029605474992,0.0857173978403157,-0.08739277395828488,44
Faizabad,Afghanistan,Badakhshan,37.1,70.55,highland_rainfed,2020-06-28,2020-07-14,0.2591837160751667,0.2048332047967255,0.18560441780566378,0.05546546331731609,49
NadAli,Afghanistan,Helmand,31.55,64.25,arid_irrigated,2020-06-28,2020-07-14,0.20198996114197065,0.16288690934773636,0.1605310243914919,-0.003312036291425074,46
GhazniCity,Afghanistan,Ghazni,33.55,68.42,highland_rainfed,2020-06-28,2020-07-14,0.08144727196979541,0.08852919466185603,0.0681425760184905,-0.06388345739778128,46
Maimana,Afghanistan,Faryab,35.92,64.78,plains_rainfed,2020-06-28,2020-07-14,0.24711481971607807,0.19739136412483743,0.1811300182090062,-0.02181596003522377,48
Chaghcharan,Afghanistan,Ghor,34.52,65.25,highland_rainfed,2020-06-28,2020-07-14,0.17634368227867514,0.16912890786116205,0.1520777390868795,-0.018146073785318847,47
Zaranj,Afghanistan,Nimroz,31,61.87,arid_irrigated,2020-06-28,2020-07-14,0.19129469238782518,0.18644213947133367,0.1650823940401741,-0.0003146635664138759,39
Veendam,Netherlands,Groningen,53.1,6.87,temperate_arable,2020-06-28,2020-07-14,0.18997464542871348,-0.10618069184026173,0.1633933284828049,-0.032830368655278636,13
Sneek,Netherlands,Friesland,53.03,5.65,temperate_dairy_pasture,2020-06-28,2020-07-14,0.4631206918682465,0.20851550462353471,0.1929115516096416,0.14644669287501322,39
Goes,Netherlands,Zeeland,51.5,3.9,temperate_arable,2020-06-28,2020-07-14,0.30010883556374096,0.37618079126111575,0.2356969107344556,0.04476900283109793,60
Tiel,Netherlands,Gelderland,51.9,5.6,temperate_horticulture,2020-06-28,2020-07-14,0.16843148617243225,0.13855901181207483,0.11119863071091819,-0.02632564344094135,3
Almelo,Netherlands,Overijssel,52.35,6.6,temperate_dairy_pasture,2020-06-28,2020-07-14,0.8636085383543003,0.8275689779131944,0.6535681839852159,0.38812882075060723,62
Venlo,Netherlands,Limburg,51.37,6.17,temperate_horticulture,2020-06-28,2020-07-14,0.06985501688497127,0.11172648760803297,0.04708948781701933,-0.1166917391613988,15
Emmen,Netherlands,Drenthe,52.75,6.85,temperate_arable,2020-06-28,2020-07-14,0.39959483293800174,0.3526697624705722,0.2512210055232725,0.2562878208978338,41
Bunnik,Netherlands,Utrecht,52.05,5.2,temperate_dairy_pasture,2020-06-28,2020-07-14,0.8551041113866108,1.0582986224295579,0.744145272697317,0.45360473568566007,56
Ashburton,New Zealand,Canterbury,-43.9,171.75,maritime_arable,2020-06-28,2020-07-14,0.6332246927650151,0.286468942736091,0.2742022759588935,0.1985479854327517,53
Hamilton,New Zealand,Waikato,-37.78,175.28,maritime_dairy_pasture,2020-06-28,2020-07-14,0.5695853354577907,0.2437940595686405,0.24312662718967526,0.2071738186981861,44
Gore,New Zealand,Southland,-46.1,168.95,maritime_dairy_pasture,2020-06-28,2020-07-14,-0.09184939825266765,0.02198835181224115,0.015114123813158126,0.3050769323374865,53
PalmerstonN,New Zealand,Manawatu,-40.35,175.61,maritime_dairy_pasture,2020-06-28,2020-07-14,0.5069058935980552,0.3332932821677435,0.30782964859155443,0.13518862726038375,41
Hastings,New Zealand,HawkesBay,-39.64,176.84,maritime_horticulture,2020-06-28,2020-07-14,0.05375940416070898,0.028671095345516758,0.02477000316683216,-0.1164529802114008,39
Balclutha,New Zealand,Otago,-46.23,169.75,maritime_arable,2020-06-28,2020-07-14,0.36374942049701775,0.21354685091423187,0.17768231933771642,0.14837156175094288,52
TePuke,New Zealand,BayOfPlenty,-37.78,176.32,maritime_horticulture,2020-06-28,2020-07-14,0.5137244284106784,0.28458885633228365,0.2616730126455829,0.20617303226294503,51
Stratford,New Zealand,Taranaki,-39.34,174.28,maritime_dairy_pasture,2020-06-28,2020-07-14,0.3530484310892369,0.3610180427188161,0.23865662098361723,0.1872521393544864,50
Blenheim,New Zealand,Marlborough,-41.51,173.96,maritime_horticulture,2020-06-28,2020-07-14,0.17155923308861284,0.09176000357898403,0.08463185629917375,-0.04527845747796407,50
Masterton,New Zealand,Wairarapa,-40.96,175.66,maritime_arable,2020-06-28,2020-07-14,0.6041368699430055,0.31753460368171,0.311057139629746,0.1463406858172216,51
Kerikeri,New Zealand,Northland,-35.22,173.95,maritime_horticulture,2020-06-28,2020-07-14,0.8844040813463508,0.48191569423119884,0.4688689530202454,0.5662586696057036,47
Motueka,New Zealand,Tasman,-41.11,173,maritime_horticulture,2020-06-28,2020-07-14,0.6283829032449171,0.3808071110678314,0.3613291227057686,0.20052950618563892,51
Shakardara,Afghanistan,Kabul,34.65,69.03,highland_irrigated,2020-07-14,2020-07-30,0.15737295180219008,0.13082710161147237,0.12513761612088398,-0.038875656120861565,44
Kama,Afghanistan,Nangarhar,34.42,70.55,lowland_irrigated,2020-07-14,2020-07-30,0.6456871963227949,0.4742666283306792,0.40540831872572286,0.2943799639033724,47
Dawlatabad,Afghanistan,Balkh,36.85,66.85,plains_irrigated,2020-07-14,2020-07-30,0.23146458995098804,0.2159894078834144,0.19782149630316462,0.02544160941362806,50
Injil,Afghanistan,Herat,34.28,62.15,plains_irrigated,2020-07-14,2020-07-30,0.1059564397460002,0.09502585188891309,0.08748570435716278,-0.019963760290261787,47
Arghandab,Afghanistan,Kandahar,31.72,65.65,arid_irrigated,2020-07-14,2020-07-30,0.07820847123539881,0.06628539598780472,0.06532081177581729,-0.07811587450784105,47
Khanabad,Afghanistan,Kunduz,36.65,68.95,plains_irrigated,2020-07-14,2020-07-30,0.08790951143119403,0.06966749349548546,0.068440159495521,-0.1323852768392309,44
Faizabad,Afghanistan,Badakhshan,37.1,70.55,highland_rainfed,2020-07-14,2020-07-30,0.2427731302382394,0.1731554437318123,0.16439392337697648,0.0409752442678523,49
NadAli,Afghanistan,Helmand,31.55,64.25,arid_irrigated,2020-07-14,2020-07-30,0.35663877484335826,0.3012320601720522,0.28239749602757885,0.09600890702273307,46
GhazniCity,Afghanistan,Ghazni,33.55,68.42,highland_rainfed,2020-07-14,2020-07-30,0.08635674567214657,0.08801149981670926,0.0708082902038062,-0.06930753055579443,46
Maimana,Afghanistan,Faryab,35.92,64.78,plains_rainfed,2020-07-14,2020-07-30,0.23071578143831525,0.1748495513003426,0.16218167246723778,-0.040384944334897706,48
Chaghcharan,Afghanistan,Ghor,34.52,65.25,highland_rainfed,2020-07-14,2020-07-30,0.16565696432668242,0.15650535302489066,0.1408219104463066,-0.027100549415836547,47
Zaranj,Afghanistan,Nimroz,31,61.87,arid_irrigated,2020-07-14,2020-07-30,0.17618137827813196,0.16806595306299246,0.15315610186539777,-0.006789174374367977,46
Dronten,Netherlands,Flevoland,52.53,5.72,temperate_arable,2020-07-14,2020-07-30,0.1915692054556743,0.15849862188645594,0.12448710546497566,-0.04190480219785237,63
Veendam,Netherlands,Groningen,53.1,6.87,temperate_arable,2020-07-14,2020-07-30,0.5739833738110849,0.48560527455731123,0.3896482399000167,0.15428637858642535,62
Sneek,Netherlands,Friesland,53.03,5.65,temperate_dairy_pasture,2020-07-14,2020-07-30,0.4343793216182881,-1.708699156273106,0.2509807319208706,0.1991434929556826,44
Goes,Netherlands,Zeeland,51.5,3.9,temperate_arable,2020-07-14,2020-07-30,0.2930635132478868,0.2954705697488732,0.22148062966080215,0.05897491363927356,62
Uden,Netherlands,Noord-Brabant,51.66,5.62,temperate_dairy_pasture,2020-07-14,2020-07-30,0.5401237079181326,0.3210603442654509,0.2939963798600774,0.17470088740596768,59
Tiel,Netherlands,Gelderland,51.9,5.6,temperate_horticulture,2020-07-14,2020-07-30,-0.314027063481794,-0.04465445943564703,-0.045345928491659505,0.01450396397206101,51
Almelo,Netherlands,Overijssel,52.35,6.6,temperate_dairy_pasture,2020-07-14,2020-07-30,0.7342220512461171,0.7717456113713943,0.5558534539910489,0.34352838277612635,62
Venlo,Netherlands,Limburg,51.37,6.17,temperate_horticulture,2020-07-14,2020-07-30,0.19087861940406642,0.10365143084609808,0.0948835006732514,-0.10640458790277506,54
Wieringermeer,Netherlands,Noord-Holland,52.85,5,temperate_arable,2020-07-14,2020-07-30,0.7708835767056695,0.4395519857891095,0.3719167968805862,0.6099779079973359,58
Emmen,Netherlands,Drenthe,52.75,6.85,temperate_arable,2020-07-14,2020-07-30,0.5779748864328423,0.5377647190534496,0.4296411403943907,0.13525424315394627,59
Bunnik,Netherlands,Utrecht,52.05,5.2,temperate_dairy_pasture,2020-07-14,2020-07-30,0.6039795167513097,0.5520166810471452,0.44957558301329154,0.1835200416272716,56
Alblasserdam,Netherlands,Zuid-Holland,51.87,4.67,temperate_dairy_pasture,2020-07-14,2020-07-30,0.33966136585620804,0.25715449942167207,0.20976946056338472,0.08787521034635881,58
Hamilton,New Zealand,Waikato,-37.78,175.28,maritime_dairy_pasture,2020-07-14,2020-07-30,0.5343042399825582,0.30175323286892963,0.28175268601019793,0.19359021595154702,32
Gore,New Zealand,Southland,-46.1,168.95,maritime_dairy_pasture,2020-07-14,2020-07-30,-0.08555865297717544,0.04862494633487366,0.05096033480328665,0.036781030492632996,38
PalmerstonN,New Zealand,Manawatu,-40.35,175.61,maritime_dairy_pasture,2020-07-14,2020-07-30,0.47848290459387405,0.3244007368718082,0.28249437386214543,0.14423060006653654,41
Hastings,New Zealand,HawkesBay,-39.64,176.84,maritime_horticulture,2020-07-14,2020-07-30,0.07075090408019609,0.04115134016093784,0.036558322839947345,-0.08048180475461074,41
Balclutha,New Zealand,Otago,-46.23,169.75,maritime_arable,2020-07-14,2020-07-30,0.3148359044606603,0.18255361681330315,0.1547778191320077,0.16539482850186138,52
TePuke,New Zealand,BayOfPlenty,-37.78,176.32,maritime_horticulture,2020-07-14,2020-07-30,0.5074233471829159,0.3051325393262215,0.27006925877817034,0.14008940269787148,51
Blenheim,New Zealand,Marlborough,-41.51,173.96,maritime_horticulture,2020-07-14,2020-07-30,0.17038851864311458,0.09891569098005507,0.0892648916707504,-0.050993972542291155,51
Masterton,New Zealand,Wairarapa,-40.96,175.66,maritime_arable,2020-07-14,2020-07-30,0.563121286391795,0.33004584002815873,0.3119422285631327,0.14400781851963407,51
Kerikeri,New Zealand,Northland,-35.22,173.95,maritime_horticulture,2020-07-14,2020-07-30,0.6905710746981066,0.3735658046255745,0.33784134803225757,0.48886521628993,47
Motueka,New Zealand,Tasman,-41.11,173,maritime_horticulture,2020-07-14,2020-07-30,0.4607268306699235,0.28080460209771446,0.2746577192330015,-0.0054561528889334465,51
Shakardara,Afghanistan,Kabul,34.65,69.03,highland_irrigated,2020-07-30,2020-08-15,0.19835542124610822,0.1557394409044881,0.15239404732092113,-0.015191176244486687,44
Kama,Afghanistan,Nangarhar,34.42,70.55,lowland_irrigated,2020-07-30,2020-08-15,0.7084690106277438,0.5041944094429831,0.4459651444856569,0.3055407940184029,47
Dawlatabad,Afghanistan,Balkh,36.85,66.85,plains_irrigated,2020-07-30,2020-08-15,0.22150096702732186,0.2101733551989696,0.18985961839693427,0.028742426698500727,50
Injil,Afghanistan,Herat,34.28,62.15,plains_irrigated,2020-07-30,2020-08-15,0.14195006772261728,0.12443742371153185,0.1136379871290382,0.008158844847239836,47
Arghandab,Afghanistan,Kandahar,31.72,65.65,arid_irrigated,2020-07-30,2020-08-15,0.07408772822912989,0.06333137620869905,0.062143395838704533,-0.07769552196345277,47
Khanabad,Afghanistan,Kunduz,36.65,68.95,plains_irrigated,2020-07-30,2020-08-15,0.08979472399793108,0.07293234005785883,0.07234223274569145,-0.11561468684972138,44
Faizabad,Afghanistan,Badakhshan,37.1,70.55,highland_rainfed,2020-07-30,2020-08-15,0.22664430558499865,0.16865132800935373,0.15799543872390726,0.034141988042876034,49
NadAli,Afghanistan,Helmand,31.55,64.25,arid_irrigated,2020-07-30,2020-08-15,0.4193367417579266,0.3651860340573991,0.32846763391160705,0.13698353939336633,46
GhazniCity,Afghanistan,Ghazni,33.55,68.42,highland_rainfed,2020-07-30,2020-08-15,0.09004338042638815,0.0887115903620462,0.07319683029168177,-0.072484251897988,46
Maimana,Afghanistan,Faryab,35.92,64.78,plains_rainfed,2020-07-30,2020-08-15,0.22364587296428734,0.16425806890904554,0.1534607819462073,-0.04198814107163491,48
Chaghcharan,Afghanistan,Ghor,34.52,65.25,highland_rainfed,2020-07-30,2020-08-15,0.17817259510462058,0.1617926277295599,0.14766113528315883,-0.015247151708186626,47
Zaranj,Afghanistan,Nimroz,31,61.87,arid_irrigated,2020-07-30,2020-08-15,0.16817859068962354,0.16413641090984613,0.14540801354025273,-0.0030123529022351814,46
Dronten,Netherlands,Flevoland,52.53,5.72,temperate_arable,2020-07-30,2020-08-15,0.21077826316990406,0.1422575318874823,0.1268088059882871,-0.06565824716902334,63
Veendam,Netherlands,Groningen,53.1,6.87,temperate_arable,2020-07-30,2020-08-15,0.5796184048926505,0.34993541031517666,0.327145255820333,0.08937815640937703,62
Sneek,Netherlands,Friesland,53.03,5.65,temperate_dairy_pasture,2020-07-30,2020-08-15,0.5295030649038873,0.34100045063433354,0.3093683751849185,0.06419570516505631,64
Goes,Netherlands,Zeeland,51.5,3.9,temperate_arable,2020-07-30,2020-08-15,0.288427254359254,0.3654578736173939,0.22556574259850654,0.050924549193501055,29
Uden,Netherlands,Noord-Brabant,51.66,5.62,temperate_dairy_pasture,2020-07-30,2020-08-15,0.4495784248433275,0.227722212650443,0.23112173168849945,-0.03346033382231895,62
Tiel,Netherlands,Gelderland,51.9,5.6,temperate_horticulture,2020-07-30,2020-08-15,-0.2975184830302064,-0.028342300447725836,-0.031133845855570774,0.05531884477830037,60
Almelo,Netherlands,Overijssel,52.35,6.6,temperate_dairy_pasture,2020-07-30,2020-08-15,0.5363337746681008,0.3444353702254525,0.3382363910405344,-0.010495195966927582,62
Venlo,Netherlands,Limburg,51.37,6.17,temperate_horticulture,2020-07-30,2020-08-15,0.1878125767805654,0.08145341858163438,0.07985157178032738,-0.17318387201700702,58
Wieringermeer,Netherlands,Noord-Holland,52.85,5,temperate_arable,2020-07-30,2020-08-15,0.3277699958469075,0.27655369460773993,0.2423087229185161,0.01213105290446822,62
Emmen,Netherlands,Drenthe,52.75,6.85,temperate_arable,2020-07-30,2020-08-15,0.768119172112596,0.6418236977633934,0.5500228009379605,0.19628123328901328,59
Bunnik,Netherlands,Utrecht,52.05,5.2,temperate_dairy_pasture,2020-07-30,2020-08-15,0.7484205726926941,0.5736753365651532,0.5027994229788267,0.21230522370021104,56
Alblasserdam,Netherlands,Zuid-Holland,51.87,4.67,temperate_dairy_pasture,2020-07-30,2020-08-15,0.32405233502759107,0.20934279313125884,0.1863603166238,0.03311521833967612,58
Ashburton,New Zealand,Canterbury,-43.9,171.75,maritime_arable,2020-07-30,2020-08-15,0.5903534049682284,0.30505218265289824,0.2841636155351916,0.20001777390406783,33
Hamilton,New Zealand,Waikato,-37.78,175.28,maritime_dairy_pasture,2020-07-30,2020-08-15,0.4893806269795587,0.22039145584220007,0.2030713637496498,0.10662136245021854,48
Gore,New Zealand,Southland,-46.1,168.95,maritime_dairy_pasture,2020-07-30,2020-08-15,0.1863339818721076,0.14132886172183187,0.1242484496584987,0.0612886761952339,54
PalmerstonN,New Zealand,Manawatu,-40.35,175.61,maritime_dairy_pasture,2020-07-30,2020-08-15,0.4709993663282682,0.302713037714973,0.28314071584811007,0.14341040638241115,44
Hastings,New Zealand,HawkesBay,-39.64,176.84,maritime_horticulture,2020-07-30,2020-08-15,0.07467283601078278,0.0432565122838219,0.03886472595893286,-0.09131648492930125,37
Balclutha,New Zealand,Otago,-46.23,169.75,maritime_arable,2020-07-30,2020-08-15,0.3820364144276972,0.20350060307230686,0.18948620838502694,0.10706405148827002,52
TePuke,New Zealand,BayOfPlenty,-37.78,176.32,maritime_horticulture,2020-07-30,2020-08-15,0.46243954795484804,0.3374129909986684,0.2765507401846091,0.16483808363454833,51
Stratford,New Zealand,Taranaki,-39.34,174.28,maritime_dairy_pasture,2020-07-30,2020-08-15,0.543521424906752,0.3958286488461032,0.35122536649596975,0.12215382814831141,50
Blenheim,New Zealand,Marlborough,-41.51,173.96,maritime_horticulture,2020-07-30,2020-08-15,0.17713721502878316,0.10524499394815338,0.09466461979187626,-0.04857371276545953,50
Masterton,New Zealand,Wairarapa,-40.96,175.66,maritime_arable,2020-07-30,2020-08-15,0.5601953119260621,0.3289725089112998,0.3105570615984477,0.13180659685050283,51
Kerikeri,New Zealand,Northland,-35.22,173.95,maritime_horticulture,2020-07-30,2020-08-15,0.8461807785426084,0.3915752109633712,0.39230347044446445,0.5175164800321499,47
Motueka,New Zealand,Tasman,-41.11,173,maritime_horticulture,2020-07-30,2020-08-15,0.547402677099271,0.34154808258637576,0.322953584624645,0.12725167553132005,51
Shakardara,Afghanistan,Kabul,34.65,69.03,highland_irrigated,2020-08-15,2020-08-31,0.19184086541113746,0.1536989166906273,0.14736157792602714,-0.01198348499901402,44
Kama,Afghanistan,Nangarhar,34.42,70.55,lowland_irrigated,2020-08-15,2020-08-31,0.7455492220333315,0.539197314106837,0.47774026312244633,0.33339825963366393,47
Dawlatabad,Afghanistan,Balkh,36.85,66.85,plains_irrigated,2020-08-15,2020-08-31,0.22383078442187562,0.208820502714995,0.1898856702782092,0.034044502820720655,50
Injil,Afghanistan,Herat,34.28,62.15,plains_irrigated,2020-08-15,2020-08-31,0.1532977847264919,0.13260218427017054,0.12202996594005004,0.019383941446629874,47
Arghandab,Afghanistan,Kandahar,31.72,65.65,arid_irrigated,2020-08-15,2020-08-31,0.07655999624015974,0.06421202902789754,0.06377358763493164,-0.07344836403486245,47
Khanabad,Afghanistan,Kunduz,36.65,68.95,plains_irrigated,2020-08-15,2020-08-31,0.08490057088763003,0.0712703948459577,0.06796464386734428,-0.10234879542949525,44
Faizabad,Afghanistan,Badakhshan,37.1,70.55,highland_rainfed,2020-08-15,2020-08-31,0.23093354518501452,0.17322009521162418,0.16413768827764866,0.036899610066575626,49
NadAli,Afghanistan,Helmand,31.55,64.25,arid_irrigated,2020-08-15,2020-08-31,0.46966450977236485,0.39983401655603984,0.36381776543401545,0.1694599227792959,46
GhazniCity,Afghanistan,Ghazni,33.55,68.42,highland_rainfed,2020-08-15,2020-08-31,0.0803326164703458,0.08060859111653472,0.06528582610888521,-0.0759582231976018,46
Maimana,Afghanistan,Faryab,35.92,64.78,plains_rainfed,2020-08-15,2020-08-31,0.22457662847259593,0.16236769270501644,0.15306732063462733,-0.02915694516895869,48
Chaghcharan,Afghanistan,Ghor,34.52,65.25,highland_rainfed,2020-08-15,2020-08-31,0.17558408035161258,0.14938528185382974,0.14091112728450816,-0.021849798607360804,47
Zaranj,Afghanistan,Nimroz,31,61.87,arid_irrigated,2020-08-15,2020-08-31,0.1740958336664633,0.16666070283962253,0.15035532307068658,0.0002927861192700234,46
Dronten,Netherlands,Flevoland,52.53,5.72,temperate_arable,2020-08-15,2020-08-31,0.2427202559682322,0.1941972414273645,0.15910687622885775,-0.020706394867174148,61
Veendam,Netherlands,Groningen,53.1,6.87,temperate_arable,2020-08-15,2020-08-31,0.5676518728596156,0.30360111705965565,0.26536899261916364,0.21909280394926978,61
Sneek,Netherlands,Friesland,53.03,5.65,temperate_dairy_pasture,2020-08-15,2020-08-31,0.48196681956051873,0.3468988209871541,0.30058717989509065,0.161955729662678,64
Goes,Netherlands,Zeeland,51.5,3.9,temperate_arable,2020-08-15,2020-08-31,0.2398248747791627,0.20557460561895863,0.15569229326537293,-0.020767325348946722,60
Uden,Netherlands,Noord-Brabant,51.66,5.62,temperate_dairy_pasture,2020-08-15,2020-08-31,0.30796866445311843,0.23793610753310382,0.18983243371540962,-0.015561426377352555,62
Tiel,Netherlands,Gelderland,51.9,5.6,temperate_horticulture,2020-08-15,2020-08-31,-0.2587003667153578,-0.06018123610531151,-0.052374118982482454,0.16930920402899005,57
Almelo,Netherlands,Overijssel,52.35,6.6,temperate_dairy_pasture,2020-08-15,2020-08-31,0.6330327735167661,0.4793963340981703,0.37144496827322543,0.2648576734128268,62
Venlo,Netherlands,Limburg,51.37,6.17,temperate_horticulture,2020-08-15,2020-08-31,0.10561229749606525,0.26871864983352906,0.05728292782335944,-0.06098464122875066,58
Wieringermeer,Netherlands,Noord-Holland,52.85,5,temperate_arable,2020-08-15,2020-08-31,0.4913257232898219,0.3068056421228045,0.2646686307633888,0.2864077425276886,34
Emmen,Netherlands,Drenthe,52.75,6.85,temperate_arable,2020-08-15,2020-08-31,0.6441562314459088,0.48430443636462567,0.33152430354009493,0.22254319939690603,59
Bunnik,Netherlands,Utrecht,52.05,5.2,temperate_dairy_pasture,2020-08-15,2020-08-31,0.6893847315250637,0.656440305919935,0.5220370540540396,0.2871360818859958,56
Alblasserdam,Netherlands,Zuid-Holland,51.87,4.67,temperate_dairy_pasture,2020-08-15,2020-08-31,0.293428391573834,0.29385239702305244,0.18742686914830597,0.06830106844248876,58
Ashburton,New Zealand,Canterbury,-43.9,171.75,maritime_arable,2020-08-15,2020-08-31,0.7344155176600131,0.2882940800530213,0.30065698357964216,0.2407686020705447,41
Hamilton,New Zealand,Waikato,-37.78,175.28,maritime_dairy_pasture,2020-08-15,2020-08-31,0.4338009002108356,0.2701213914072178,0.23083951414644097,0.23534460383532646,42
Gore,New Zealand,Southland,-46.1,168.95,maritime_dairy_pasture,2020-08-15,2020-08-31,-0.0731240381792104,0.03994502197609082,0.031657982137553185,0.18533016793660897,50
PalmerstonN,New Zealand,Manawatu,-40.35,175.61,maritime_dairy_pasture,2020-08-15,2020-08-31,0.39045005418151,0.22453794872220045,0.18737410109981292,0.2677328082731719,19
Hastings,New Zealand,HawkesBay,-39.64,176.84,maritime_horticulture,2020-08-15,2020-08-31,0.06750896483703005,0.040765064200122866,0.03624596832235236,-0.06474265986126984,44
Balclutha,New Zealand,Otago,-46.23,169.75,maritime_arable,2020-08-15,2020-08-31,0.38012356801001834,0.24775153763779534,0.21519348071775782,0.060673155763742416,52
TePuke,New Zealand,BayOfPlenty,-37.78,176.32,maritime_horticulture,2020-08-15,2020-08-31,0.4772462319501426,0.3720813056906073,0.2912345528938932,0.14271839966629288,50
Stratford,New Zealand,Taranaki,-39.34,174.28,maritime_dairy_pasture,2020-08-15,2020-08-31,0.5313306973677254,0.3833946351189111,0.3490963463319899,0.08049232142995039,50
Blenheim,New Zealand,Marlborough,-41.51,173.96,maritime_horticulture,2020-08-15,2020-08-31,0.18561498910786425,0.10957212188208881,0.09948417319207842,-0.043218992392566276,51
Masterton,New Zealand,Wairarapa,-40.96,175.66,maritime_arable,2020-08-15,2020-08-31,0.5578454852763433,0.31558722563202296,0.29556555443485766,0.15344580982839578,50
Kerikeri,New Zealand,Northland,-35.22,173.95,maritime_horticulture,2020-08-15,2020-08-31,0.8767119982508401,0.4421696056875195,0.44081149188159585,0.534899078193547,47
Motueka,New Zealand,Tasman,-41.11,173,maritime_horticulture,2020-08-15,2020-08-31,0.4963437914029756,0.29732005129863665,0.28555407149168255,0.07375738307182948,51
Shakardara,Afghanistan,Kabul,34.65,69.03,highland_irrigated,2020-08-31,2020-09-16,0.2317045224241694,0.17210658475434004,0.1693777473068098,-0.003501963123536575,44
Kama,Afghanistan,Nangarhar,34.42,70.55,lowland_irrigated,2020-08-31,2020-09-16,0.7177724417641765,0.4878500260652177,0.44715516958741286,0.32205857430902074,47
Dawlatabad,Afghanistan,Balkh,36.85,66.85,plains_irrigated,2020-08-31,2020-09-16,0.21097038525760278,0.19297595435701684,0.17915402078981246,0.018578975670244684,50
Injil,Afghanistan,Herat,34.28,62.15,plains_irrigated,2020-08-31,2020-09-16,0.14931702646861847,0.12480546957093697,0.11773238857902345,0.021989881236809502,47
Arghandab,Afghanistan,Kandahar,31.72,65.65,arid_irrigated,2020-08-31,2020-09-16,0.08476017309061293,0.07075776645996104,0.07022161830766016,-0.06726861890056238,47
Khanabad,Afghanistan,Kunduz,36.65,68.95,plains_irrigated,2020-08-31,2020-09-16,0.09311632699460436,0.07265462789515435,0.07239949904196825,-0.114529676604748,44
Faizabad,Afghanistan,Badakhshan,37.1,70.55,highland_rainfed,2020-08-31,2020-09-16,0.2466856158522502,0.16848403318961766,0.16214177367401697,0.023192046593801422,49
NadAli,Afghanistan,Helmand,31.55,64.25,arid_irrigated,2020-08-31,2020-09-16,0.4885472980755479,0.39750799360644634,0.36719108396558775,0.17819125801397126,46
GhazniCity,Afghanistan,Ghazni,33.55,68.42,highland_rainfed,2020-08-31,2020-09-16,0.09220363061465439,0.09400562970093634,0.0746355030695093,-0.06282605086740045,46
Maimana,Afghanistan,Faryab,35.92,64.78,plains_rainfed,2020-08-31,2020-09-16,0.23999024767465038,0.16689568852213119,0.15826838027851645,-0.020130309306431476,48
Chaghcharan,Afghanistan,Ghor,34.52,65.25,highland_rainfed,2020-08-31,2020-09-16,0.17372709319988996,0.14223313536546084,0.1362901628366475,-0.025370206922489213,47
Zaranj,Afghanistan,Nimroz,31,61.87,arid_irrigated,2020-08-31,2020-09-16,0.1936063406699353,0.18059670193317387,0.16574924361497512,0.012138354148802133,46
Dronten,Netherlands,Flevoland,52.53,5.72,temperate_arable,2020-08-31,2020-09-16,0.27679853618917283,0.20012509284394459,0.17367838969381622,0.021453003178300765,63
Veendam,Netherlands,Groningen,53.1,6.87,temperate_arable,2020-08-31,2020-09-16,0.6080180322613522,0.3516843991374942,0.3276314169361189,0.12097566803835187,62
Sneek,Netherlands,Friesland,53.03,5.65,temperate_dairy_pasture,2020-08-31,2020-09-16,0.569355254012181,0.3672848375322238,0.32990667987864375,0.12596554824749678,64
Goes,Netherlands,Zeeland,51.5,3.9,temperate_arable,2020-08-31,2020-09-16,0.2600115537643433,0.21228938495694033,0.17341476013899548,0.018844313802204256,62
Uden,Netherlands,Noord-Brabant,51.66,5.62,temperate_dairy_pasture,2020-08-31,2020-09-16,0.37894309890789163,0.24765654165659104,0.1980574296706868,0.05468649277214721,62
Tiel,Netherlands,Gelderland,51.9,5.6,temperate_horticulture,2020-08-31,2020-09-16,-0.36908602905395177,-0.061090392170653214,-0.061690975860279225,0.261667357452498,57
Almelo,Netherlands,Overijssel,52.35,6.6,temperate_dairy_pasture,2020-08-31,2020-09-16,0.8928183149393292,0.7540406550118369,0.6511405026180372,0.38475644894913863,62
Venlo,Netherlands,Limburg,51.37,6.17,temperate_horticulture,2020-08-31,2020-09-16,0.16585630637996202,0.07098650217508079,0.07221244083284326,-0.14893527297906234,16
Wieringermeer,Netherlands,Noord-Holland,52.85,5,temperate_arable,2020-08-31,2020-09-16,0.5952501794012514,0.4700548884061717,0.4106943453689712,0.40794987507699093,33
Emmen,Netherlands,Drenthe,52.75,6.85,temperate_arable,2020-08-31,2020-09-16,0.8370527547562993,0.7069398113629852,0.6097514465130913,0.3330369554191405,59
Bunnik,Netherlands,Utrecht,52.05,5.2,temperate_dairy_pasture,2020-08-31,2020-09-16,0.7347047070514983,0.5818837990750286,0.49930932904062036,0.15573570791526514,56
Alblasserdam,Netherlands,Zuid-Holland,51.87,4.67,temperate_dairy_pasture,2020-08-31,2020-09-16,0.35744297145297266,0.23420841616390184,0.20381461119221755,0.05732221163132832,58
Ashburton,New Zealand,Canterbury,-43.9,171.75,maritime_arable,2020-08-31,2020-09-16,0.7239386881093367,0.2629421015495485,0.2777748380782812,0.2098014651320675,53
Hamilton,New Zealand,Waikato,-37.78,175.28,maritime_dairy_pasture,2020-08-31,2020-09-16,0.5043477525054092,0.21910403361061714,0.20804431670967538,0.11447399823897822,48
PalmerstonN,New Zealand,Manawatu,-40.35,175.61,maritime_dairy_pasture,2020-08-31,2020-09-16,0.48615967246176656,0.35317275880342186,0.30840292794790636,0.13260387555962083,45
Hastings,New Zealand,HawkesBay,-39.64,176.84,maritime_horticulture,2020-08-31,2020-09-16,0.0832086629746498,0.05254941370182416,0.044423612052460995,-0.05028503898700107,46
Balclutha,New Zealand,Otago,-46.23,169.75,maritime_arable,2020-08-31,2020-09-16,0.3987490492995626,0.25695457304595715,0.2207978949871082,0.09803234761957426,52
TePuke,New Zealand,BayOfPlenty,-37.78,176.32,maritime_horticulture,2020-08-31,2020-09-16,0.49692249285225687,0.32675912875769864,0.2891225016947961,0.12244532686632703,51
Stratford,New Zealand,Taranaki,-39.34,174.28,maritime_dairy_pasture,2020-08-31,2020-09-16,0.5352633430561614,0.44783747845833843,0.3835394258980319,0.13155978219659376,50
Blenheim,New Zealand,Marlborough,-41.51,173.96,maritime_horticulture,2020-08-31,2020-09-16,0.18241097019245806,0.11262992877616136,0.1004518121713815,-0.048041670090237285,50
Masterton,New Zealand,Wairarapa,-40.96,175.66,maritime_arable,2020-08-31,2020-09-16,0.5749688202190721,0.38773120131013594,0.3484570502360844,0.16793392177606745,51
Kerikeri,New Zealand,Northland,-35.22,173.95,maritime_horticulture,2020-08-31,2020-09-16,0.7653097691416957,0.4009776249163444,0.3276726794249141,0.47956914832344727,47
Motueka,New Zealand,Tasman,-41.11,173,maritime_horticulture,2020-08-31,2020-09-16,0.5879549898306361,0.38103161383643536,0.3541927503703255,0.14305900822527598,51
Shakardara,Afghanistan,Kabul,34.65,69.03,highland_irrigated,2020-09-16,2020-10-02,0.21787703159061864,0.16474393456594502,0.1605010904593586,-0.016093321553279284,44
Kama,Afghanistan,Nangarhar,34.42,70.55,lowland_irrigated,2020-09-16,2020-10-02,0.5824667811083729,0.3824641203762132,0.3456675054073619,0.2394060211327621,47
Dawlatabad,Afghanistan,Balkh,36.85,66.85,plains_irrigated,2020-09-16,2020-10-02,0.1918254935565527,0.1741424986690353,0.16156683002428532,0.0032377876731266263,50
Injil,Afghanistan,Herat,34.28,62.15,plains_irrigated,2020-09-16,2020-10-02,0.14235689194528212,0.11629455684538399,0.11134705571526236,0.015363702820432328,47
Arghandab,Afghanistan,Kandahar,31.72,65.65,arid_irrigated,2020-09-16,2020-10-02,0.08691040049213261,0.07226296222419447,0.07222046962689889,-0.06539887753026137,47
Khanabad,Afghanistan,Kunduz,36.65,68.95,plains_irrigated,2020-09-16,2020-10-02,0.08910858356594879,0.0709551345377142,0.06983970625436776,-0.11341730481023705,44
Faizabad,Afghanistan,Badakhshan,37.1,70.55,highland_rainfed,2020-09-16,2020-10-02,0.24382343069918075,0.1620279112215687,0.15375164435666352,0.016244259941913565,49
NadAli,Afghanistan,Helmand,31.55,64.25,arid_irrigated,2020-09-16,2020-10-02,0.4286156424177227,0.3177370939418119,0.30246803784612525,0.11394280272074492,46
GhazniCity,Afghanistan,Ghazni,33.55,68.42,highland_rainfed,2020-09-16,2020-10-02,0.09649756993496336,0.09642370000630754,0.07738345726320463,-0.06678407371089434,46
Maimana,Afghanistan,Faryab,35.92,64.78,plains_rainfed,2020-09-16,2020-10-02,0.2329771498370965,0.1643127853614578,0.15439857109059302,-0.015963002498786655,48
Chaghcharan,Afghanistan,Ghor,34.52,65.25,highland_rainfed,2020-09-16,2020-10-02,0.17012681573199467,0.135677540746359,0.131893461379984,-0.029384760305639294,47
Zaranj,Afghanistan,Nimroz,31,61.87,arid_irrigated,2020-09-16,2020-10-02,0.19169207562608975,0.1756888879005824,0.1628975850319815,0.008833663067026858,46
Dronten,Netherlands,Flevoland,52.53,5.72,temperate_arable,2020-09-16,2020-10-02,0.2883787740600608,0.20478898320393615,0.17745060593588433,0.029916552476172708,61
Veendam,Netherlands,Groningen,53.1,6.87,temperate_arable,2020-09-16,2020-10-02,0.6044010075979928,0.34691936659372724,0.3259846988455578,0.13987470863303633,62
Sneek,Netherlands,Friesland,53.03,5.65,temperate_dairy_pasture,2020-09-16,2020-10-02,0.5741078173071033,0.3853328143914846,0.3298754600965175,0.16262994876629136,64
Goes,Netherlands,Zeeland,51.5,3.9,temperate_arable,2020-09-16,2020-10-02,0.26082070103290567,0.18201810801583382,0.16405255589379256,-0.046688243089499176,62
Uden,Netherlands,Noord-Brabant,51.66,5.62,temperate_dairy_pasture,2020-09-16,2020-10-02,0.46643117312961785,0.2478591048262688,0.24312920395904547,-0.008015384216961116,62
Tiel,Netherlands,Gelderland,51.9,5.6,temperate_horticulture,2020-09-16,2020-10-02,-0.21265833759085181,0.010608822021614618,-0.02773430661202761,0.302158109464533,60
Almelo,Netherlands,Overijssel,52.35,6.6,temperate_dairy_pasture,2020-09-16,2020-10-02,0.7470940646753735,0.6037275871731841,0.5175944679275541,0.10697583694964623,62
Venlo,Netherlands,Limburg,51.37,6.17,temperate_horticulture,2020-09-16,2020-10-02,0.21372023255446015,0.09714039093848591,0.09654572027293633,-0.09466177768912448,14
Wieringermeer,Netherlands,Noord-Holland,52.85,5,temperate_arable,2020-09-16,2020-10-02,0.3510699244539955,0.265582107328023,0.23379542412059862,0.4052773360785238,55
Emmen,Netherlands,Drenthe,52.75,6.85,temperate_arable,2020-09-16,2020-10-02,0.5805728466818024,0.40273820791016446,0.37572589254190997,0.015466834494219161,59
Bunnik,Netherlands,Utrecht,52.05,5.2,temperate_dairy_pasture,2020-09-16,2020-10-02,0.7359952608843577,0.5220067192130681,0.4810271752635321,0.19888608265336952,56
Alblasserdam,Netherlands,Zuid-Holland,51.87,4.67,temperate_dairy_pasture,2020-09-16,2020-10-02,0.3565774020999515,0.2063488478828096,0.1891815687497493,0.058891473211122855,58
Ashburton,New Zealand,Canterbury,-43.9,171.75,maritime_arable,2020-09-16,2020-10-02,0.7492208514543784,0.30705553177122763,0.3114033160546028,0.25697137709080303,50
Hamilton,New Zealand,Waikato,-37.78,175.28,maritime_dairy_pasture,2020-09-16,2020-10-02,0.4420219528459012,0.2587173194702163,0.23025412691707814,0.1687052334852455,45
Hastings,New Zealand,HawkesBay,-39.64,176.84,maritime_horticulture,2020-09-16,2020-10-02,0.1506658737140474,0.11817945739241627,0.08739748080062296,0.0029231279396319744,48
Balclutha,New Zealand,Otago,-46.23,169.75,maritime_arable,2020-09-16,2020-10-02,0.39355907326694156,0.27210764159276174,0.2304893044730732,0.1353080391904155,52
TePuke,New Zealand,BayOfPlenty,-37.78,176.32,maritime_horticulture,2020-09-16,2020-10-02,0.49207343857736624,0.4200822411480059,0.3302131271334063,0.1680673307570279,51
Stratford,New Zealand,Taranaki,-39.34,174.28,maritime_dairy_pasture,2020-09-16,2020-10-02,0.5150024410816936,0.42190862163833814,0.31872110789909813,0.26397938718128783,48
Blenheim,New Zealand,Marlborough,-41.51,173.96,maritime_horticulture,2020-09-16,2020-10-02,0.18833825433094503,0.13150560446537812,0.11066046364730345,-0.018073420526177542,51
Masterton,New Zealand,Wairarapa,-40.96,175.66,maritime_arable,2020-09-16,2020-10-02,0.5287395255760958,0.42817198793442307,0.34718018290453,0.21082711897727957,51
Kerikeri,New Zealand,Northland,-35.22,173.95,maritime_horticulture,2020-09-16,2020-10-02,0.8443865635715453,0.5834413061325733,0.5139338268156093,0.5132561918900724,47
Motueka,New Zealand,Tasman,-41.11,173,maritime_horticulture,2020-09-16,2020-10-02,0.5898329579859136,0.4212887267126974,0.38566926596117374,0.1360811180431776,51
Shakardara,Afghanistan,Kabul,34.65,69.03,highland_irrigated,2020-10-02,2020-10-18,0.19272133385634163,0.1427000711589527,0.14164273040217773,-0.030966706027452693,44
Kama,Afghanistan,Nangarhar,34.42,70.55,lowland_irrigated,2020-10-02,2020-10-18,0.5491705795735382,0.31385896153541604,0.30483187371183457,0.18748391444041582,47
Dawlatabad,Afghanistan,Balkh,36.85,66.85,plains_irrigated,2020-10-02,2020-10-18,0.18425676641447378,0.16011942892296566,0.14895111779538292,-0.010868641521083324,50
Injil,Afghanistan,Herat,34.28,62.15,plains_irrigated,2020-10-02,2020-10-18,0.12636966377907236,0.10021567140511617,0.0973590515269226,-0.009056849850927381,47
Arghandab,Afghanistan,Kandahar,31.72,65.65,arid_irrigated,2020-10-02,2020-10-18,0.08366507412640445,0.06748820847143225,0.06774106382910051,-0.0685186890391103,47
Khanabad,Afghanistan,Kunduz,36.65,68.95,plains_irrigated,2020-10-02,2020-10-18,0.09335205638228426,0.06892779859011922,0.06984859684292737,-0.1205172340424142,44
Faizabad,Afghanistan,Badakhshan,37.1,70.55,highland_rainfed,2020-10-02,2020-10-18,0.27418645755438337,0.17550695809902075,0.16828248259073822,0.03808606523094838,49
NadAli,Afghanistan,Helmand,31.55,64.25,arid_irrigated,2020-10-02,2020-10-18,0.33938446293838,0.24077846782425374,0.23816291844775478,0.031882334935798576,46
GhazniCity,Afghanistan,Ghazni,33.55,68.42,highland_rainfed,2020-10-02,2020-10-18,0.10582707313028601,0.10184601477707136,0.08349167313496078,-0.06469785010101367,46
Maimana,Afghanistan,Faryab,35.92,64.78,plains_rainfed,2020-10-02,2020-10-18,0.21607829513076088,0.1429955900226895,0.1356359619273081,-0.018655232794923968,48
Chaghcharan,Afghanistan,Ghor,34.52,65.25,highland_rainfed,2020-10-02,2020-10-18,0.14667558760227478,0.1144512784739503,0.11207342787692162,-0.047230626618652814,47
Zaranj,Afghanistan,Nimroz,31,61.87,arid_irrigated,2020-10-02,2020-10-18,0.20394968086658002,0.18227104532446067,0.17123918212782596,0.01656001566092752,46
Dronten,Netherlands,Flevoland,52.53,5.72,temperate_arable,2020-10-02,2020-10-18,0.12337624992628837,0.09545177366653539,0.06950541092717512,0.10715066454161896,12
Veendam,Netherlands,Groningen,53.1,6.87,temperate_arable,2020-10-02,2020-10-18,0.32965946064129337,0.1858844692156329,0.17309312111929787,0.0677373059400054,37
Sneek,Netherlands,Friesland,53.03,5.65,temperate_dairy_pasture,2020-10-02,2020-10-18,0.3875667465663865,0.30036769048687784,0.2240053797598559,0.15952585892030005,64
Uden,Netherlands,Noord-Brabant,51.66,5.62,temperate_dairy_pasture,2020-10-02,2020-10-18,0.3956826304832757,0.3353822292690953,0.21110337312779487,0.13222065225148685,41
Tiel,Netherlands,Gelderland,51.9,5.6,temperate_horticulture,2020-10-02,2020-10-18,0.1787285013184766,0.14402693710274994,0.09814012395422246,0.1667039460758053,14
Almelo,Netherlands,Overijssel,52.35,6.6,temperate_dairy_pasture,2020-10-02,2020-10-18,0.4849388004279174,0.5677833830747043,0.32722241487269893,0.2330824559359766,9
Venlo,Netherlands,Limburg,51.37,6.17,temperate_horticulture,2020-10-02,2020-10-18,0.24248293779447486,0.1791960269106113,0.13887385582872155,-0.004354930663942632,21
Wieringermeer,Netherlands,Noord-Holland,52.85,5,temperate_arable,2020-10-02,2020-10-18,0.18444182373654372,0.10762083792617194,0.10372508069977153,0.34904563462755245,59
Emmen,Netherlands,Drenthe,52.75,6.85,temperate_arable,2020-10-02,2020-10-18,0.8317703917714848,0.759610317095256,0.6034603772169944,0.3660891301518452,59
Ashburton,New Zealand,Canterbury,-43.9,171.75,maritime_arable,2020-10-02,2020-10-18,0.7649911097668237,0.3374786554827269,0.3436277429819087,0.2981922460604776,51
Hamilton,New Zealand,Waikato,-37.78,175.28,maritime_dairy_pasture,2020-10-02,2020-10-18,0.5233596853062948,0.2572581222074734,0.24114129299685194,0.12839064578655762,48
Gore,New Zealand,Southland,-46.1,168.95,maritime_dairy_pasture,2020-10-02,2020-10-18,-0.13262277694961194,0.057849680047540146,0.04484869790131315,0.09094508255909944,54
PalmerstonN,New Zealand,Manawatu,-40.35,175.61,maritime_dairy_pasture,2020-10-02,2020-10-18,0.4459563633515642,0.38664042452556696,0.30801592996901606,0.10513194958703917,47
Hastings,New Zealand,HawkesBay,-39.64,176.84,maritime_horticulture,2020-10-02,2020-10-18,0.09011751276144447,0.0526135003052216,0.04816646746882341,-0.06022591517243065,46
Balclutha,New Zealand,Otago,-46.23,169.75,maritime_arable,2020-10-02,2020-10-18,0.39794611171710986,0.2559378632772417,0.2304004247418503,0.07782411018085067,52
Stratford,New Zealand,Taranaki,-39.34,174.28,maritime_dairy_pasture,2020-10-02,2020-10-18,0.5461852370831326,0.48131431672875025,0.39732849215234634,0.13029029589831553,50
Blenheim,New Zealand,Marlborough,-41.51,173.96,maritime_horticulture,2020-10-02,2020-10-18,0.16909595368366878,0.1272470670602093,0.10288235021852175,-0.022273806234559164,51
Masterton,New Zealand,Wairarapa,-40.96,175.66,maritime_arable,2020-10-02,2020-10-18,0.3545388571844672,0.4397101867167973,0.2900501204922402,0.14106662801833236,35
Kerikeri,New Zealand,Northland,-35.22,173.95,maritime_horticulture,2020-10-02,2020-10-18,0.7642157972609492,0.5016856178369351,0.44622654524038075,0.46587867650711695,47
Motueka,New Zealand,Tasman,-41.11,173,maritime_horticulture,2020-10-02,2020-10-18,0.6217076000925756,0.4588277184567483,0.4228120951059575,0.16387314487409224,51
Shakardara,Afghanistan,Kabul,34.65,69.03,highland_irrigated,2020-10-18,2020-11-03,0.13329941457953903,0.09348893888691487,0.09671100201473959,-0.08445981253820656,44
Kama,Afghanistan,Nangarhar,34.42,70.55,lowland_irrigated,2020-10-18,2020-11-03,0.4721527809946283,0.2440281134060136,0.24025201564893534,0.13374895768664638,47
Dawlatabad,Afghanistan,Balkh,36.85,66.85,plains_irrigated,2020-10-18,2020-11-03,0.14066703326388175,0.12121483438695647,0.11344458868614235,-0.04166084006435381,50
Injil,Afghanistan,Herat,34.28,62.15,plains_irrigated,2020-10-18,2020-11-03,0.12158501574439513,0.08914560607939338,0.09018852809112786,-0.013962708260370387,47
Arghandab,Afghanistan,Kandahar,31.72,65.65,arid_irrigated,2020-10-18,2020-11-03,0.09121549241808624,0.0687724202272643,0.07060138968781586,-0.0784680847253483,47
Khanabad,Afghanistan,Kunduz,36.65,68.95,plains_irrigated,2020-10-18,2020-11-03,0.0941208098066984,0.07175400719259657,0.07015390104563872,-0.0961078570673256,44
Faizabad,Afghanistan,Badakhshan,37.1,70.55,highland_rainfed,2020-10-18,2020-11-03,0.22848932767653668,0.14336727696311213,0.13972529457896846,0.019719378651589122,49
NadAli,Afghanistan,Helmand,31.55,64.25,arid_irrigated,2020-10-18,2020-11-03,0.3122204863749335,0.21698760912270013,0.21525726284675206,-0.0024859892348133355,46
GhazniCity,Afghanistan,Ghazni,33.55,68.42,highland_rainfed,2020-10-18,2020-11-03,0.11104725730869136,0.10094397646096777,0.0856650227077691,-0.0647909357731503,46
Maimana,Afghanistan,Faryab,35.92,64.78,plains_rainfed,2020-10-18,2020-11-03,0.21023221950582663,0.13387795882129888,0.13047779111887142,-0.02367083716058227,48
Chaghcharan,Afghanistan,Ghor,34.52,65.25,highland_rainfed,2020-10-18,2020-11-03,0.1272627869425055,0.10145634974946492,0.09755618027171946,-0.05509346080401549,47
Zaranj,Afghanistan,Nimroz,31,61.87,arid_irrigated,2020-10-18,2020-11-03,0.1916683006971695,0.1754951754978296,0.16132117864662168,0.01989442270178876,46
Dronten,Netherlands,Flevoland,52.53,5.72,temperate_arable,2020-10-18,2020-11-03,0.27364132951915576,0.2438971916068185,0.16436204241440958,0.11376575945800055,5
Veendam,Netherlands,Groningen,53.1,6.87,temperate_arable,2020-10-18,2020-11-03,0.2625942650995491,0.21757922252767894,0.14535665538383535,0.10476270711227148,38
Tiel,Netherlands,Gelderland,51.9,5.6,temperate_horticulture,2020-10-18,2020-11-03,0.009388177909634332,0.047908009176171266,0.010284386669045709,0.4799798188322853,13
Emmen,Netherlands,Drenthe,52.75,6.85,temperate_arable,2020-10-18,2020-11-03,0.5758206509057011,0.4114151975388667,0.32006916192106544,0.31958122823212565,55
Ashburton,New Zealand,Canterbury,-43.9,171.75,maritime_arable,2020-10-18,2020-11-03,0.7249254034401529,0.40341543884405934,0.3696095469957175,0.28315625680216044,53
Gore,New Zealand,Southland,-46.1,168.95,maritime_dairy_pasture,2020-10-18,2020-11-03,0.141884279119377,0.1719325860726047,0.15161459250182077,0.07407435755051263,54
Balclutha,New Zealand,Otago,-46.23,169.75,maritime_arable,2020-10-18,2020-11-03,0.4095178165942315,0.2964680832725096,0.2503956799170565,0.08187395215112095,52
Stratford,New Zealand,Taranaki,-39.34,174.28,maritime_dairy_pasture,2020-10-18,2020-11-03,0.5199660416516753,0.46085739980348156,0.376103356831129,0.10396907033160184,50
Blenheim,New Zealand,Marlborough,-41.51,173.96,maritime_horticulture,2020-10-18,2020-11-03,0.15554576990264138,0.09702691862936359,0.08398722437429249,-0.048019393228106576,50
Kerikeri,New Zealand,Northland,-35.22,173.95,maritime_horticulture,2020-10-18,2020-11-03,0.5800695839481282,0.4399733613032444,0.35661148246193275,0.3513668349657493,47
Motueka,New Zealand,Tasman,-41.11,173,maritime_horticulture,2020-10-18,2020-11-03,0.6708906618266285,0.46277418664183595,0.4246708315497156,0.18402702916715008,51
Shakardara,Afghanistan,Kabul,34.65,69.03,highland_irrigated,2020-11-03,2020-11-19,0.10964984905188578,0.06458701735492164,0.06723337924645699,-0.07092624182877506,44
Kama,Afghanistan,Nangarhar,34.42,70.55,lowland_irrigated,2020-11-03,2020-11-19,0.3937292557487017,0.2018267317645883,0.19729591398350999,0.08520184893813804,47
Dawlatabad,Afghanistan,Balkh,36.85,66.85,plains_irrigated,2020-11-03,2020-11-19,0.11815447729044133,0.09895215463853621,0.09570146432788922,-0.061840296587278715,50
Injil,Afghanistan,Herat,34.28,62.15,plains_irrigated,2020-11-03,2020-11-19,0.12353447095096098,0.07264195945011889,0.07592158723569503,-0.02261463808978365,47
Arghandab,Afghanistan,Kandahar,31.72,65.65,arid_irrigated,2020-11-03,2020-11-19,0.08232236546748954,0.06502201866061717,0.06498308808930509,-0.0759688163731798,47
Khanabad,Afghanistan,Kunduz,36.65,68.95,plains_irrigated,2020-11-03,2020-11-19,0.09445782753943781,0.06946152939693594,0.0708885271325133,-0.10691855131755687,44
Faizabad,Afghanistan,Badakhshan,37.1,70.55,highland_rainfed,2020-11-03,2020-11-19,0.16289044980675785,0.09901047275635007,0.09967503657281275,-0.03899269499307278,49
NadAli,Afghanistan,Helmand,31.55,64.25,arid_irrigated,2020-11-03,2020-11-19,0.21330354051002817,0.13345621539038632,0.14036947265236432,-0.07802510670238914,46
GhazniCity,Afghanistan,Ghazni,33.55,68.42,highland_rainfed,2020-11-03,2020-11-19,0.08846078417492483,0.0781428158804672,0.06777429226402899,-0.07130996669995483,46
Maimana,Afghanistan,Faryab,35.92,64.78,plains_rainfed,2020-11-03,2020-11-19,0.19200476677633338,0.1170016172215886,0.11568900655208428,-0.03914078497984403,48
Chaghcharan,Afghanistan,Ghor,34.52,65.25,highland_rainfed,2020-11-03,2020-11-19,0.11900467174405345,0.08500094320579708,0.08651433162364315,-0.07374138156327034,47
Zaranj,Afghanistan,Nimroz,31,61.87,arid_irrigated,2020-11-03,2020-11-19,0.19555867842683514,0.1631008854246637,0.160019128728538,0.007944497332696358,46
Dronten,Netherlands,Flevoland,52.53,5.72,temperate_arable,2020-11-03,2020-11-19,0.2640121292858597,0.1585996101958129,0.1459564460577063,-0.00835110436828658,63
Veendam,Netherlands,Groningen,53.1,6.87,temperate_arable,2020-11-03,2020-11-19,0.48070136951545844,0.22317797273021925,0.2295042326593471,0.02745344743377611,62
Sneek,Netherlands,Friesland,53.03,5.65,temperate_dairy_pasture,2020-11-03,2020-11-19,0.5563662315011376,0.30595499573052454,0.29003767698963795,0.07177988466726937,64
Uden,Netherlands,Noord-Brabant,51.66,5.62,temperate_dairy_pasture,2020-11-03,2020-11-19,0.48888735283735524,0.21673161265370083,0.22242234717738724,-0.0237553653726952,62
Tiel,Netherlands,Gelderland,51.9,5.6,temperate_horticulture,2020-11-03,2020-11-19,-0.4237292419335682,-0.0568914270639914,-0.06128651295129662,0.09220360863056092,60
Almelo,Netherlands,Overijssel,52.35,6.6,temperate_dairy_pasture,2020-11-03,2020-11-19,0.8443123913842113,0.6015222627353308,0.5554936550751897,0.3307019785792911,62
Venlo,Netherlands,Limburg,51.37,6.17,temperate_horticulture,2020-11-03,2020-11-19,0.19447916447556005,0.047040392511585614,0.051651675068371816,-0.23863728874144421,58
Emmen,Netherlands,Drenthe,52.75,6.85,temperate_arable,2020-11-03,2020-11-19,0.8876888580153165,0.7942023334945902,0.6750450353018174,0.4107416114896531,59
Bunnik,Netherlands,Utrecht,52.05,5.2,temperate_dairy_pasture,2020-11-03,2020-11-19,0.9002636765905864,0.694012806638939,0.6125588682870203,0.42774151306699504,56
Alblasserdam,Netherlands,Zuid-Holland,51.87,4.67,temperate_dairy_pasture,2020-11-03,2020-11-19,0.3775232074165666,0.18173006661684318,0.17487042871032393,0.017018431752865545,58
Ashburton,New Zealand,Canterbury,-43.9,171.75,maritime_arable,2020-11-03,2020-11-19,0.7094583378135617,0.3849212539924281,0.37818537837231436,0.27172342566329555,53
Hamilton,New Zealand,Waikato,-37.78,175.28,maritime_dairy_pasture,2020-11-03,2020-11-19,0.2751436454948053,0.29167940949158017,0.15111616325731136,0.1685150191586665,27
Gore,New Zealand,Southland,-46.1,168.95,maritime_dairy_pasture,2020-11-03,2020-11-19,0.15065666662296232,0.19032761726269926,0.16215985538044364,0.07908683055190573,54
PalmerstonN,New Zealand,Manawatu,-40.35,175.61,maritime_dairy_pasture,2020-11-03,2020-11-19,0.4304459694462009,0.4118850762608295,0.31477443234862706,0.0893150613578194,46
Hastings,New Zealand,HawkesBay,-39.64,176.84,maritime_horticulture,2020-11-03,2020-11-19,0.08384148532669637,0.05039073161256142,0.04583699810235072,-0.08062345963772005,49
Balclutha,New Zealand,Otago,-46.23,169.75,maritime_arable,2020-11-03,2020-11-19,0.44246222925653994,0.34771556672004267,0.28237327195168355,0.1365652502157054,52
TePuke,New Zealand,BayOfPlenty,-37.78,176.32,maritime_horticulture,2020-11-03,2020-11-19,0.5527995617491186,0.4460631443293773,0.36644802745747296,0.16638179552216342,51
Stratford,New Zealand,Taranaki,-39.34,174.28,maritime_dairy_pasture,2020-11-03,2020-11-19,0.41715731780767307,0.3532960352584739,0.3030617916788079,0.14647198716237755,29
Blenheim,New Zealand,Marlborough,-41.51,173.96,maritime_horticulture,2020-11-03,2020-11-19,0.15713325225974767,0.0973591653692911,0.08599412111551563,-0.05526155011833668,51
Masterton,New Zealand,Wairarapa,-40.96,175.66,maritime_arable,2020-11-03,2020-11-19,0.5751826485785554,0.40754211452978734,0.36060446624910697,0.14875174856711348,51
Kerikeri,New Zealand,Northland,-35.22,173.95,maritime_horticulture,2020-11-03,2020-11-19,0.8583320522128223,0.5660929334101686,0.520564393299336,0.5099466922266525,47
Motueka,New Zealand,Tasman,-41.11,173,maritime_horticulture,2020-11-03,2020-11-19,0.7195946383294912,0.5442998158737877,0.5023524273092667,0.21378611623075988,51
Shakardara,Afghanistan,Kabul,34.65,69.03,highland_irrigated,2020-11-19,2020-12-05,0.09781226522383916,0.0594321839667201,0.0604618186968031,-0.1216054487254506,44
Kama,Afghanistan,Nangarhar,34.42,70.55,lowland_irrigated,2020-11-19,2020-12-05,0.3198393230351016,0.14566558236510727,0.14764554338737043,-0.021354735609722227,47
Dawlatabad,Afghanistan,Balkh,36.85,66.85,plains_irrigated,2020-11-19,2020-12-05,0.13460243758670246,0.09722231456658088,0.1006256801943312,-0.07483360374083448,50
Injil,Afghanistan,Herat,34.28,62.15,plains_irrigated,2020-11-19,2020-12-05,0.10125185208597148,0.05779802630478271,0.06159769425312297,-0.019129453787136465,47
Arghandab,Afghanistan,Kandahar,31.72,65.65,arid_irrigated,2020-11-19,2020-12-05,0.09234508280451979,0.06154990805774937,0.06527368325458471,-0.07551294594341403,47
Khanabad,Afghanistan,Kunduz,36.65,68.95,plains_irrigated,2020-11-19,2020-12-05,0.1004025680708143,0.054756034200431326,0.058339490733223025,-0.12787169221413436,44
Faizabad,Afghanistan,Badakhshan,37.1,70.55,highland_rainfed,2020-11-19,2020-12-05,0.29439456355865334,0.09927352836257228,0.12798072465254284,-0.14929261170491792,24
NadAli,Afghanistan,Helmand,31.55,64.25,arid_irrigated,2020-11-19,2020-12-05,0.18976907787394173,0.11023011481405298,0.11728773439616152,-0.09968542783985389,46
GhazniCity,Afghanistan,Ghazni,33.55,68.42,highland_rainfed,2020-11-19,2020-12-05,0.10466962228370798,0.09034639401672645,0.07801775811673192,-0.04136007704723187,46
Maimana,Afghanistan,Faryab,35.92,64.78,plains_rainfed,2020-11-19,2020-12-05,0.3653518916954817,0.10811603213291332,0.1383531895116836,-0.020031581270938386,18
Chaghcharan,Afghanistan,Ghor,34.52,65.25,highland_rainfed,2020-11-19,2020-12-05,0.10851837473501554,0.08314914865059742,0.07758961015740982,-0.03713907231229673,47
Zaranj,Afghanistan,Nimroz,31,61.87,arid_irrigated,2020-11-19,2020-12-05,0.19417738284744687,0.14813592743192158,0.14834986225189883,-0.007461808906507803,46
Dronten,Netherlands,Flevoland,52.53,5.72,temperate_arable,2020-11-19,2020-12-05,0.30028528017063755,0.16583075949936738,0.1540960858624917,0.032840677091011725,63
Veendam,Netherlands,Groningen,53.1,6.87,temperate_arable,2020-11-19,2020-12-05,0.42517500609525494,0.1796956587263745,0.17480080467332335,0.008985313729393703,62
Sneek,Netherlands,Friesland,53.03,5.65,temperate_dairy_pasture,2020-11-19,2020-12-05,0.3627048452543769,0.2243046454335718,0.18192567922515218,0.08552437492670083,64
Uden,Netherlands,Noord-Brabant,51.66,5.62,temperate_dairy_pasture,2020-11-19,2020-12-05,0.5582329630851746,0.29479814543593946,0.29635612891191043,0.21250002086162567,1
Tiel,Netherlands,Gelderland,51.9,5.6,temperate_horticulture,2020-11-19,2020-12-05,-0.17099605471565563,0.018322126271946727,0.003000809233453533,0.15590970608462387,60
Almelo,Netherlands,Overijssel,52.35,6.6,temperate_dairy_pasture,2020-11-19,2020-12-05,0.8477733688428999,0.6404283451911301,0.5778246883694863,0.3970669928123244,62
Venlo,Netherlands,Limburg,51.37,6.17,temperate_horticulture,2020-11-19,2020-12-05,0.12653939007353032,0.11539946942394569,0.07782931751353632,-0.043406845441254456,56
Wieringermeer,Netherlands,Noord-Holland,52.85,5,temperate_arable,2020-11-19,2020-12-05,0.2474720013613352,0.1611567424745738,0.1408997101935067,0.014710965788798902,38
Emmen,Netherlands,Drenthe,52.75,6.85,temperate_arable,2020-11-19,2020-12-05,0.8707099719196012,0.7806035328368729,0.66580084123112,0.48421795349282104,59
Bunnik,Netherlands,Utrecht,52.05,5.2,temperate_dairy_pasture,2020-11-19,2020-12-05,0.8731769217315581,0.6640571215048047,0.5848806808238429,0.4509235909844085,56
Alblasserdam,Netherlands,Zuid-Holland,51.87,4.67,temperate_dairy_pasture,2020-11-19,2020-12-05,0.3708153515362107,0.1726667485552406,0.16866294063383624,0.06277457442444831,24
Hamilton,New Zealand,Waikato,-37.78,175.28,maritime_dairy_pasture,2020-11-19,2020-12-05,0.5875673598335136,0.38837297873678756,0.3516312700408272,0.24592019351788774,36
Gore,New Zealand,Southland,-46.1,168.95,maritime_dairy_pasture,2020-11-19,2020-12-05,0.6015473910088668,0.5291826505334324,0.4364001833626969,0.31941773694703346,28
PalmerstonN,New Zealand,Manawatu,-40.35,175.61,maritime_dairy_pasture,2020-11-19,2020-12-05,0.4492131011839567,0.2936699197608276,0.26378259875066307,0.11932451744869767,48
Hastings,New Zealand,HawkesBay,-39.64,176.84,maritime_horticulture,2020-11-19,2020-12-05,0.1363325195376669,0.1115435617070719,0.07899805329262868,0.0214817082292331,21
Balclutha,New Zealand,Otago,-46.23,169.75,maritime_arable,2020-11-19,2020-12-05,0.42267390399622606,0.3368432173768834,0.26952930637967665,0.09850294293787026,52
TePuke,New Zealand,BayOfPlenty,-37.78,176.32,maritime_horticulture,2020-11-19,2020-12-05,0.5366810958272739,0.3980159904510722,0.3407324072619823,0.16966757410594524,51
Stratford,New Zealand,Taranaki,-39.34,174.28,maritime_dairy_pasture,2020-11-19,2020-12-05,0.5491373738240242,0.5036052844531097,0.41048896710819827,0.10339597644111251,50
Blenheim,New Zealand,Marlborough,-41.51,173.96,maritime_horticulture,2020-11-19,2020-12-05,0.22411946462070298,0.17097234225473026,0.14046679606835136,0.001114157599335151,48
Masterton,New Zealand,Wairarapa,-40.96,175.66,maritime_arable,2020-11-19,2020-12-05,0.5502026324642444,0.4329057229995029,0.3567848952627405,0.1602074839563127,51
Kerikeri,New Zealand,Northland,-35.22,173.95,maritime_horticulture,2020-11-19,2020-12-05,0.8593542108059802,0.5757446576299661,0.5213606590557064,0.5054824285843705,47
Motueka,New Zealand,Tasman,-41.11,173,maritime_horticulture,2020-11-19,2020-12-05,0.6844494234878368,0.52325447966281,0.463696427231642,0.19228629158766888,51
Shakardara,Afghanistan,Kabul,34.65,69.03,highland_irrigated,2020-12-05,2020-12-21,0.11184320104597678,0.06845619574391475,0.07336537106865741,-0.08974894715427101,44
Kama,Afghanistan,Nangarhar,34.42,70.55,lowland_irrigated,2020-12-05,2020-12-21,0.33323781850166373,0.15554469973018126,0.1591490252118228,-0.04175049098166058,38
Injil,Afghanistan,Herat,34.28,62.15,plains_irrigated,2020-12-05,2020-12-21,0.13475839834389056,0.07280933313986045,0.07509043178066142,0.0026124249630213,47
Arghandab,Afghanistan,Kandahar,31.72,65.65,arid_irrigated,2020-12-05,2020-12-21,0.10581505152106835,0.06962262852587005,0.07414089225886064,-0.06490629028073087,47
Faizabad,Afghanistan,Badakhshan,37.1,70.55,highland_rainfed,2020-12-05,2020-12-21,0.4762297753555428,0.12304651395046631,0.15262105479635876,-0.18370368988435226,45
NadAli,Afghanistan,Helmand,31.55,64.25,arid_irrigated,2020-12-05,2020-12-21,0.17648607842868833,0.10738447976907001,0.11063641714448966,-0.08549422904479304,46
GhazniCity,Afghanistan,Ghazni,33.55,68.42,highland_rainfed,2020-12-05,2020-12-21,0.09251608718367287,0.0778191909025035,0.06741103138078686,-0.055422519592826534,46
Maimana,Afghanistan,Faryab,35.92,64.78,plains_rainfed,2020-12-05,2020-12-21,0.19714173710151864,0.10142026725370047,0.10128355067272533,-0.022533932397625724,45
Chaghcharan,Afghanistan,Ghor,34.52,65.25,highland_rainfed,2020-12-05,2020-12-21,0.11949939557390131,0.07210804869163673,0.07513552372447589,-0.0532419708467055,47
Zaranj,Afghanistan,Nimroz,31,61.87,arid_irrigated,2020-12-05,2020-12-21,0.13519421013372498,0.10887304220660332,0.10408419259133432,-0.05098682466948777,46
Dronten,Netherlands,Flevoland,52.53,5.72,temperate_arable,2020-12-05,2020-12-21,0.21206905720088623,0.12305387523365423,0.09393618584576414,0.08112428968703736,26
Sneek,Netherlands,Friesland,53.03,5.65,temperate_dairy_pasture,2020-12-05,2020-12-21,0.47842326979898536,0.3255636071788675,0.26073537890699827,0.08753646069031422,49
Goes,Netherlands,Zeeland,51.5,3.9,temperate_arable,2020-12-05,2020-12-21,0.30589835077495503,0.1499430946622521,0.14611824972929563,0.014832874624804846,43
Uden,Netherlands,Noord-Brabant,51.66,5.62,temperate_dairy_pasture,2020-12-05,2020-12-21,0.639407852603061,0.29391811733359435,0.28737845483638597,0.12272347879967324,34
Tiel,Netherlands,Gelderland,51.9,5.6,temperate_horticulture,2020-12-05,2020-12-21,-0.384753265647831,-0.08150030971139374,-0.07034895233686257,-0.005643201557562404,55
Almelo,Netherlands,Overijssel,52.35,6.6,temperate_dairy_pasture,2020-12-05,2020-12-21,0.814579656758435,0.6510313049419185,0.5434990656686212,0.393157503218071,62
Venlo,Netherlands,Limburg,51.37,6.17,temperate_horticulture,2020-12-05,2020-12-21,0.16771246710171303,0.06325118405653175,0.06603978527602176,-0.13076590560376644,6
Bunnik,Netherlands,Utrecht,52.05,5.2,temperate_dairy_pasture,2020-12-05,2020-12-21,0.7767063076386446,0.6203137136828923,0.5029568582424161,0.34928902630391906,56
Alblasserdam,Netherlands,Zuid-Holland,51.87,4.67,temperate_dairy_pasture,2020-12-05,2020-12-21,0.39082756884285125,0.21083526931614358,0.1809171533707271,0.022390052129496508,20
Ashburton,New Zealand,Canterbury,-43.9,171.75,maritime_arable,2020-12-05,2020-12-21,0.8180046643984338,0.40246872702640196,0.4069061891104674,0.2960227403264022,53
Hamilton,New Zealand,Waikato,-37.78,175.28,maritime_dairy_pasture,2020-12-05,2020-12-21,0.5307435472134475,0.3087520856495321,0.2721074533094112,0.17296840910388855,47
Gore,New Zealand,Southland,-46.1,168.95,maritime_dairy_pasture,2020-12-05,2020-12-21,0.5680352016686953,0.43085294694594667,0.38204718783993574,0.28932113337052295,30
PalmerstonN,New Zealand,Manawatu,-40.35,175.61,maritime_dairy_pasture,2020-12-05,2020-12-21,0.43198128083484527,0.4179257639122615,0.31807683295413564,0.08618612805690205,46
Hastings,New Zealand,HawkesBay,-39.64,176.84,maritime_horticulture,2020-12-05,2020-12-21,0.08540258904048287,0.05357844711038696,0.04087279854478291,0.03975050873743934,29
Balclutha,New Zealand,Otago,-46.23,169.75,maritime_arable,2020-12-05,2020-12-21,0.40649030913793777,0.3083288517716066,0.26051663144873066,0.07376419277514273,52
TePuke,New Zealand,BayOfPlenty,-37.78,176.32,maritime_horticulture,2020-12-05,2020-12-21,0.5191146912744784,0.4108953420176019,0.34665838822940614,0.1459692035126342,51
Stratford,New Zealand,Taranaki,-39.34,174.28,maritime_dairy_pasture,2020-12-05,2020-12-21,0.5830775657599016,0.4642157256240684,0.41030490909557954,0.0699448657254715,50
Blenheim,New Zealand,Marlborough,-41.51,173.96,maritime_horticulture,2020-12-05,2020-12-21,0.13670066820601443,0.08501890509415312,0.0760057675576143,-0.07310736771583141,51
Masterton,New Zealand,Wairarapa,-40.96,175.66,maritime_arable,2020-12-05,2020-12-21,0.5199850940663918,0.4189422009895349,0.3438814025330224,0.09713540245701777,51
Kerikeri,New Zealand,Northland,-35.22,173.95,maritime_horticulture,2020-12-05,2020-12-21,0.8598705414450647,0.5648665642506752,0.517558416413892,0.49916198274509577,47
Motueka,New Zealand,Tasman,-41.11,173,maritime_horticulture,2020-12-05,2020-12-21,0.7073177634888917,0.5376126352422016,0.4982564888156755,0.20581464730116578,51
Shakardara,Afghanistan,Kabul,34.65,69.03,highland_irrigated,2020-12-21,2021-01-06,0.0774065515927065,0.06270900621151193,0.055915919008648375,0.035999985649479156,44
Kama,Afghanistan,Nangarhar,34.42,70.55,lowland_irrigated,2020-12-21,2021-01-06,0.41718415276139253,0.1857245056388468,0.1918038490956908,-0.04464568892543145,47
Injil,Afghanistan,Herat,34.28,62.15,plains_irrigated,2020-12-21,2021-01-06,0.2018797743450175,0.09040479172834291,0.1083404521755248,-0.016817521187180356,47
Arghandab,Afghanistan,Kandahar,31.72,65.65,arid_irrigated,2020-12-21,2021-01-06,0.09942830846773794,0.07646051916205208,0.07478725126722784,-0.06647175166014165,47
Faizabad,Afghanistan,Badakhshan,37.1,70.55,highland_rainfed,2020-12-21,2021-01-06,0.10754005299856312,0.07371173585122338,0.06849414653420612,-0.04951345445039413,49
NadAli,Afghanistan,Helmand,31.55,64.25,arid_irrigated,2020-12-21,2021-01-06,0.15886569131666156,0.11384047336462144,0.11685457852256247,-0.09063603429251643,46
GhazniCity,Afghanistan,Ghazni,33.55,68.42,highland_rainfed,2020-12-21,2021-01-06,0.09608185344272382,0.08407991806185898,0.0710666415391716,-0.05309261154581508,46
Maimana,Afghanistan,Faryab,35.92,64.78,plains_rainfed,2020-12-21,2021-01-06,0.5022849261029922,0.15368454869960327,0.1887481801764311,0.037618673018490284,19
Chaghcharan,Afghanistan,Ghor,34.52,65.25,highland_rainfed,2020-12-21,2021-01-06,-0.13329302677382787,-0.6250371849413958,-0.08960323755377898,0.5106514894855236,6
Zaranj,Afghanistan,Nimroz,31,61.87,arid_irrigated,2020-12-21,2021-01-06,0.1418824545668456,0.11021903300880842,0.10799780780880894,-0.058575345732507146,46
Veendam,Netherlands,Groningen,53.1,6.87,temperate_arable,2020-12-21,2021-01-06,0.4000135899738205,0.20798581273547606,0.16712500975056982,-0.02404714358527797,25
Sneek,Netherlands,Friesland,53.03,5.65,temperate_dairy_pasture,2020-12-21,2021-01-06,0.38516510943914933,0.24251846511129127,0.18148710747958297,0.3035357728610034,41
Goes,Netherlands,Zeeland,51.5,3.9,temperate_arable,2020-12-21,2021-01-06,0.03071627338582228,0.023152630114393502,0.012663111818095148,0.06415050256442124,33
Almelo,Netherlands,Overijssel,52.35,6.6,temperate_dairy_pasture,2020-12-21,2021-01-06,0.4180115496205614,0.5126134572716341,0.33210561127192284,0.16702736715075328,37
Venlo,Netherlands,Limburg,51.37,6.17,temperate_horticulture,2020-12-21,2021-01-06,0.12524753918542583,0.05073746634179813,0.052372308609247575,-0.05960575442911838,10
Bunnik,Netherlands,Utrecht,52.05,5.2,temperate_dairy_pasture,2020-12-21,2021-01-06,0.7600633538771627,0.48678513313977173,0.4238351544618152,0.3892569137771815,56
Alblasserdam,Netherlands,Zuid-Holland,51.87,4.67,temperate_dairy_pasture,2020-12-21,2021-01-06,0.10623774768822514,0.17451829155249446,0.08216269016971425,0.08718751366706409,28
Ashburton,New Zealand,Canterbury,-43.9,171.75,maritime_arable,2020-12-21,2021-01-06,0.8274110352529104,0.3856781677719123,0.3934954982835248,0.26979252136275383,53
Hamilton,New Zealand,Waikato,-37.78,175.28,maritime_dairy_pasture,2020-12-21,2021-01-06,0.4736633312998701,0.3209103407348351,0.28140941905232797,0.1449933476022372,40
Gore,New Zealand,Southland,-46.1,168.95,maritime_dairy_pasture,2020-12-21,2021-01-06,0.2385594218285023,0.20673026283441626,0.186903391508934,0.0652267909255212,54
PalmerstonN,New Zealand,Manawatu,-40.35,175.61,maritime_dairy_pasture,2020-12-21,2021-01-06,0.4198338923361686,0.3326747893046657,0.28164712529568425,0.05340038057878696,46
Hastings,New Zealand,HawkesBay,-39.64,176.84,maritime_horticulture,2020-12-21,2021-01-06,0.07735368478269572,0.04042120017710239,0.04189456277587831,-0.0828541668099175,49
Balclutha,New Zealand,Otago,-46.23,169.75,maritime_arable,2020-12-21,2021-01-06,0.41382403997487804,0.29680000471515494,0.2594310229470486,0.07309834872262573,52
TePuke,New Zealand,BayOfPlenty,-37.78,176.32,maritime_horticulture,2020-12-21,2021-01-06,0.5171328783117778,0.38991535978529074,0.3324086238290903,0.13139035722716,51
Stratford,New Zealand,Taranaki,-39.34,174.28,maritime_dairy_pasture,2020-12-21,2021-01-06,0.5711737523034572,0.44999936965981757,0.39384017924747383,0.0654918205257958,50
Blenheim,New Zealand,Marlborough,-41.51,173.96,maritime_horticulture,2020-12-21,2021-01-06,0.16570785463576407,0.11213015712878836,0.09658754915997045,-0.04577061315004935,51
Masterton,New Zealand,Wairarapa,-40.96,175.66,maritime_arable,2020-12-21,2021-01-06,0.5320395669777891,0.3653811970266577,0.331902155213712,0.08171896387355292,51
Kerikeri,New Zealand,Northland,-35.22,173.95,maritime_horticulture,2020-12-21,2021-01-06,0.8223396381602069,0.5601605903169997,0.5116783259961589,0.5088940038253645,47
Motueka,New Zealand,Tasman,-41.11,173,maritime_horticulture,2020-12-21,2021-01-06,0.6983158624835882,0.4851423988422117,0.4545532004059574,0.17682698496869054,51
Shakardara,Afghanistan,Kabul,34.65,69.03,highland_irrigated,2021-01-06,2021-01-22,0.1037240753537407,0.06632626251805908,0.06643413232300244,-0.09827223563331018,44
Kama,Afghanistan,Nangarhar,34.42,70.55,lowland_irrigated,2021-01-06,2021-01-22,0.3515518952421137,0.19902620595103576,0.185035724370223,0.023209091867102804,47
Dawlatabad,Afghanistan,Balkh,36.85,66.85,plains_irrigated,2021-01-06,2021-01-22,0.07895902561314766,0.05383988655517841,0.050492747806364466,-0.050368359800648875,50
Injil,Afghanistan,Herat,34.28,62.15,plains_irrigated,2021-01-06,2021-01-22,0.1546511447025002,0.08895590820229396,0.09674964103485433,-0.0014097308600547807,47
Arghandab,Afghanistan,Kandahar,31.72,65.65,arid_irrigated,2021-01-06,2021-01-22,0.10832439208104216,0.08521748355148712,0.08328548190741826,-0.06238605877087475,47
Khanabad,Afghanistan,Kunduz,36.65,68.95,plains_irrigated,2021-01-06,2021-01-22,0.22734288971288225,0.07769478390751651,0.09780932858374555,-0.14069750362156264,44
Faizabad,Afghanistan,Badakhshan,37.1,70.55,highland_rainfed,2021-01-06,2021-01-22,0.23200225978789807,0.08576424676896681,0.10219012026867882,-0.13557186958736303,49
NadAli,Afghanistan,Helmand,31.55,64.25,arid_irrigated,2021-01-06,2021-01-22,0.1288124073361283,0.10011447359268588,0.09818226223605164,-0.0934852805685134,46
GhazniCity,Afghanistan,Ghazni,33.55,68.42,highland_rainfed,2021-01-06,2021-01-22,0.08476908369294245,0.06545655123103915,0.056742877089594995,-0.05630405811523065,46
Maimana,Afghanistan,Faryab,35.92,64.78,plains_rainfed,2021-01-06,2021-01-22,0.17329464544654502,0.09800197491977483,0.09395055629769315,-0.05807390063025007,48
Chaghcharan,Afghanistan,Ghor,34.52,65.25,highland_rainfed,2021-01-06,2021-01-22,0.06040958551631224,0.06153106874167061,0.04679513966103204,0.2755517209621704,31
Zaranj,Afghanistan,Nimroz,31,61.87,arid_irrigated,2021-01-06,2021-01-22,0.1333348325564938,0.10072584747811927,0.10119631281105039,-0.07372830708352848,46
Dronten,Netherlands,Flevoland,52.53,5.72,temperate_arable,2021-01-06,2021-01-22,0.2992707764156748,0.16127256523664632,0.14712897727792637,0.20413663558098633,53
Veendam,Netherlands,Groningen,53.1,6.87,temperate_arable,2021-01-06,2021-01-22,0.48196661650418543,0.2326918496192884,0.22899673469438142,0.10720897003415386,28
Sneek,Netherlands,Friesland,53.03,5.65,temperate_dairy_pasture,2021-01-06,2021-01-22,0.5801300414238567,0.320926029253329,0.29456991145780076,0.17799589345340633,39
Goes,Netherlands,Zeeland,51.5,3.9,temperate_arable,2021-01-06,2021-01-22,0.40758718063889,0.1985331065940466,0.18260727017512715,0.0700167093282776,18
Tiel,Netherlands,Gelderland,51.9,5.6,temperate_horticulture,2021-01-06,2021-01-22,-0.2596708540936509,-0.027459835575903545,-0.03352909363129125,-0.1649648459869548,48
Almelo,Netherlands,Overijssel,52.35,6.6,temperate_dairy_pasture,2021-01-06,2021-01-22,0.4044105819511979,0.3566324776223527,0.23837493814282573,0.29623782117996217,36
Emmen,Netherlands,Drenthe,52.75,6.85,temperate_arable,2021-01-06,2021-01-22,0.8146480731991618,0.6575709832717292,0.563250559064702,0.43371709239152145,59
Bunnik,Netherlands,Utrecht,52.05,5.2,temperate_dairy_pasture,2021-01-06,2021-01-22,0.7769220661403685,0.40259499413901395,0.3610540376198127,0.5147877369797157,25
Alblasserdam,Netherlands,Zuid-Holland,51.87,4.67,temperate_dairy_pasture,2021-01-06,2021-01-22,0.3635827228194987,0.2748075496672671,0.20630742339367653,0.08679719697463378,58
Ashburton,New Zealand,Canterbury,-43.9,171.75,maritime_arable,2021-01-06,2021-01-22,0.8498961780436133,0.391323826174037,0.39572797252980907,0.28409728435669745,53
Hamilton,New Zealand,Waikato,-37.78,175.28,maritime_dairy_pasture,2021-01-06,2021-01-22,0.41934183358406907,0.2873307558099264,0.23671248362705147,0.2659819390397474,48
Gore,New Zealand,Southland,-46.1,168.95,maritime_dairy_pasture,2021-01-06,2021-01-22,-0.133693472672947,-0.023063438722739284,-0.039075682895045975,0.5130735151955015,54
PalmerstonN,New Zealand,Manawatu,-40.35,175.61,maritime_dairy_pasture,2021-01-06,2021-01-22,0.37766534414265357,0.38862138343433805,0.2730771188932719,0.07992258607923951,46
Hastings,New Zealand,HawkesBay,-39.64,176.84,maritime_horticulture,2021-01-06,2021-01-22,0.08751378289443218,0.05316162759186148,0.04811215956309391,-0.07039328815959056,49
Balclutha,New Zealand,Otago,-46.23,169.75,maritime_arable,2021-01-06,2021-01-22,0.4121333965389131,0.3128721272957801,0.2614886586434667,0.074257018380571,52
TePuke,New Zealand,BayOfPlenty,-37.78,176.32,maritime_horticulture,2021-01-06,2021-01-22,0.506408340084686,0.39593822555982605,0.33081878210476307,0.14448951134255697,51
Stratford,New Zealand,Taranaki,-39.34,174.28,maritime_dairy_pasture,2021-01-06,2021-01-22,0.5419520448156812,0.38328799020832766,0.32349297454725456,0.08415273176074886,50
Blenheim,New Zealand,Marlborough,-41.51,173.96,maritime_horticulture,2021-01-06,2021-01-22,0.15122911044889129,0.09543308306367505,0.0826354865923977,-0.05627630665266559,51
Masterton,New Zealand,Wairarapa,-40.96,175.66,maritime_arable,2021-01-06,2021-01-22,0.49544679015344256,0.34195853400678283,0.3061508862330386,0.04493791791855193,51
Kerikeri,New Zealand,Northland,-35.22,173.95,maritime_horticulture,2021-01-06,2021-01-22,0.5488596021985777,0.4245085022613902,0.3183938743296524,0.3986203334747981,47
Motueka,New Zealand,Tasman,-41.11,173,maritime_horticulture,2021-01-06,2021-01-22,0.4106709719333274,0.5163482009172813,0.34504244506461873,0.11755303690608256,37
Shakardara,Afghanistan,Kabul,34.65,69.03,highland_irrigated,2021-01-22,2021-02-07,0.10081246226136106,0.07048774516151322,0.06919736235268432,-0.10793200547443797,44
Kama,Afghanistan,Nangarhar,34.42,70.55,lowland_irrigated,2021-01-22,2021-02-07,0.42572886031766877,0.22558799736398633,0.2301588441798606,0.016800215692164444,47
Dawlatabad,Afghanistan,Balkh,36.85,66.85,plains_irrigated,2021-01-22,2021-02-07,0.11933014452327009,0.09292839463788582,0.08885043015959315,-0.05688875763220598,50
Injil,Afghanistan,Herat,34.28,62.15,plains_irrigated,2021-01-22,2021-02-07,0.15446691283170708,0.10116603045850721,0.10700945396016107,-0.007134972236758813,47
Arghandab,Afghanistan,Kandahar,31.72,65.65,arid_irrigated,2021-01-22,2021-02-07,0.12393894241444615,0.09791455264564863,0.09838410265177705,-0.040435458831115045,47
Khanabad,Afghanistan,Kunduz,36.65,68.95,plains_irrigated,2021-01-22,2021-02-07,0.14129575367400543,0.1026884222713347,0.10329112026945275,-0.10045159616333386,44
Faizabad,Afghanistan,Badakhshan,37.1,70.55,highland_rainfed,2021-01-22,2021-02-07,0.10810705778047058,0.07284840922673899,0.07011208747720186,-0.05258686945153092,49
NadAli,Afghanistan,Helmand,31.55,64.25,arid_irrigated,2021-01-22,2021-02-07,0.14155427738534873,0.10651122882585987,0.11162657161594346,-0.06291482803864933,46
GhazniCity,Afghanistan,Ghazni,33.55,68.42,highland_rainfed,2021-01-22,2021-02-07,0.08755371275340378,0.07962243047019102,0.06622142547818026,-0.054580577300569574,46
Maimana,Afghanistan,Faryab,35.92,64.78,plains_rainfed,2021-01-22,2021-02-07,0.20815634862520857,0.10875358917999912,0.10924178571683665,-0.04269665734683919,48
Chaghcharan,Afghanistan,Ghor,34.52,65.25,highland_rainfed,2021-01-22,2021-02-07,0.04736811539656807,0.04834918396693859,0.04281661707430204,0.06730210154747769,42
Zaranj,Afghanistan,Nimroz,31,61.87,arid_irrigated,2021-01-22,2021-02-07,0.11250084815772932,0.09263251478651328,0.08907952725453422,-0.08319535765687677,46
Dronten,Netherlands,Flevoland,52.53,5.72,temperate_arable,2021-01-22,2021-02-07,0.2074316506785956,0.13311105404550028,0.11254531642735073,0.019318993574331242,45
Veendam,Netherlands,Groningen,53.1,6.87,temperate_arable,2021-01-22,2021-02-07,0.4779973126823861,0.2150401431343735,0.2215963160539259,0.08990870154643565,36
Sneek,Netherlands,Friesland,53.03,5.65,temperate_dairy_pasture,2021-01-22,2021-02-07,0.4690281121652188,0.27403264339143335,0.24783441925401234,0.15673355235451117,61
Goes,Netherlands,Zeeland,51.5,3.9,temperate_arable,2021-01-22,2021-02-07,0.38924950965166155,0.19285589569396264,0.1944518679250469,0.05978412669686004,43
Uden,Netherlands,Noord-Brabant,51.66,5.62,temperate_dairy_pasture,2021-01-22,2021-02-07,0.5514781180034762,0.21415375627992594,0.22458992273700107,0.12677563879956444,62
Tiel,Netherlands,Gelderland,51.9,5.6,temperate_horticulture,2021-01-22,2021-02-07,-0.38831589655316145,-0.05868085133609511,-0.0706194093323729,0.31715698377421575,60
Almelo,Netherlands,Overijssel,52.35,6.6,temperate_dairy_pasture,2021-01-22,2021-02-07,0.7476412093470971,0.5446249959382045,0.4903435663377297,0.3799751046049881,62
Venlo,Netherlands,Limburg,51.37,6.17,temperate_horticulture,2021-01-22,2021-02-07,0.06588407773298122,0.0573419419301509,0.04003803445675012,0.23816336888524145,58
Wieringermeer,Netherlands,Noord-Holland,52.85,5,temperate_arable,2021-01-22,2021-02-07,0.10953589582735537,0.05523967741531149,0.04597065357282177,0.10565824493268997,22
Emmen,Netherlands,Drenthe,52.75,6.85,temperate_arable,2021-01-22,2021-02-07,0.7480275218315057,0.6639022824757076,0.5581323408157226,0.3850971365476611,59
Bunnik,Netherlands,Utrecht,52.05,5.2,temperate_dairy_pasture,2021-01-22,2021-02-07,0.7105421728045673,0.5641332243265764,0.47586070813123943,0.3311173179315893,56
Alblasserdam,Netherlands,Zuid-Holland,51.87,4.67,temperate_dairy_pasture,2021-01-22,2021-02-07,0.38458763548362745,0.12548006421657332,0.13157950486156827,0.017099220567746577,58
Ashburton,New Zealand,Canterbury,-43.9,171.75,maritime_arable,2021-01-22,2021-02-07,0.7661298844514294,0.3759934731012333,0.3775234144609847,0.28300717119304264,53
Hamilton,New Zealand,Waikato,-37.78,175.28,maritime_dairy_pasture,2021-01-22,2021-02-07,0.5629748688031921,0.2984163754173678,0.2618381505595989,0.11737190468810879,47
PalmerstonN,New Zealand,Manawatu,-40.35,175.61,maritime_dairy_pasture,2021-01-22,2021-02-07,0.43898594249754885,0.3259094515075298,0.28257537196708304,0.05140461508426842,47
Hastings,New Zealand,HawkesBay,-39.64,176.84,maritime_horticulture,2021-01-22,2021-02-07,0.06924053929850578,0.03646367978413758,0.035530422783948246,-0.09442910940945741,49
Balclutha,New Zealand,Otago,-46.23,169.75,maritime_arable,2021-01-22,2021-02-07,0.39406334220886574,0.29047937025763954,0.24324387497575617,0.05526489820791582,52
TePuke,New Zealand,BayOfPlenty,-37.78,176.32,maritime_horticulture,2021-01-22,2021-02-07,0.46873732676287966,0.35284758432476354,0.3008022402895641,0.1112944217792288,51
Stratford,New Zealand,Taranaki,-39.34,174.28,maritime_dairy_pasture,2021-01-22,2021-02-07,0.5496438642736111,0.40480735850240773,0.3659838068462925,0.03807098040016457,50
Blenheim,New Zealand,Marlborough,-41.51,173.96,maritime_horticulture,2021-01-22,2021-02-07,0.1461000375937651,0.09192521124142222,0.0790279508103147,-0.06144104512259916,51
Masterton,New Zealand,Wairarapa,-40.96,175.66,maritime_arable,2021-01-22,2021-02-07,0.44931628556164854,0.31940188446529394,0.28567421266988013,0.01044581733613807,51
Kerikeri,New Zealand,Northland,-35.22,173.95,maritime_horticulture,2021-01-22,2021-02-07,0.8720293745957997,0.5784486897499374,0.5412311806508652,0.5434373421628613,47
Motueka,New Zealand,Tasman,-41.11,173,maritime_horticulture,2021-01-22,2021-02-07,0.7315806950842533,0.643584504952162,0.5365082181558654,0.29298102023414896,51
Shakardara,Afghanistan,Kabul,34.65,69.03,highland_irrigated,2021-02-07,2021-02-23,0.10385141743474606,0.0755214911155711,0.07561253676962847,-0.10149374166157818,44
Kama,Afghanistan,Nangarhar,34.42,70.55,lowland_irrigated,2021-02-07,2021-02-23,0.4105061367670806,0.23432041445362803,0.22287390815998703,0.06303410305826751,47
Dawlatabad,Afghanistan,Balkh,36.85,66.85,plains_irrigated,2021-02-07,2021-02-23,0.13097832818921906,0.10670445995208225,0.10304612402240418,-0.07364156601417149,50
Injil,Afghanistan,Herat,34.28,62.15,plains_irrigated,2021-02-07,2021-02-23,0.1715660258784367,0.1305785398593943,0.12775545215991652,0.021868932020632392,47
Arghandab,Afghanistan,Kandahar,31.72,65.65,arid_irrigated,2021-02-07,2021-02-23,0.13203208582142142,0.10853135324338084,0.10379815585463711,-0.0465719314238548,47
Khanabad,Afghanistan,Kunduz,36.65,68.95,plains_irrigated,2021-02-07,2021-02-23,0.13159624623426192,0.09830688580240822,0.0953896843122057,-0.11088170325207664,44
Faizabad,Afghanistan,Badakhshan,37.1,70.55,highland_rainfed,2021-02-07,2021-02-23,0.0917118005650323,0.0639336067637405,0.06614477267982699,-0.08121288171623088,49
NadAli,Afghanistan,Helmand,31.55,64.25,arid_irrigated,2021-02-07,2021-02-23,0.16236947436386087,0.12340959069889762,0.1260129838129684,-0.06998763893441814,46
GhazniCity,Afghanistan,Ghazni,33.55,68.42,highland_rainfed,2021-02-07,2021-02-23,0.085998755961546,0.07890328602452969,0.06518646015421423,-0.06581542330786527,46
Maimana,Afghanistan,Faryab,35.92,64.78,plains_rainfed,2021-02-07,2021-02-23,0.19762030020762744,0.11675459902853685,0.11317754180412759,-0.046598229160178105,48
Chaghcharan,Afghanistan,Ghor,34.52,65.25,highland_rainfed,2021-02-07,2021-02-23,0.05791473486302548,0.04205781437496085,0.04327827534659975,-0.04734432776809394,47
Zaranj,Afghanistan,Nimroz,31,61.87,arid_irrigated,2021-02-07,2021-02-23,0.11259249336095391,0.09227152771187204,0.08962799275122102,-0.08832306131528952,46
Tiel,Netherlands,Gelderland,51.9,5.6,temperate_horticulture,2021-02-07,2021-02-23,-0.37057202420906443,-0.09722868882203513,-0.1038530027414143,0.4379773247572395,60
Venlo,Netherlands,Limburg,51.37,6.17,temperate_horticulture,2021-02-07,2021-02-23,0.04440680626436381,0.0261724336556164,0.022828646303411426,0.26777834432920017,5
Wieringermeer,Netherlands,Noord-Holland,52.85,5,temperate_arable,2021-02-07,2021-02-23,0.1563374886838652,0.11556567177539225,0.11985607910111376,-0.030465071927086057,2
Emmen,Netherlands,Drenthe,52.75,6.85,temperate_arable,2021-02-07,2021-02-23,0.7120451387724338,0.4955572544922358,0.45610817480379123,0.32747493735302424,59
Ashburton,New Zealand,Canterbury,-43.9,171.75,maritime_arable,2021-02-07,2021-02-23,0.7361967601506323,0.3565591471893474,0.35570733858673476,0.25612497731329514,53
Hamilton,New Zealand,Waikato,-37.78,175.28,maritime_dairy_pasture,2021-02-07,2021-02-23,0.569814229520601,0.26502243929641967,0.25555850638975625,0.11576929136245767,46
Gore,New Zealand,Southland,-46.1,168.95,maritime_dairy_pasture,2021-02-07,2021-02-23,0.13155807014207738,0.14195889598412414,0.12742141042143873,0.034189903485754784,54
PalmerstonN,New Zealand,Manawatu,-40.35,175.61,maritime_dairy_pasture,2021-02-07,2021-02-23,0.3991400099053858,0.2651550293429521,0.24277697316804467,0.016196660769919935,47
Hastings,New Zealand,HawkesBay,-39.64,176.84,maritime_horticulture,2021-02-07,2021-02-23,0.08659837380393634,0.04726316452305318,0.045116565257815905,-0.061009427507225225,49
Balclutha,New Zealand,Otago,-46.23,169.75,maritime_arable,2021-02-07,2021-02-23,0.4030951351591553,0.2801746410681159,0.23772554518362293,0.06651579238846828,52
TePuke,New Zealand,BayOfPlenty,-37.78,176.32,maritime_horticulture,2021-02-07,2021-02-23,0.4822294346360375,0.32837130143724846,0.29439269461804435,0.11406377233618889,51
Stratford,New Zealand,Taranaki,-39.34,174.28,maritime_dairy_pasture,2021-02-07,2021-02-23,0.5110548914283618,0.35294903008916395,0.32595475637020144,0.0185629865180379,50
Blenheim,New Zealand,Marlborough,-41.51,173.96,maritime_horticulture,2021-02-07,2021-02-23,0.1322615570942406,0.07615970841101247,0.072131348824549,-0.07003461844186228,51
Masterton,New Zealand,Wairarapa,-40.96,175.66,maritime_arable,2021-02-07,2021-02-23,0.43964851423529516,0.2792331918806564,0.26212962791124056,0.003664416670247525,51
Kerikeri,New Zealand,Northland,-35.22,173.95,maritime_horticulture,2021-02-07,2021-02-23,0.8826474259119655,0.5493591177164103,0.5194525921669955,0.5350868884617318,47
Motueka,New Zealand,Tasman,-41.11,173,maritime_horticulture,2021-02-07,2021-02-23,0.7867400874087607,0.6856560576400506,0.5795822238382842,0.3388123759264337,51
Shakardara,Afghanistan,Kabul,34.65,69.03,highland_irrigated,2021-02-23,2021-03-11,0.1007590514137664,0.08437958090846072,0.07964830608237403,-0.06932155277510449,44
Kama,Afghanistan,Nangarhar,34.42,70.55,lowland_irrigated,2021-02-23,2021-03-11,0.48658395623181133,0.291663167546152,0.275618739194745,0.10221327680598609,47
Dawlatabad,Afghanistan,Balkh,36.85,66.85,plains_irrigated,2021-02-23,2021-03-11,0.17028336099531213,0.1488253189710313,0.13820855256392983,-0.045116478516925844,50
Injil,Afghanistan,Herat,34.28,62.15,plains_irrigated,2021-02-23,2021-03-11,0.27595484015693644,0.191127872508747,0.18492977523658496,0.07140654370215987,47
Arghandab,Afghanistan,Kandahar,31.72,65.65,arid_irrigated,2021-02-23,2021-03-11,0.16914853441737965,0.13199983209317642,0.12865874527123616,-0.01784490478596759,47
Khanabad,Afghanistan,Kunduz,36.65,68.95,plains_irrigated,2021-02-23,2021-03-11,0.15704432625264134,0.09127640743984988,0.07474770353605077,-0.0027640699506535746,21
Faizabad,Afghanistan,Badakhshan,37.1,70.55,highland_rainfed,2021-02-23,2021-03-11,0.2180691891908023,0.1138034246482446,0.14269215184701584,-0.23641733306143253,46
NadAli,Afghanistan,Helmand,31.55,64.25,arid_irrigated,2021-02-23,2021-03-11,0.2215057707766989,0.16769201247633939,0.16629652825636357,-0.036859499449104965,46
GhazniCity,Afghanistan,Ghazni,33.55,68.42,highland_rainfed,2021-02-23,2021-03-11,0.08582508565061969,0.07996866155635246,0.06615367696547389,-0.06008314190524561,46
Maimana,Afghanistan,Faryab,35.92,64.78,plains_rainfed,2021-02-23,2021-03-11,0.20900444725985023,0.12380011087358092,0.11921662429639389,-0.039113026199609706,48
Chaghcharan,Afghanistan,Ghor,34.52,65.25,highland_rainfed,2021-02-23,2021-03-11,0.07975971972884496,0.05487799597417537,0.05481170386442376,-0.03371198935191975,47
Zaranj,Afghanistan,Nimroz,31,61.87,arid_irrigated,2021-02-23,2021-03-11,0.13064057001344032,0.10976667842886315,0.1025193268670035,-0.0809273536250072,46
Dronten,Netherlands,Flevoland,52.53,5.72,temperate_arable,2021-02-23,2021-03-11,0.2773291927917504,0.18119701391073773,0.16491296768246894,-0.0006808185850671265,55
Veendam,Netherlands,Groningen,53.1,6.87,temperate_arable,2021-02-23,2021-03-11,0.358691081569927,0.20747000309110322,0.18897565967309496,-0.014975778092017358,61
Sneek,Netherlands,Friesland,53.03,5.65,temperate_dairy_pasture,2021-02-23,2021-03-11,0.42776656683333886,0.2535626215809973,0.23351825746307353,0.008287120852267994,64
Goes,Netherlands,Zeeland,51.5,3.9,temperate_arable,2021-02-23,2021-03-11,0.2646751249619225,0.1736811891491827,0.16498724757643551,-0.05239709750209547,61
Uden,Netherlands,Noord-Brabant,51.66,5.62,temperate_dairy_pasture,2021-02-23,2021-03-11,0.3609106337004403,0.22853068944491312,0.20644757062050548,0.04537304146500971,62
Tiel,Netherlands,Gelderland,51.9,5.6,temperate_horticulture,2021-02-23,2021-03-11,-0.4798239036939615,-0.08546536894450357,-0.08506213639919576,0.20757651095529298,60
Almelo,Netherlands,Overijssel,52.35,6.6,temperate_dairy_pasture,2021-02-23,2021-03-11,0.724017924090771,0.5460621874845605,0.4877534724201481,0.2438284484691893,62
Venlo,Netherlands,Limburg,51.37,6.17,temperate_horticulture,2021-02-23,2021-03-11,0.10328413214861575,0.05951576603987136,0.05157161332270586,-0.08514325247159947,58
Wieringermeer,Netherlands,Noord-Holland,52.85,5,temperate_arable,2021-02-23,2021-03-11,0.12089169191823951,0.1292309851416149,0.07167784188911741,0.0063710534773640075,26
Emmen,Netherlands,Drenthe,52.75,6.85,temperate_arable,2021-02-23,2021-03-11,0.7150282089700324,0.47885935916061695,0.4158766219760675,0.3294694442309889,59
Bunnik,Netherlands,Utrecht,52.05,5.2,temperate_dairy_pasture,2021-02-23,2021-03-11,0.5394535352861695,0.5285370713797429,0.3916777940727176,0.23329533169560807,56
Alblasserdam,Netherlands,Zuid-Holland,51.87,4.67,temperate_dairy_pasture,2021-02-23,2021-03-11,0.30136771645078003,0.16833124402443983,0.15483504162270573,-0.014669084618802444,35
Ashburton,New Zealand,Canterbury,-43.9,171.75,maritime_arable,2021-02-23,2021-03-11,0.7635117239787372,0.32003937417447254,0.33394583636485936,0.26821645021320567,52
Hamilton,New Zealand,Waikato,-37.78,175.28,maritime_dairy_pasture,2021-02-23,2021-03-11,0.5104142571282949,0.32961904565360695,0.27363947756962653,0.17968613775962175,36
Gore,New Zealand,Southland,-46.1,168.95,maritime_dairy_pasture,2021-02-23,2021-03-11,0.15764428147353793,0.15015237686502997,0.14369758989627113,0.0277849058353909,39
PalmerstonN,New Zealand,Manawatu,-40.35,175.61,maritime_dairy_pasture,2021-02-23,2021-03-11,0.36961516698566055,0.2418787236229258,0.22319057364908132,-0.027275107178444127,48
Hastings,New Zealand,HawkesBay,-39.64,176.84,maritime_horticulture,2021-02-23,2021-03-11,0.06883908329541882,0.036103271881392,0.035716167429656,-0.07101338568379328,47
Balclutha,New Zealand,Otago,-46.23,169.75,maritime_arable,2021-02-23,2021-03-11,0.3814400820581374,0.22992266975623976,0.2063492143016283,0.027505092552317995,52
TePuke,New Zealand,BayOfPlenty,-37.78,176.32,maritime_horticulture,2021-02-23,2021-03-11,0.5028829413975902,0.3102640364457028,0.27345069062347177,0.1546898563733288,51
Stratford,New Zealand,Taranaki,-39.34,174.28,maritime_dairy_pasture,2021-02-23,2021-03-11,0.5036273748829933,0.3477757196136652,0.3175787778352815,-0.0067581495181454855,50
Blenheim,New Zealand,Marlborough,-41.51,173.96,maritime_horticulture,2021-02-23,2021-03-11,0.15678008691122253,0.08861102196716034,0.07500181533829503,0.07720764845867491,51
Masterton,New Zealand,Wairarapa,-40.96,175.66,maritime_arable,2021-02-23,2021-03-11,0.4370771105503471,0.2952037196975888,0.2645034497356264,0.018030507451151517,51
Kerikeri,New Zealand,Northland,-35.22,173.95,maritime_horticulture,2021-02-23,2021-03-11,0.7488599556835959,0.38929684655874347,0.32398989828802105,0.48949682082462315,47
Motueka,New Zealand,Tasman,-41.11,173,maritime_horticulture,2021-02-23,2021-03-11,0.8616895651920586,0.6211717698611774,0.574710521620394,0.34502222349785766,51
Shakardara,Afghanistan,Kabul,34.65,69.03,highland_irrigated,2021-03-11,2021-03-27,0.09965703931472641,0.0872143256013301,0.07621770591454896,-0.05631827545725004,9
Kama,Afghanistan,Nangarhar,34.42,70.55,lowland_irrigated,2021-03-11,2021-03-27,0.5623104725889019,0.3664176312706978,0.33869445437155055,0.19936113652878265,47
Injil,Afghanistan,Herat,34.28,62.15,plains_irrigated,2021-03-11,2021-03-27,0.3228001001739766,0.23492596061322168,0.22548128930222402,0.12992697179365773,47
Arghandab,Afghanistan,Kandahar,31.72,65.65,arid_irrigated,2021-03-11,2021-03-27,0.1284221918693409,0.1050693461369395,0.10249965259952071,-0.047172167639604,47
Khanabad,Afghanistan,Kunduz,36.65,68.95,plains_irrigated,2021-03-11,2021-03-27,0.30848125916932506,0.1649068355249928,0.16172630714265437,0.024971129940921124,44
Faizabad,Afghanistan,Badakhshan,37.1,70.55,highland_rainfed,2021-03-11,2021-03-27,0.24787074967387338,0.1230195958308499,0.12465626779709116,-0.020896827813992554,49
NadAli,Afghanistan,Helmand,31.55,64.25,arid_irrigated,2021-03-11,2021-03-27,0.29406653446225983,0.22694064060836738,0.2171199127856635,0.04850902621741338,46
GhazniCity,Afghanistan,Ghazni,33.55,68.42,highland_rainfed,2021-03-11,2021-03-27,0.09027523284744558,0.08502680727556433,0.06977349892199121,-0.06909872157072633,46
Maimana,Afghanistan,Faryab,35.92,64.78,plains_rainfed,2021-03-11,2021-03-27,0.19419695063081702,0.14441481223372907,0.13041016450534973,-0.013496858386530875,48
Zaranj,Afghanistan,Nimroz,31,61.87,arid_irrigated,2021-03-11,2021-03-27,0.16562214875949663,0.14224695018283076,0.1314920537441647,-0.0502568425839967,46
Veendam,Netherlands,Groningen,53.1,6.87,temperate_arable,2021-03-11,2021-03-27,0.3496740868372759,0.22740281651317695,0.19715261436706602,0.022514890733185536,62
Sneek,Netherlands,Friesland,53.03,5.65,temperate_dairy_pasture,2021-03-11,2021-03-27,0.34271875024720383,0.23720567634797407,0.19127132248945317,0.01916199421980664,64
Goes,Netherlands,Zeeland,51.5,3.9,temperate_arable,2021-03-11,2021-03-27,0.2522273990745485,0.17093495646459156,0.160140494833972,-0.052339151882441495,62
Uden,Netherlands,Noord-Brabant,51.66,5.62,temperate_dairy_pasture,2021-03-11,2021-03-27,0.37747387604151994,0.24684038880494982,0.1793586333200999,0.09564746193961653,17
Almelo,Netherlands,Overijssel,52.35,6.6,temperate_dairy_pasture,2021-03-11,2021-03-27,0.3042712734490044,0.2405046156332884,0.16753829853028623,0.27787904691630744,55
Venlo,Netherlands,Limburg,51.37,6.17,temperate_horticulture,2021-03-11,2021-03-27,0.09874740463664926,0.10564562430551966,0.06379089624986983,-0.00435819163561463,21
Emmen,Netherlands,Drenthe,52.75,6.85,temperate_arable,2021-03-11,2021-03-27,0.7555053258727014,0.6147699456836527,0.5302959203001825,0.32538169375712034,59
Bunnik,Netherlands,Utrecht,52.05,5.2,temperate_dairy_pasture,2021-03-11,2021-03-27,0.7588431828139897,0.6389445293376197,0.5449745880492731,0.27995825811789254,56
Alblasserdam,Netherlands,Zuid-Holland,51.87,4.67,temperate_dairy_pasture,2021-03-11,2021-03-27,0.10562902051803752,0.3630946890283205,0.10797883310698966,-0.0009564108545028045,6
Hamilton,New Zealand,Waikato,-37.78,175.28,maritime_dairy_pasture,2021-03-11,2021-03-27,0.5522813707434999,0.2696358008637425,0.2569521809104691,0.13968737001294199,48
Gore,New Zealand,Southland,-46.1,168.95,maritime_dairy_pasture,2021-03-11,2021-03-27,0.12617141547377972,0.09857490241399233,0.09666907953645204,0.026848609330572266,54
PalmerstonN,New Zealand,Manawatu,-40.35,175.61,maritime_dairy_pasture,2021-03-11,2021-03-27,0.4352786082758568,0.28921370616076275,0.260157050042612,0.05419974412614743,48
Hastings,New Zealand,HawkesBay,-39.64,176.84,maritime_horticulture,2021-03-11,2021-03-27,0.07741862253526836,0.04190774662831612,0.040495954843430375,-0.08668262166875544,46
Balclutha,New Zealand,Otago,-46.23,169.75,maritime_arable,2021-03-11,2021-03-27,0.384051866055459,0.2290598119130005,0.20561822143172362,0.03262576053452939,52
TePuke,New Zealand,BayOfPlenty,-37.78,176.32,maritime_horticulture,2021-03-11,2021-03-27,0.4981072245510349,0.33268102863268784,0.2894142121738645,0.1534157386888035,51
Stratford,New Zealand,Taranaki,-39.34,174.28,maritime_dairy_pasture,2021-03-11,2021-03-27,0.5240601326031197,0.36638962952515153,0.3370290608476468,0.013934172197333712,50
Blenheim,New Zealand,Marlborough,-41.51,173.96,maritime_horticulture,2021-03-11,2021-03-27,0.15396225855059578,0.134310314165258,0.08795416005513114,-0.03324735701288991,51
Masterton,New Zealand,Wairarapa,-40.96,175.66,maritime_arable,2021-03-11,2021-03-27,0.48805399137679795,0.3118523971445808,0.28778931962717946,0.048487903728517384,51
Kerikeri,New Zealand,Northland,-35.22,173.95,maritime_horticulture,2021-03-11,2021-03-27,0.7459972065569823,0.446642206588913,0.37883227809962094,0.5120214348583867,47
Motueka,New Zealand,Tasman,-41.11,173,maritime_horticulture,2021-03-11,2021-03-27,0.8193073439945662,0.70398226804637,0.5973779400048721,0.40168626496271986,51
Shakardara,Afghanistan,Kabul,34.65,69.03,highland_irrigated,2021-03-27,2021-04-12,0.11876745109637679,0.10586073174911777,0.09903154126628376,-0.052528574090628805,44
Kama,Afghanistan,Nangarhar,34.42,70.55,lowland_irrigated,2021-03-27,2021-04-12,0.7609789419507629,0.49590616587484465,0.47212328138447174,0.3328489896962338,47
Dawlatabad,Afghanistan,Balkh,36.85,66.85,plains_irrigated,2021-03-27,2021-04-12,0.36406844334854105,0.2960738426881484,0.26522692768649475,0.07688397153918557,50
Injil,Afghanistan,Herat,34.28,62.15,plains_irrigated,2021-03-27,2021-04-12,0.5095311099335005,0.3626680543158579,0.3485646534145296,0.23127763383784755,47
Arghandab,Afghanistan,Kandahar,31.72,65.65,arid_irrigated,2021-03-27,2021-04-12,0.14051851421814823,0.11871626008037343,0.11464099526388416,-0.04012807934356184,47
Khanabad,Afghanistan,Kunduz,36.65,68.95,plains_irrigated,2021-03-27,2021-04-12,0.3912736072988927,0.2924987656255047,0.26375347511323133,0.09450175923377187,44
Faizabad,Afghanistan,Badakhshan,37.1,70.55,highland_rainfed,2021-03-27,2021-04-12,0.2911243970499332,0.18721613991428296,0.17757240714191305,0.03858630148181602,49
NadAli,Afghanistan,Helmand,31.55,64.25,arid_irrigated,2021-03-27,2021-04-12,0.32187826471898096,0.2664383739199177,0.2431860653574069,0.08674097322717086,46
GhazniCity,Afghanistan,Ghazni,33.55,68.42,highland_rainfed,2021-03-27,2021-04-12,0.0852824424639339,0.07932064338523884,0.06435860147516403,-0.053048847545431585,46
Maimana,Afghanistan,Faryab,35.92,64.78,plains_rainfed,2021-03-27,2021-04-12,0.27054897998835253,0.2086593158511434,0.181082101065753,0.025874519031069507,48
Chaghcharan,Afghanistan,Ghor,34.52,65.25,highland_rainfed,2021-03-27,2021-04-12,0.09389512671873589,0.08613745873501573,0.0784966977393557,-0.05151877324961027,47
Zaranj,Afghanistan,Nimroz,31,61.87,arid_irrigated,2021-03-27,2021-04-12,0.1617946758547588,0.14354914048109235,0.13266408801799456,-0.04533271079527552,46
Dronten,Netherlands,Flevoland,52.53,5.72,temperate_arable,2021-03-27,2021-04-12,0.2813669833620687,0.19454921271754239,0.17155363925111103,0.005428424197854939,63
Veendam,Netherlands,Groningen,53.1,6.87,temperate_arable,2021-03-27,2021-04-12,0.41256632769924073,0.2550379270698819,0.22213412624128473,0.036570158307132686,62
Sneek,Netherlands,Friesland,53.03,5.65,temperate_dairy_pasture,2021-03-27,2021-04-12,0.47745053691524847,0.2652744856545874,0.2449718035581052,0.06423114991240039,64
Goes,Netherlands,Zeeland,51.5,3.9,temperate_arable,2021-03-27,2021-04-12,0.2760842445978655,0.20164661275317067,0.18038932372096375,-0.019591966729485648,62
Uden,Netherlands,Noord-Brabant,51.66,5.62,temperate_dairy_pasture,2021-03-27,2021-04-12,0.4629324357291476,0.28184652393457876,0.2580897710961195,0.055076345656898916,62
Tiel,Netherlands,Gelderland,51.9,5.6,temperate_horticulture,2021-03-27,2021-04-12,-0.16746542168294518,-0.028331495689050468,-0.02810924316568409,0.24707867824875607,60
Almelo,Netherlands,Overijssel,52.35,6.6,temperate_dairy_pasture,2021-03-27,2021-04-12,0.8233102361735413,0.7069796092285509,0.6109173359625423,0.4128517682919455,62
Venlo,Netherlands,Limburg,51.37,6.17,temperate_horticulture,2021-03-27,2021-04-12,0.174155804708772,0.06287207199724563,0.0633132787680434,-0.19660625686258565,58
Wieringermeer,Netherlands,Noord-Holland,52.85,5,temperate_arable,2021-03-27,2021-04-12,0.2666050555913564,0.20050021910719654,0.16926646900273207,0.050991698294117226,62
Emmen,Netherlands,Drenthe,52.75,6.85,temperate_arable,2021-03-27,2021-04-12,0.7981697970182221,0.6433172437654197,0.5558784763491167,0.404649640470705,59
Bunnik,Netherlands,Utrecht,52.05,5.2,temperate_dairy_pasture,2021-03-27,2021-04-12,0.806636613188408,0.7427637108185994,0.611554531247951,0.3788232638838885,56
Alblasserdam,Netherlands,Zuid-Holland,51.87,4.67,temperate_dairy_pasture,2021-03-27,2021-04-12,0.30874116098188015,0.17771634808699058,0.16094928564940525,0.004444703593714177,58
Ashburton,New Zealand,Canterbury,-43.9,171.75,maritime_arable,2021-03-27,2021-04-12,0.7649880390040399,0.2886129499888828,0.3050671759466214,0.27896758471747235,53
Hamilton,New Zealand,Waikato,-37.78,175.28,maritime_dairy_pasture,2021-03-27,2021-04-12,0.5847421117888122,0.36235088678604865,0.3298503714931505,0.2182535537909099,36
Gore,New Zealand,Southland,-46.1,168.95,maritime_dairy_pasture,2021-03-27,2021-04-12,0.22643186462869944,0.1799233655250904,0.17305141291520054,0.09795253325419306,39
PalmerstonN,New Zealand,Manawatu,-40.35,175.61,maritime_dairy_pasture,2021-03-27,2021-04-12,0.46923801280415084,0.3019212635733161,0.2702213816755483,0.07472260496793115,45
Hastings,New Zealand,HawkesBay,-39.64,176.84,maritime_horticulture,2021-03-27,2021-04-12,0.09076497915146274,0.05139613572884165,0.04511488329269659,-0.06043963938265343,39
Balclutha,New Zealand,Otago,-46.23,169.75,maritime_arable,2021-03-27,2021-04-12,0.3649734727778407,0.20764518153084696,0.18827053311594383,0.00020884379129513207,52
TePuke,New Zealand,BayOfPlenty,-37.78,176.32,maritime_horticulture,2021-03-27,2021-04-12,0.5431687215396951,0.3335154495814123,0.30666507349229166,0.1495915045982362,51
Stratford,New Zealand,Taranaki,-39.34,174.28,maritime_dairy_pasture,2021-03-27,2021-04-12,0.5230682102161183,0.37298845517749923,0.33782956718573404,0.054489521196701564,50
Blenheim,New Zealand,Marlborough,-41.51,173.96,maritime_horticulture,2021-03-27,2021-04-12,0.15518777563101482,0.09489017056977594,0.0847119897659679,-0.06270165351546987,51
Masterton,New Zealand,Wairarapa,-40.96,175.66,maritime_arable,2021-03-27,2021-04-12,0.4983228400314875,0.271085103486556,0.24707305179881964,0.10773170952682687,51
Kerikeri,New Zealand,Northland,-35.22,173.95,maritime_horticulture,2021-03-27,2021-04-12,0.8880747143629485,0.5447288298211497,0.5214285932327112,0.5576827893674974,47
Motueka,New Zealand,Tasman,-41.11,173,maritime_horticulture,2021-03-27,2021-04-12,0.8498539806054558,0.7073445260042325,0.6237221167876809,0.37866832844373066,51
Shakardara,Afghanistan,Kabul,34.65,69.03,highland_irrigated,2021-04-12,2021-04-28,0.10532749062526439,0.07855685831221107,0.0775980377030824,-0.10058622994731381,44
Kama,Afghanistan,Nangarhar,34.42,70.55,lowland_irrigated,2021-04-12,2021-04-28,0.78234810294636,0.5440058618150189,0.5008124182970979,0.3847408501454597,47
Dawlatabad,Afghanistan,Balkh,36.85,66.85,plains_irrigated,2021-04-12,2021-04-28,0.37703276203972036,0.32810508260509486,0.291477295115825,0.10599970055045561,50
Injil,Afghanistan,Herat,34.28,62.15,plains_irrigated,2021-04-12,2021-04-28,0.496709069782819,0.4094793978572301,0.3634109850554332,0.2529453522992413,47
Arghandab,Afghanistan,Kandahar,31.72,65.65,arid_irrigated,2021-04-12,2021-04-28,0.10914763897220532,0.09299058862625269,0.0921340898333079,-0.045709672064144474,47
Khanabad,Afghanistan,Kunduz,36.65,68.95,plains_irrigated,2021-04-12,2021-04-28,0.4032075755706848,0.3333291230916682,0.30224296429047276,0.1255128940214255,44
Faizabad,Afghanistan,Badakhshan,37.1,70.55,highland_rainfed,2021-04-12,2021-04-28,0.3573371507312815,0.24521404982428413,0.229591213546506,0.1123902201316155,49
NadAli,Afghanistan,Helmand,31.55,64.25,arid_irrigated,2021-04-12,2021-04-28,0.30395727751948937,0.23130678622547002,0.22389730984225387,0.07876192070048917,46
GhazniCity,Afghanistan,Ghazni,33.55,68.42,highland_rainfed,2021-04-12,2021-04-28,0.09914758100938516,0.09924975197664121,0.07909466148298397,-0.06601332718635647,46
Maimana,Afghanistan,Faryab,35.92,64.78,plains_rainfed,2021-04-12,2021-04-28,0.27503477120636577,0.19972435311076078,0.18367978467757748,0.01131899513049395,48
Chaghcharan,Afghanistan,Ghor,34.52,65.25,highland_rainfed,2021-04-12,2021-04-28,0.12090608571004528,0.10897446680632808,0.09824986057218245,-0.022483967999710412,47
Zaranj,Afghanistan,Nimroz,31,61.87,arid_irrigated,2021-04-12,2021-04-28,0.1791746903186706,0.15853804770128505,0.14695761545386415,-0.03569621449282609,46
Dronten,Netherlands,Flevoland,52.53,5.72,temperate_arable,2021-04-12,2021-04-28,0.25690095947059677,0.197300028607504,0.1638826544560146,-0.009902251598220144,63
Veendam,Netherlands,Groningen,53.1,6.87,temperate_arable,2021-04-12,2021-04-28,0.45054943263054414,0.24898924859318164,0.23228222551281033,-0.009025125616587856,62
Sneek,Netherlands,Friesland,53.03,5.65,temperate_dairy_pasture,2021-04-12,2021-04-28,0.5094181787811554,0.31812284430388,0.29054834515277317,0.0790915302022354,64
Goes,Netherlands,Zeeland,51.5,3.9,temperate_arable,2021-04-12,2021-04-28,0.27146709705352207,0.2375555352829781,0.19295935113056467,-0.008593321306251822,62
Uden,Netherlands,Noord-Brabant,51.66,5.62,temperate_dairy_pasture,2021-04-12,2021-04-28,0.43896608461186215,0.31822837222239425,0.2798491992167003,0.06882312578256439,62
Tiel,Netherlands,Gelderland,51.9,5.6,temperate_horticulture,2021-04-12,2021-04-28,-0.28690248726574197,-0.03595597078790724,-0.03493687631347438,0.18388535024252387,60
Almelo,Netherlands,Overijssel,52.35,6.6,temperate_dairy_pasture,2021-04-12,2021-04-28,0.8001544450779687,0.8228284445808347,0.6024898074698086,0.4640376181066616,62
Venlo,Netherlands,Limburg,51.37,6.17,temperate_horticulture,2021-04-12,2021-04-28,0.1732073707539287,0.10706272316226242,0.09157040699016476,-0.11017775230647828,58
Wieringermeer,Netherlands,Noord-Holland,52.85,5,temperate_arable,2021-04-12,2021-04-28,0.2057012164414247,0.16415553952469072,0.13211505276931396,0.03630353311606121,62
Emmen,Netherlands,Drenthe,52.75,6.85,temperate_arable,2021-04-12,2021-04-28,0.7683852555349883,0.6566191688543696,0.5418662010067855,0.418724766510421,59
Bunnik,Netherlands,Utrecht,52.05,5.2,temperate_dairy_pasture,2021-04-12,2021-04-28,0.827418463834806,0.7401988080924704,0.609169661719928,0.45237627703770944,56
Alblasserdam,Netherlands,Zuid-Holland,51.87,4.67,temperate_dairy_pasture,2021-04-12,2021-04-28,0.29441206467562436,0.19107288434708414,0.16517050490339702,0.016495223069870748,58
Ashburton,New Zealand,Canterbury,-43.9,171.75,maritime_arable,2021-04-12,2021-04-28,0.7613367669827947,0.2947093859928192,0.3097834044878759,0.2886098875566092,47
Hamilton,New Zealand,Waikato,-37.78,175.28,maritime_dairy_pasture,2021-04-12,2021-04-28,0.5036498536706934,0.2699214367684255,0.24510496745576482,0.22501575689366407,48
Gore,New Zealand,Southland,-46.1,168.95,maritime_dairy_pasture,2021-04-12,2021-04-28,0.2727066059840622,0.17713290000005727,0.1695946893773626,0.08006577146894746,54
PalmerstonN,New Zealand,Manawatu,-40.35,175.61,maritime_dairy_pasture,2021-04-12,2021-04-28,0.6113527341661766,0.24722924672162086,0.2415975165232171,0.2824007853746583,7
Hastings,New Zealand,HawkesBay,-39.64,176.84,maritime_horticulture,2021-04-12,2021-04-28,0.06431966826512718,0.03208402863250022,0.031499867955040055,-0.08384115820275183,40
Balclutha,New Zealand,Otago,-46.23,169.75,maritime_arable,2021-04-12,2021-04-28,0.3645760289804845,0.1790592076828938,0.17186592949928975,0.06515712125836588,50
TePuke,New Zealand,BayOfPlenty,-37.78,176.32,maritime_horticulture,2021-04-12,2021-04-28,0.5348070525229772,0.3306313989455652,0.2952097415131845,0.1571490039996008,50
Stratford,New Zealand,Taranaki,-39.34,174.28,maritime_dairy_pasture,2021-04-12,2021-04-28,0.526603430364935,0.40910582565186004,0.3580447111380334,0.0806979795600551,50
Blenheim,New Zealand,Marlborough,-41.51,173.96,maritime_horticulture,2021-04-12,2021-04-28,0.16980688614779177,0.09792384875668739,0.08681224275724064,-0.05758263102979667,51
Masterton,New Zealand,Wairarapa,-40.96,175.66,maritime_arable,2021-04-12,2021-04-28,0.5291124657980841,0.3404116144187166,0.31112064151207874,0.09190131360733067,51
Kerikeri,New Zealand,Northland,-35.22,173.95,maritime_horticulture,2021-04-12,2021-04-28,0.8915848059395511,0.5230187974007092,0.506772386461941,0.5695745094948798,47
Motueka,New Zealand,Tasman,-41.11,173,maritime_horticulture,2021-04-12,2021-04-28,0.8409775389681502,0.5648134502229709,0.5157770319730802,0.38222194118427216,51
Shakardara,Afghanistan,Kabul,34.65,69.03,highland_irrigated,2021-04-28,2021-05-14,0.0956304613548076,0.07592588998254278,0.07310109030956553,-0.09455649192765586,44
Kama,Afghanistan,Nangarhar,34.42,70.55,lowland_irrigated,2021-04-28,2021-05-14,0.7685538027271924,0.5063657930951653,0.48869248101830143,0.3132126829492198,47
Dawlatabad,Afghanistan,Balkh,36.85,66.85,plains_irrigated,2021-04-28,2021-05-14,0.3751887928483811,0.3088766869714461,0.2913580664538549,0.08903554464948298,50
Injil,Afghanistan,Herat,34.28,62.15,plains_irrigated,2021-04-28,2021-05-14,0.40716319060398753,0.2875830263085322,0.27030878582453033,0.16461771434328873,47
Arghandab,Afghanistan,Kandahar,31.72,65.65,arid_irrigated,2021-04-28,2021-05-14,0.08534496860138464,0.06755910976016383,0.06627608650693025,-0.06203112282432074,47
Faizabad,Afghanistan,Badakhshan,37.1,70.55,highland_rainfed,2021-04-28,2021-05-14,0.3310011045856115,0.25748350943870796,0.23270369279070396,0.13918879485001542,49
NadAli,Afghanistan,Helmand,31.55,64.25,arid_irrigated,2021-04-28,2021-05-14,0.1970520408402628,0.13837798643146082,0.13790670594437324,0.032647598856531866,46
GhazniCity,Afghanistan,Ghazni,33.55,68.42,highland_rainfed,2021-04-28,2021-05-14,0.08180226553910624,0.08010902220746996,0.0624214061766084,-0.054961262977667034,46
Maimana,Afghanistan,Faryab,35.92,64.78,plains_rainfed,2021-04-28,2021-05-14,0.28049067451714466,0.2011993812899588,0.19232542040674747,-0.021729842337388856,48
Chaghcharan,Afghanistan,Ghor,34.52,65.25,highland_rainfed,2021-04-28,2021-05-14,0.1572569263433925,0.140638353298171,0.1296613618648445,-0.02130936893881426,47
Zaranj,Afghanistan,Nimroz,31,61.87,arid_irrigated,2021-04-28,2021-05-14,0.19192162207225946,0.16996232653563006,0.15498030752398703,-0.02016779277656103,46
Dronten,Netherlands,Flevoland,52.53,5.72,temperate_arable,2021-04-28,2021-05-14,0.22458557499785411,0.17246968081450562,0.1334684099518348,0.0780738639981585,62
Veendam,Netherlands,Groningen,53.1,6.87,temperate_arable,2021-04-28,2021-05-14,0.4526488562860348,0.31065124833123375,0.2653556891854754,0.03450700097772497,62
Sneek,Netherlands,Friesland,53.03,5.65,temperate_dairy_pasture,2021-04-28,2021-05-14,0.5063054693834087,0.4265950043522105,0.34526411526982154,0.11874538222736498,64
Tiel,Netherlands,Gelderland,51.9,5.6,temperate_horticulture,2021-04-28,2021-05-14,-0.17456739927892706,-0.029614365150923243,-0.031191185762003682,0.11085306872763671,59
Almelo,Netherlands,Overijssel,52.35,6.6,temperate_dairy_pasture,2021-04-28,2021-05-14,0.7081742463110346,0.6475883106280954,0.5122575835198847,0.40909149815218393,62
Venlo,Netherlands,Limburg,51.37,6.17,temperate_horticulture,2021-04-28,2021-05-14,0.18545348100127337,0.12020686601286286,0.09509883832846858,-0.11137550033848459,52
Emmen,Netherlands,Drenthe,52.75,6.85,temperate_arable,2021-04-28,2021-05-14,0.5496042465409157,0.40241506998036003,0.3157303545633688,0.38261590934825246,59
Bunnik,Netherlands,Utrecht,52.05,5.2,temperate_dairy_pasture,2021-04-28,2021-05-14,0.822838062889037,0.7385086577623967,0.5913944115649448,0.5079866914395667,56
Alblasserdam,Netherlands,Zuid-Holland,51.87,4.67,temperate_dairy_pasture,2021-04-28,2021-05-14,0.32585978450524844,0.2267675443406801,0.19604069739558613,0.04575986544632645,58
Ashburton,New Zealand,Canterbury,-43.9,171.75,maritime_arable,2021-04-28,2021-05-14,0.7808923290148545,0.2727936873504519,0.291163988320552,0.31521606831774707,53
Hamilton,New Zealand,Waikato,-37.78,175.28,maritime_dairy_pasture,2021-04-28,2021-05-14,0.5626819558236662,0.27105788016828336,0.26088567659108114,0.21020477622692693,42
Gore,New Zealand,Southland,-46.1,168.95,maritime_dairy_pasture,2021-04-28,2021-05-14,0.33960732245787467,0.1784087789888531,0.17412942644885038,0.10643180144164059,50
Hastings,New Zealand,HawkesBay,-39.64,176.84,maritime_horticulture,2021-04-28,2021-05-14,0.051272807911465774,0.02611064826181508,0.025027874119395967,-0.10125367692517,37
Balclutha,New Zealand,Otago,-46.23,169.75,maritime_arable,2021-04-28,2021-05-14,0.39824217395755906,0.2299456313611149,0.2077084697770511,0.11880770998441995,52
TePuke,New Zealand,BayOfPlenty,-37.78,176.32,maritime_horticulture,2021-04-28,2021-05-14,0.5099746928488531,0.32158651361549495,0.28591411363201635,0.13234155739047798,51
Stratford,New Zealand,Taranaki,-39.34,174.28,maritime_dairy_pasture,2021-04-28,2021-05-14,0.560370173288709,0.5031632220931673,0.362270134125908,0.09969933973333407,50
Blenheim,New Zealand,Marlborough,-41.51,173.96,maritime_horticulture,2021-04-28,2021-05-14,0.17080994616317835,0.09490350096679129,0.08593005540096976,-0.037464933040535595,51
Masterton,New Zealand,Wairarapa,-40.96,175.66,maritime_arable,2021-04-28,2021-05-14,0.5219049338439277,0.3166511099742428,0.2935774957276853,0.07973649178239967,51
Kerikeri,New Zealand,Northland,-35.22,173.95,maritime_horticulture,2021-04-28,2021-05-14,0.8966274826749887,0.5084111527880633,0.499866698432078,0.5512207903397771,47
Motueka,New Zealand,Tasman,-41.11,173,maritime_horticulture,2021-04-28,2021-05-14,0.7984391010867954,0.6088931439615827,0.5557697354684644,0.3472295444125785,51
Shakardara,Afghanistan,Kabul,34.65,69.03,highland_irrigated,2021-05-14,2021-05-30,0.09016104510489052,0.08126751332452813,0.07625681042738816,-0.06504251773526915,44
Kama,Afghanistan,Nangarhar,34.42,70.55,lowland_irrigated,2021-05-14,2021-05-30,0.6478626820010359,0.4383039575144012,0.4223115786821019,0.2440261415695024,47
Dawlatabad,Afghanistan,Balkh,36.85,66.85,plains_irrigated,2021-05-14,2021-05-30,0.28169040158859165,0.24335675732560771,0.22990258732701965,0.04889943208077277,50
Injil,Afghanistan,Herat,34.28,62.15,plains_irrigated,2021-05-14,2021-05-30,0.24013072120320925,0.19000773031324808,0.18184701549479243,0.0741400134440635,47
Arghandab,Afghanistan,Kandahar,31.72,65.65,arid_irrigated,2021-05-14,2021-05-30,0.08327766241885995,0.0750384716257676,0.07178571619359357,-0.06132232870670402,47
Khanabad,Afghanistan,Kunduz,36.65,68.95,plains_irrigated,2021-05-14,2021-05-30,0.14965352550544275,0.11979621885667163,0.12150164347732864,-0.05456955633930219,44
Faizabad,Afghanistan,Badakhshan,37.1,70.55,highland_rainfed,2021-05-14,2021-05-30,0.3046160521225035,0.23735405793693817,0.2184343325349742,0.07318432495633699,49
NadAli,Afghanistan,Helmand,31.55,64.25,arid_irrigated,2021-05-14,2021-05-30,0.15597558670435382,0.13938868752098307,0.13373801375835973,-0.020137789676077114,46
GhazniCity,Afghanistan,Ghazni,33.55,68.42,highland_rainfed,2021-05-14,2021-05-30,0.10255385424336207,0.1064857623929489,0.08370534278235582,-0.060963953653989045,46
Maimana,Afghanistan,Faryab,35.92,64.78,plains_rainfed,2021-05-14,2021-05-30,0.24563894706882552,0.19420645776452614,0.18054734198472816,-0.015526408177110184,48
Chaghcharan,Afghanistan,Ghor,34.52,65.25,highland_rainfed,2021-05-14,2021-05-30,0.17935262960434528,0.1707125892843219,0.15303781552625725,-0.005827485077435668,47
Zaranj,Afghanistan,Nimroz,31,61.87,arid_irrigated,2021-05-14,2021-05-30,0.19205260814503966,0.17135674913705068,0.16038102758426726,-0.015109485167821658,46
Veendam,Netherlands,Groningen,53.1,6.87,temperate_arable,2021-05-14,2021-05-30,0.5115175951412636,0.353699109058966,0.3050257302381125,0.07824820318632751,62
Uden,Netherlands,Noord-Brabant,51.66,5.62,temperate_dairy_pasture,2021-05-14,2021-05-30,0.5284434124678747,0.13525447774772484,0.14152507477056608,0.02483183013607651,34
Tiel,Netherlands,Gelderland,51.9,5.6,temperate_horticulture,2021-05-14,2021-05-30,0.030589253651714183,0.018718544131686846,0.013039399898706295,0.17258772265511957,35
Almelo,Netherlands,Overijssel,52.35,6.6,temperate_dairy_pasture,2021-05-14,2021-05-30,0.5377101722594401,0.5284146749543407,0.38818431861642216,0.2791898505284997,62
Wieringermeer,Netherlands,Noord-Holland,52.85,5,temperate_arable,2021-05-14,2021-05-30,0.2634365536424722,0.2923202925949713,0.14681147658425606,0.20766369299333165,40
Emmen,Netherlands,Drenthe,52.75,6.85,temperate_arable,2021-05-14,2021-05-30,0.7609591566091315,0.7342913045329311,0.556683665804821,0.4919480459450602,59
Bunnik,Netherlands,Utrecht,52.05,5.2,temperate_dairy_pasture,2021-05-14,2021-05-30,0.839461076185672,0.9422916326445743,0.7036125497253282,0.5104292285013085,56
Hamilton,New Zealand,Waikato,-37.78,175.28,maritime_dairy_pasture,2021-05-14,2021-05-30,0.440626356003977,0.25382015009187514,0.22080341640544585,0.12011711986875001,46
Gore,New Zealand,Southland,-46.1,168.95,maritime_dairy_pasture,2021-05-14,2021-05-30,0.05539968904416009,0.12454210172266982,0.12090843305999033,0.05650248836624948,43
Hastings,New Zealand,HawkesBay,-39.64,176.84,maritime_horticulture,2021-05-14,2021-05-30,0.03088898524474493,0.01327011680133263,0.014331722543269467,-0.07071993518768052,35
Balclutha,New Zealand,Otago,-46.23,169.75,maritime_arable,2021-05-14,2021-05-30,0.40192471924531187,0.21100689437722522,0.1982717803110458,0.04257061386724516,45
TePuke,New Zealand,BayOfPlenty,-37.78,176.32,maritime_horticulture,2021-05-14,2021-05-30,0.4917052538242336,0.272750689793541,0.2509724511709967,0.15737354921344368,51
Stratford,New Zealand,Taranaki,-39.34,174.28,maritime_dairy_pasture,2021-05-14,2021-05-30,0.3722419018048471,0.3763933243270201,0.2537002309708181,0.24529784089468412,50
Blenheim,New Zealand,Marlborough,-41.51,173.96,maritime_horticulture,2021-05-14,2021-05-30,0.17655179704528626,0.10148083042103372,0.09070891421404,-0.04375721387901737,51
Masterton,New Zealand,Wairarapa,-40.96,175.66,maritime_arable,2021-05-14,2021-05-30,0.5038967534012213,0.31244882885772157,0.28995053548068905,0.10352230419799305,51
Kerikeri,New Zealand,Northland,-35.22,173.95,maritime_horticulture,2021-05-14,2021-05-30,0.8926687147263639,0.5241636241595299,0.5080551045105668,0.5763522983791356,47
Motueka,New Zealand,Tasman,-41.11,173,maritime_horticulture,2021-05-14,2021-05-30,0.5347063286773454,0.40164591691519963,0.35450765210287466,0.2753780111497335,51
Shakardara,Afghanistan,Kabul,34.65,69.03,highland_irrigated,2021-05-30,2021-06-15,0.10428328432206296,0.0894800463382118,0.08526739235852125,-0.06537747563670136,44
Kama,Afghanistan,Nangarhar,34.42,70.55,lowland_irrigated,2021-05-30,2021-06-15,0.587874920045853,0.3875911415038174,0.3797396163023506,0.26578036973005753,47
Dawlatabad,Afghanistan,Balkh,36.85,66.85,plains_irrigated,2021-05-30,2021-06-15,0.22899510722634137,0.21385757795825625,0.1962639480257918,0.02027291817900913,50
Injil,Afghanistan,Herat,34.28,62.15,plains_irrigated,2021-05-30,2021-06-15,0.13299731384315538,0.12185791332355426,0.11375329647093031,-0.00515174854416665,47
Arghandab,Afghanistan,Kandahar,31.72,65.65,arid_irrigated,2021-05-30,2021-06-15,0.08572494380416694,0.07792212582525214,0.07455156638330518,-0.05433146353964636,47
Khanabad,Afghanistan,Kunduz,36.65,68.95,plains_irrigated,2021-05-30,2021-06-15,0.1050141643148197,0.09485827321986354,0.09209057255788686,-0.0782308961505995,44
Faizabad,Afghanistan,Badakhshan,37.1,70.55,highland_rainfed,2021-05-30,2021-06-15,0.27587324073662106,0.21407338258246,0.19641794164395338,0.0939756583985402,49
NadAli,Afghanistan,Helmand,31.55,64.25,arid_irrigated,2021-05-30,2021-06-15,0.1913706433808626,0.16434090988820627,0.15963217537544291,-0.009804243876108792,46
GhazniCity,Afghanistan,Ghazni,33.55,68.42,highland_rainfed,2021-05-30,2021-06-15,0.09503006340866824,0.0980734273625018,0.07754316111393589,-0.06177942581207912,46
Maimana,Afghanistan,Faryab,35.92,64.78,plains_rainfed,2021-05-30,2021-06-15,0.22302630800272197,0.17614593108819696,0.16400155611755812,-0.04542544826522802,48
Chaghcharan,Afghanistan,Ghor,34.52,65.25,highland_rainfed,2021-05-30,2021-06-15,0.1876514837670871,0.17892665339785982,0.1595771376496234,-0.00886545230564882,47
Zaranj,Afghanistan,Nimroz,31,61.87,arid_irrigated,2021-05-30,2021-06-15,0.16937832953844817,0.15708711233178863,0.14501694414112692,-0.02464415195384331,46
Dronten,Netherlands,Flevoland,52.53,5.72,temperate_arable,2021-05-30,2021-06-15,0.2395365180082663,0.17555452254467,0.149867863762379,-0.02019648726589107,63
Veendam,Netherlands,Groningen,53.1,6.87,temperate_arable,2021-05-30,2021-06-15,0.5923858935547389,0.36724354931657455,0.342649733125985,0.10971951857927005,62
Sneek,Netherlands,Friesland,53.03,5.65,temperate_dairy_pasture,2021-05-30,2021-06-15,0.5829918457382322,0.399347478244392,0.3606497406374896,0.11936646866273508,64
Goes,Netherlands,Zeeland,51.5,3.9,temperate_arable,2021-05-30,2021-06-15,0.24321304595227475,0.19085459776605423,0.16970748026751664,-0.010615562682600197,62
Uden,Netherlands,Noord-Brabant,51.66,5.62,temperate_dairy_pasture,2021-05-30,2021-06-15,0.5877926862771198,0.4059426003209286,0.3666215444681668,0.17023344516436292,62
Tiel,Netherlands,Gelderland,51.9,5.6,temperate_horticulture,2021-05-30,2021-06-15,-0.3262863586458855,-0.0540535903090552,-0.056065029842004135,0.20108722907561993,60
Almelo,Netherlands,Overijssel,52.35,6.6,temperate_dairy_pasture,2021-05-30,2021-06-15,0.7877271583099685,0.6224995353754339,0.5476143093710736,0.3091740557431141,62
Venlo,Netherlands,Limburg,51.37,6.17,temperate_horticulture,2021-05-30,2021-06-15,0.18965093637078778,0.09941546576547038,0.09103110036977684,-0.14283340974949005,58
Wieringermeer,Netherlands,Noord-Holland,52.85,5,temperate_arable,2021-05-30,2021-06-15,0.22768063697690255,0.17504981706538963,0.15866499067963075,0.3271526488774964,62
Emmen,Netherlands,Drenthe,52.75,6.85,temperate_arable,2021-05-30,2021-06-15,0.8386547898400714,0.742932327036588,0.6301199578886298,0.4748164187309911,59
Bunnik,Netherlands,Utrecht,52.05,5.2,temperate_dairy_pasture,2021-05-30,2021-06-15,0.6932905057816158,0.56865482089056,0.4978341551612049,0.26595274136651387,56
Alblasserdam,Netherlands,Zuid-Holland,51.87,4.67,temperate_dairy_pasture,2021-05-30,2021-06-15,0.34828098563252535,0.22759346890532128,0.20589170870593118,0.03856350680950426,58
Ashburton,New Zealand,Canterbury,-43.9,171.75,maritime_arable,2021-05-30,2021-06-15,0.7732271918760606,0.28057781114774677,0.29354026894139434,0.3197018408111927,28
Hamilton,New Zealand,Waikato,-37.78,175.28,maritime_dairy_pasture,2021-05-30,2021-06-15,0.578847579269052,0.18224211477765995,0.19776037207826333,0.22956570340831453,36
Gore,New Zealand,Southland,-46.1,168.95,maritime_dairy_pasture,2021-05-30,2021-06-15,-0.10511978160989041,0.05566304453971484,0.052146601737360056,0.13628141511501618,46
PalmerstonN,New Zealand,Manawatu,-40.35,175.61,maritime_dairy_pasture,2021-05-30,2021-06-15,0.5182298370311391,0.340999150480536,0.3100923103000516,0.15511294641657158,45
Hastings,New Zealand,HawkesBay,-39.64,176.84,maritime_horticulture,2021-05-30,2021-06-15,0.03587728288279193,0.008557402368597516,0.01605488113435807,-0.11452305806386191,48
Balclutha,New Zealand,Otago,-46.23,169.75,maritime_arable,2021-05-30,2021-06-15,0.36735441936305413,0.20797485827498466,0.17706287805412863,0.12026026924438885,43
TePuke,New Zealand,BayOfPlenty,-37.78,176.32,maritime_horticulture,2021-05-30,2021-06-15,0.4986233010466994,0.28495243925778224,0.2550102213748764,0.15537095627660746,50
Stratford,New Zealand,Taranaki,-39.34,174.28,maritime_dairy_pasture,2021-05-30,2021-06-15,0.5372454392529916,0.45497981651815333,0.3929591889087159,0.17327419703877006,50
Blenheim,New Zealand,Marlborough,-41.51,173.96,maritime_horticulture,2021-05-30,2021-06-15,0.16704709711066562,0.09558491820487418,0.08523717468060923,-0.031001137624118335,50
Masterton,New Zealand,Wairarapa,-40.96,175.66,maritime_arable,2021-05-30,2021-06-15,0.4809685931724606,0.3800355110034795,0.31847053354155247,0.13573688920591,51
Kerikeri,New Zealand,Northland,-35.22,173.95,maritime_horticulture,2021-05-30,2021-06-15,0.9081833777751349,0.5385862165613577,0.5193980656299824,0.5603770813614729,47
Motueka,New Zealand,Tasman,-41.11,173,maritime_horticulture,2021-05-30,2021-06-15,0.5887386907067583,0.36189931252304924,0.35605820040885094,0.22457768988299526,51
Shakardara,Afghanistan,Kabul,34.65,69.03,highland_irrigated,2021-06-15,2021-07-01,0.1310013249440899,0.10967577987084895,0.105245474683262,-0.052734490809758165,44
Kama,Afghanistan,Nangarhar,34.42,70.55,lowland_irrigated,2021-06-15,2021-07-01,0.6197663112265808,0.40405437004932376,0.3891007942029338,0.3022762407482849,47
Dawlatabad,Afghanistan,Balkh,36.85,66.85,plains_irrigated,2021-06-15,2021-07-01,0.2406139968304195,0.22786785433169948,0.207611479287087,0.033205607287472017,50
Injil,Afghanistan,Herat,34.28,62.15,plains_irrigated,2021-06-15,2021-07-01,0.10993453439759328,0.1079006581471896,0.09701196193652183,-0.012629144853026653,47
Arghandab,Afghanistan,Kandahar,31.72,65.65,arid_irrigated,2021-06-15,2021-07-01,0.08784759459263902,0.0792562768486444,0.07555672851628234,-0.06035798494161877,47
Khanabad,Afghanistan,Kunduz,36.65,68.95,plains_irrigated,2021-06-15,2021-07-01,0.0973783198881412,0.09131461233541745,0.08466824127687533,-0.06955057802516297,44
Faizabad,Afghanistan,Badakhshan,37.1,70.55,highland_rainfed,2021-06-15,2021-07-01,0.22520376764901037,0.18811383589249966,0.1704252882676169,0.039954631733573734,49
NadAli,Afghanistan,Helmand,31.55,64.25,arid_irrigated,2021-06-15,2021-07-01,0.24521898743198883,0.20745829742763536,0.2004373425735915,0.028084358985452397,46
GhazniCity,Afghanistan,Ghazni,33.55,68.42,highland_rainfed,2021-06-15,2021-07-01,0.09204383600628151,0.09840483738823172,0.07626516318260222,-0.06406086467138347,46
Maimana,Afghanistan,Faryab,35.92,64.78,plains_rainfed,2021-06-15,2021-07-01,0.22094095175196196,0.18019754867372154,0.16528432210557162,-0.03183480482947206,48
Chaghcharan,Afghanistan,Ghor,34.52,65.25,highland_rainfed,2021-06-15,2021-07-01,0.19624371025629503,0.18755987068743102,0.16612525760229718,0.009292326281871703,47
Zaranj,Afghanistan,Nimroz,31,61.87,arid_irrigated,2021-06-15,2021-07-01,0.16922319198429686,0.16022182843249713,0.14557111051559954,-0.01349405220742643,46
Dronten,Netherlands,Flevoland,52.53,5.72,temperate_arable,2021-06-15,2021-07-01,0.22954758210675322,0.1884826302130661,0.1515310861965057,-0.04149703779172093,63
Veendam,Netherlands,Groningen,53.1,6.87,temperate_arable,2021-06-15,2021-07-01,0.6013792892880385,0.4026306178966682,0.37113148350967623,0.11094826123219574,62
Sneek,Netherlands,Friesland,53.03,5.65,temperate_dairy_pasture,2021-06-15,2021-07-01,0.5717839364853181,0.40127914003503623,0.35933592328848424,0.12342982641588139,64
Goes,Netherlands,Zeeland,51.5,3.9,temperate_arable,2021-06-15,2021-07-01,0.37688897300473195,0.4884357381604709,0.3008858301415125,0.15575216838744346,6
Uden,Netherlands,Noord-Brabant,51.66,5.62,temperate_dairy_pasture,2021-06-15,2021-07-01,0.5976484126637713,0.431300548084926,0.38166046678247423,0.14158793250830348,62
Tiel,Netherlands,Gelderland,51.9,5.6,temperate_horticulture,2021-06-15,2021-07-01,-0.30461539847828323,-0.07194256611927961,-0.06822082826767184,0.3249174382743472,60
Almelo,Netherlands,Overijssel,52.35,6.6,temperate_dairy_pasture,2021-06-15,2021-07-01,0.6592162301789408,0.5021736726027067,0.44740568501768524,0.16273298433261016,62
Venlo,Netherlands,Limburg,51.37,6.17,temperate_horticulture,2021-06-15,2021-07-01,0.19623240716716295,0.13909690249552742,0.11122905888600916,-0.006801094637818707,58
Emmen,Netherlands,Drenthe,52.75,6.85,temperate_arable,2021-06-15,2021-07-01,0.7924954743545916,0.702163562156833,0.5913283526710442,0.37671234558240896,59
Bunnik,Netherlands,Utrecht,52.05,5.2,temperate_dairy_pasture,2021-06-15,2021-07-01,0.656648107766489,0.5904558452830602,0.48433765400834533,0.2526773787639537,56
Alblasserdam,Netherlands,Zuid-Holland,51.87,4.67,temperate_dairy_pasture,2021-06-15,2021-07-01,0.32324212200138147,0.2300134277574757,0.19644640336536345,0.01914831838699297,58
Ashburton,New Zealand,Canterbury,-43.9,171.75,maritime_arable,2021-06-15,2021-07-01,0.39548189668656125,0.22345774418789255,0.20308276615760282,0.2355579159914689,53
Hamilton,New Zealand,Waikato,-37.78,175.28,maritime_dairy_pasture,2021-06-15,2021-07-01,0.5672303441519648,0.23384517636276414,0.2387356073045576,0.11564887701279525,48
Gore,New Zealand,Southland,-46.1,168.95,maritime_dairy_pasture,2021-06-15,2021-07-01,-0.11594953456327256,0.010132711213959701,0.00932326793783942,0.3259923671554262,49
Hastings,New Zealand,HawkesBay,-39.64,176.84,maritime_horticulture,2021-06-15,2021-07-01,0.12652471557579953,0.1198543342233838,0.07567051794843026,0.059213559101790644,30
Balclutha,New Zealand,Otago,-46.23,169.75,maritime_arable,2021-06-15,2021-07-01,0.40670931351331746,0.22005238434359234,0.18969372789669667,0.1534923636693368,44
TePuke,New Zealand,BayOfPlenty,-37.78,176.32,maritime_horticulture,2021-06-15,2021-07-01,0.4987320962853173,0.26327858912449836,0.24654140450284115,0.11859904848763962,51
Stratford,New Zealand,Taranaki,-39.34,174.28,maritime_dairy_pasture,2021-06-15,2021-07-01,0.5617974245836542,0.3625848347461804,0.3357097455672844,0.16418034249681607,50
Blenheim,New Zealand,Marlborough,-41.51,173.96,maritime_horticulture,2021-06-15,2021-07-01,0.15576741311955927,0.08916907040130441,0.07951124636140292,-0.04775478984982468,49
Kerikeri,New Zealand,Northland,-35.22,173.95,maritime_horticulture,2021-06-15,2021-07-01,0.8980818051067027,0.5583687901224361,0.5236501894928716,0.5672074964119891,47
Motueka,New Zealand,Tasman,-41.11,173,maritime_horticulture,2021-06-15,2021-07-01,0.5826821252624957,0.3450465499502841,0.3401166879319594,0.18704413630646027,51
Shakardara,Afghanistan,Kabul,34.65,69.03,highland_irrigated,2021-07-01,2021-07-17,0.14436346295759758,0.11792573550203099,0.11003221915012958,-0.05828241929140243,44
Kama,Afghanistan,Nangarhar,34.42,70.55,lowland_irrigated,2021-07-01,2021-07-17,0.7309483540172497,0.49350575793714124,0.4664319897246103,0.3382978249906158,47
Dawlatabad,Afghanistan,Balkh,36.85,66.85,plains_irrigated,2021-07-01,2021-07-17,0.2407495842634615,0.22348753500996638,0.20694154594243303,0.03703825321071019,50
Injil,Afghanistan,Herat,34.28,62.15,plains_irrigated,2021-07-01,2021-07-17,0.08218947276197064,0.08160722079345897,0.07263592963400925,-0.017529707193881146,47
Arghandab,Afghanistan,Kandahar,31.72,65.65,arid_irrigated,2021-07-01,2021-07-17,0.0774245923441629,0.07086782135985868,0.06596026847209792,-0.06405829380738853,47
Khanabad,Afghanistan,Kunduz,36.65,68.95,plains_irrigated,2021-07-01,2021-07-17,0.07991631101421583,0.07166024936797076,0.0701423110498873,-0.08922404877668944,44
Faizabad,Afghanistan,Badakhshan,37.1,70.55,highland_rainfed,2021-07-01,2021-07-17,0.21704691095459072,0.18428797864602073,0.1640957754759296,0.04132507672081113,49
NadAli,Afghanistan,Helmand,31.55,64.25,arid_irrigated,2021-07-01,2021-07-17,0.3622175290513395,0.31908097746868114,0.29320556906412676,0.0881053873881378,46
GhazniCity,Afghanistan,Ghazni,33.55,68.42,highland_rainfed,2021-07-01,2021-07-17,0.07601504030705901,0.08087432107168566,0.06212617761046417,-0.08523711975369169,46
Maimana,Afghanistan,Faryab,35.92,64.78,plains_rainfed,2021-07-01,2021-07-17,0.20779338328635888,0.15982217867355727,0.15208902951441391,-0.05481907364346814,48
Chaghcharan,Afghanistan,Ghor,34.52,65.25,highland_rainfed,2021-07-01,2021-07-17,0.1920858110000512,0.18033673085226523,0.16113111276646722,0.007887161791281344,47
Zaranj,Afghanistan,Nimroz,31,61.87,arid_irrigated,2021-07-01,2021-07-17,0.16637369432137214,0.1465579369128536,0.1437059935236476,-0.03165573538039296,46
Dronten,Netherlands,Flevoland,52.53,5.72,temperate_arable,2021-07-01,2021-07-17,0.24601975914043117,0.21918624708548354,0.16357267027560082,0.10514640587996935,44
Veendam,Netherlands,Groningen,53.1,6.87,temperate_arable,2021-07-01,2021-07-17,0.3741937291505035,0.3927203138292185,0.2570153258232046,0.14426917318075766,59
Sneek,Netherlands,Friesland,53.03,5.65,temperate_dairy_pasture,2021-07-01,2021-07-17,0.4403690960577341,0.3691758676023025,0.27352438221416436,0.18920053426096062,64
Goes,Netherlands,Zeeland,51.5,3.9,temperate_arable,2021-07-01,2021-07-17,0.27173965123036925,0.2340139460551826,0.16748693773458487,0.11784774090764108,60
Uden,Netherlands,Noord-Brabant,51.66,5.62,temperate_dairy_pasture,2021-07-01,2021-07-17,0.44884280616236105,0.4113796714136115,0.2864365881138618,0.14255492553156646,62
Tiel,Netherlands,Gelderland,51.9,5.6,temperate_horticulture,2021-07-01,2021-07-17,-0.142031195738381,-0.06485894590290794,-0.05034482430902934,0.5242382091401843,60
Almelo,Netherlands,Overijssel,52.35,6.6,temperate_dairy_pasture,2021-07-01,2021-07-17,0.7613229968878505,0.45035609230113016,0.3505266477535436,0.5050439559739748,62
Venlo,Netherlands,Limburg,51.37,6.17,temperate_horticulture,2021-07-01,2021-07-17,0.175435439497493,0.09886231151071878,0.08718885134723904,-0.16786464124617637,58
Wieringermeer,Netherlands,Noord-Holland,52.85,5,temperate_arable,2021-07-01,2021-07-17,0.354943873782892,0.30164116815276276,0.2253616578736505,0.14590903073458245,13
Emmen,Netherlands,Drenthe,52.75,6.85,temperate_arable,2021-07-01,2021-07-17,0.6590613481085585,0.6455420627284987,0.5063830193267568,0.2815689754132612,59
Alblasserdam,Netherlands,Zuid-Holland,51.87,4.67,temperate_dairy_pasture,2021-07-01,2021-07-17,0.34603521172814156,0.28885919727498577,0.22305085177563863,0.04871533075520495,58
Ashburton,New Zealand,Canterbury,-43.9,171.75,maritime_arable,2021-07-01,2021-07-17,0.7868037311157735,0.26586404980601036,0.27596402974513273,0.2938739178568311,30
Hamilton,New Zealand,Waikato,-37.78,175.28,maritime_dairy_pasture,2021-07-01,2021-07-17,0.5294676410218957,0.26284137295431087,0.2601349668370588,0.18175703075920843,43
Gore,New Zealand,Southland,-46.1,168.95,maritime_dairy_pasture,2021-07-01,2021-07-17,-0.1249579084013551,0.06480147469272032,0.061629012882273605,0.019368943076505447,51
PalmerstonN,New Zealand,Manawatu,-40.35,175.61,maritime_dairy_pasture,2021-07-01,2021-07-17,0.4203992831964886,0.3064610394357427,0.2668317211947621,0.08380096766230617,47
Hastings,New Zealand,HawkesBay,-39.64,176.84,maritime_horticulture,2021-07-01,2021-07-17,0.06646174223638375,0.03299805693816556,0.029106330141661974,-0.1292223765137449,38
Balclutha,New Zealand,Otago,-46.23,169.75,maritime_arable,2021-07-01,2021-07-17,0.4423405109562805,0.23296456364702492,0.20365864310782475,0.1023274312954779,51
TePuke,New Zealand,BayOfPlenty,-37.78,176.32,maritime_horticulture,2021-07-01,2021-07-17,0.4939247690625476,0.3224380888900854,0.27589095147719733,0.1702587169491628,51
Stratford,New Zealand,Taranaki,-39.34,174.28,maritime_dairy_pasture,2021-07-01,2021-07-17,0.48397349764423975,0.4613531325255188,0.3493832773985978,0.1830979455138697,50
Blenheim,New Zealand,Marlborough,-41.51,173.96,maritime_horticulture,2021-07-01,2021-07-17,0.18797842429816738,0.09016393410900524,0.08354155014872967,-0.015647378178746816,51
Masterton,New Zealand,Wairarapa,-40.96,175.66,maritime_arable,2021-07-01,2021-07-17,0.5809515276122342,0.33187554209952397,0.3160732697129115,0.17090222798988633,51
Kerikeri,New Zealand,Northland,-35.22,173.95,maritime_horticulture,2021-07-01,2021-07-17,0.9029014504586272,0.5445379276957821,0.5297611429681143,0.5956195073420583,47
Motueka,New Zealand,Tasman,-41.11,173,maritime_horticulture,2021-07-01,2021-07-17,0.48595762806603154,0.2682140225469103,0.27056480386133747,0.09902787284850609,51
Shakardara,Afghanistan,Kabul,34.65,69.03,highland_irrigated,2021-07-17,2021-08-02,0.20094414787521167,0.1705026961598765,0.15920614231473856,-0.027267183910506455,44
Kama,Afghanistan,Nangarhar,34.42,70.55,lowland_irrigated,2021-07-17,2021-08-02,0.687870070675816,0.5299908099906022,0.4432405164774727,0.3424592857652526,47
Dawlatabad,Afghanistan,Balkh,36.85,66.85,plains_irrigated,2021-07-17,2021-08-02,0.2262077272854598,0.21028838346768297,0.19601617788774875,0.03515004483050292,50
Injil,Afghanistan,Herat,34.28,62.15,plains_irrigated,2021-07-17,2021-08-02,0.07872212933669012,0.07731342745189206,0.06921247789315071,-0.00442533731343172,47
Arghandab,Afghanistan,Kandahar,31.72,65.65,arid_irrigated,2021-07-17,2021-08-02,0.06211983749072252,0.058023154510679444,0.05486139587615033,-0.06349412155748406,47
Khanabad,Afghanistan,Kunduz,36.65,68.95,plains_irrigated,2021-07-17,2021-08-02,0.07994683622215078,0.07341871083212098,0.06882017187812782,-0.09425417620315145,44
Faizabad,Afghanistan,Badakhshan,37.1,70.55,highland_rainfed,2021-07-17,2021-08-02,0.23120521546225775,0.1871589034802084,0.16755893462478952,0.06556410633510135,49
NadAli,Afghanistan,Helmand,31.55,64.25,arid_irrigated,2021-07-17,2021-08-02,0.41069056900579554,0.37451365024694355,0.34378619919542364,0.12157500279644758,46
GhazniCity,Afghanistan,Ghazni,33.55,68.42,highland_rainfed,2021-07-17,2021-08-02,0.0756073881410201,0.07901900012069112,0.062429462463553395,-0.07137957335316103,46
Maimana,Afghanistan,Faryab,35.92,64.78,plains_rainfed,2021-07-17,2021-08-02,0.2121945391526546,0.16092886610453677,0.15222186580383176,-0.0561054794976864,48
Chaghcharan,Afghanistan,Ghor,34.52,65.25,highland_rainfed,2021-07-17,2021-08-02,0.18252167362923816,0.15257361278608497,0.13505674216722707,0.006438217852359343,47
Zaranj,Afghanistan,Nimroz,31,61.87,arid_irrigated,2021-07-17,2021-08-02,0.166784119671195,0.15121272538344632,0.1426394451743199,-0.025130453607457144,46
Dronten,Netherlands,Flevoland,52.53,5.72,temperate_arable,2021-07-17,2021-08-02,0.28804200792158163,0.37649046017474397,0.23522237149061645,0.07480637684138004,63
Veendam,Netherlands,Groningen,53.1,6.87,temperate_arable,2021-07-17,2021-08-02,0.6038899455623123,0.4248691323309736,0.3701954438307577,0.16995553393684668,62
Sneek,Netherlands,Friesland,53.03,5.65,temperate_dairy_pasture,2021-07-17,2021-08-02,0.37011650422734493,0.5108272069127511,0.24927650353721856,0.15659004697030715,22
Goes,Netherlands,Zeeland,51.5,3.9,temperate_arable,2021-07-17,2021-08-02,0.23906224307091933,0.19451741820406104,0.16389724241136922,-0.059392233781329656,62
Uden,Netherlands,Noord-Brabant,51.66,5.62,temperate_dairy_pasture,2021-07-17,2021-08-02,0.5763091216369262,0.3799865530434442,0.3439713104236033,0.11812728352768376,60
Tiel,Netherlands,Gelderland,51.9,5.6,temperate_horticulture,2021-07-17,2021-08-02,-0.3418718749863625,-0.11235941674147121,-0.11670121426411506,0.6038562105627895,60
Almelo,Netherlands,Overijssel,52.35,6.6,temperate_dairy_pasture,2021-07-17,2021-08-02,0.4960355028050811,0.49913900950538787,0.3312605298951771,0.19242560291943486,62
Venlo,Netherlands,Limburg,51.37,6.17,temperate_horticulture,2021-07-17,2021-08-02,0.10053708261453119,0.48162017727164613,0.0725441047897705,0.3701247069284432,4
Emmen,Netherlands,Drenthe,52.75,6.85,temperate_arable,2021-07-17,2021-08-02,0.5205889097771651,0.40011047523157606,0.3268090687348635,0.19566345574699143,59
Bunnik,Netherlands,Utrecht,52.05,5.2,temperate_dairy_pasture,2021-07-17,2021-08-02,0.6092211643938646,0.5421929300191314,0.4331869166750112,0.2181310780939462,56
Alblasserdam,Netherlands,Zuid-Holland,51.87,4.67,temperate_dairy_pasture,2021-07-17,2021-08-02,0.35085674162293046,0.2887314915670826,0.22650205816838495,0.06403345783689861,58
Ashburton,New Zealand,Canterbury,-43.9,171.75,maritime_arable,2021-07-17,2021-08-02,0.7373910366484019,0.22180560736946262,0.2389830681032694,0.21650098524528902,53
Hamilton,New Zealand,Waikato,-37.78,175.28,maritime_dairy_pasture,2021-07-17,2021-08-02,0.4618510339349711,0.25178758653199546,0.2376254003754596,0.18189796661140722,48
PalmerstonN,New Zealand,Manawatu,-40.35,175.61,maritime_dairy_pasture,2021-07-17,2021-08-02,0.486592643293359,0.30540196131081576,0.2771182313790989,0.16291269661172952,42
Hastings,New Zealand,HawkesBay,-39.64,176.84,maritime_horticulture,2021-07-17,2021-08-02,0.06310225204843332,0.03314493514553575,0.030055095031226397,-0.10239425433219591,43
Balclutha,New Zealand,Otago,-46.23,169.75,maritime_arable,2021-07-17,2021-08-02,0.36267571691423656,0.1962329124871236,0.16691008436574414,0.10952053054492171,52
TePuke,New Zealand,BayOfPlenty,-37.78,176.32,maritime_horticulture,2021-07-17,2021-08-02,0.5310192489917802,0.31902143500359886,0.28440784887654336,0.17478280568139118,50
Stratford,New Zealand,Taranaki,-39.34,174.28,maritime_dairy_pasture,2021-07-17,2021-08-02,0.5448119668767748,0.38228494550790504,0.34593643971509735,0.1137391881581035,50
Blenheim,New Zealand,Marlborough,-41.51,173.96,maritime_horticulture,2021-07-17,2021-08-02,0.1711394433022055,0.09894830045545797,0.087545270235822,0.00014464726448018265,51
Masterton,New Zealand,Wairarapa,-40.96,175.66,maritime_arable,2021-07-17,2021-08-02,0.5620019475646372,0.31420640860982424,0.30043699429558685,0.16933926733071716,51
Kerikeri,New Zealand,Northland,-35.22,173.95,maritime_horticulture,2021-07-17,2021-08-02,0.7486959472639763,0.4362179058151811,0.4104031270449469,0.4382661902772146,47
Motueka,New Zealand,Tasman,-41.11,173,maritime_horticulture,2021-07-17,2021-08-02,0.4911077984941451,0.3101893128031238,0.28988008912827046,0.12027546145732658,51
Shakardara,Afghanistan,Kabul,34.65,69.03,highland_irrigated,2021-08-02,2021-08-18,0.2293087148552313,0.17956307584245135,0.1716256968956048,-0.015224390545449138,44
Kama,Afghanistan,Nangarhar,34.42,70.55,lowland_irrigated,2021-08-02,2021-08-18,0.8060519223239652,0.5475176612651262,0.517276176645286,0.37418803584710686,47
Dawlatabad,Afghanistan,Balkh,36.85,66.85,plains_irrigated,2021-08-02,2021-08-18,0.20380947000014346,0.19282226099006347,0.1765772928964422,0.022503337090216537,50
Injil,Afghanistan,Herat,34.28,62.15,plains_irrigated,2021-08-02,2021-08-18,0.09845735477064754,0.09575009684582086,0.08609435023266532,-0.0020309046041730064,47
Arghandab,Afghanistan,Kandahar,31.72,65.65,arid_irrigated,2021-08-02,2021-08-18,0.08260659053042653,0.0739227412849748,0.07105093154616722,-0.06731574014365731,47
Khanabad,Afghanistan,Kunduz,36.65,68.95,plains_irrigated,2021-08-02,2021-08-18,0.09272936625211842,0.08089358617561238,0.07713470277909258,-0.10356824651524667,44
Faizabad,Afghanistan,Badakhshan,37.1,70.55,highland_rainfed,2021-08-02,2021-08-18,0.22911404582940398,0.18166315350876555,0.16649454947120668,0.05487625634108297,49
NadAli,Afghanistan,Helmand,31.55,64.25,arid_irrigated,2021-08-02,2021-08-18,0.47670828385940245,0.42671017887186885,0.3831555568317179,0.1633218711875936,46
GhazniCity,Afghanistan,Ghazni,33.55,68.42,highland_rainfed,2021-08-02,2021-08-18,0.08441802597639196,0.08671605859704708,0.06911333885013056,-0.06637333527451605,46
Maimana,Afghanistan,Faryab,35.92,64.78,plains_rainfed,2021-08-02,2021-08-18,0.2169378671879353,0.16315545985417093,0.15418750351943603,-0.038145467964196954,48
Chaghcharan,Afghanistan,Ghor,34.52,65.25,highland_rainfed,2021-08-02,2021-08-18,0.19105276380618674,0.16906998294551456,0.1550987636476335,-0.008278260361239645,47
Zaranj,Afghanistan,Nimroz,31,61.87,arid_irrigated,2021-08-02,2021-08-18,0.16001989508826156,0.1471776923999144,0.13770458770902694,-0.022421288946430987,46
Dronten,Netherlands,Flevoland,52.53,5.72,temperate_arable,2021-08-02,2021-08-18,0.20138777414335685,0.21578064946834072,0.1501780192369808,-0.03474806644858519,63
Veendam,Netherlands,Groningen,53.1,6.87,temperate_arable,2021-08-02,2021-08-18,0.5732441236093281,0.4359064336323496,0.3670286199553106,0.16561721837233212,62
Sneek,Netherlands,Friesland,53.03,5.65,temperate_dairy_pasture,2021-08-02,2021-08-18,0.4839246644170424,0.38082766909192883,0.28788411647560996,0.2214084580690635,64
Goes,Netherlands,Zeeland,51.5,3.9,temperate_arable,2021-08-02,2021-08-18,0.26417674240337136,0.19421553609126513,0.17287707897110666,-0.023379451741484838,62
Uden,Netherlands,Noord-Brabant,51.66,5.62,temperate_dairy_pasture,2021-08-02,2021-08-18,0.48966668495445986,0.3058942593504953,0.25488313963069176,0.042269235163767176,62
Tiel,Netherlands,Gelderland,51.9,5.6,temperate_horticulture,2021-08-02,2021-08-18,-0.30124470622963045,-0.05697717057230011,-0.06002177537942082,0.2348154459864193,60
Almelo,Netherlands,Overijssel,52.35,6.6,temperate_dairy_pasture,2021-08-02,2021-08-18,0.8322035310203081,0.8225041775813079,0.638226167699813,0.4345017777959982,62
Venlo,Netherlands,Limburg,51.37,6.17,temperate_horticulture,2021-08-02,2021-08-18,0.22196455522340208,0.10277962164480149,0.09633653947913437,-0.13559801447813796,54
Emmen,Netherlands,Drenthe,52.75,6.85,temperate_arable,2021-08-02,2021-08-18,0.7684392381474959,0.6681410853799031,0.540242691252367,0.2847116591897621,59
Alblasserdam,Netherlands,Zuid-Holland,51.87,4.67,temperate_dairy_pasture,2021-08-02,2021-08-18,0.34649962572099335,0.25353062997916037,0.20675801534439137,0.04271107758168663,58
Ashburton,New Zealand,Canterbury,-43.9,171.75,maritime_arable,2021-08-02,2021-08-18,0.931801404105619,0.05229839285324121,0.06125633163820976,0.24403201668505556,11
Hamilton,New Zealand,Waikato,-37.78,175.28,maritime_dairy_pasture,2021-08-02,2021-08-18,0.4961542374325634,0.2349481520638975,0.22393698208473525,0.16401842109916825,48
Gore,New Zealand,Southland,-46.1,168.95,maritime_dairy_pasture,2021-08-02,2021-08-18,0.0065876280556004425,0.1133224947270623,0.10036464431008975,0.3203864200844467,45
PalmerstonN,New Zealand,Manawatu,-40.35,175.61,maritime_dairy_pasture,2021-08-02,2021-08-18,0.4784263871386771,0.3091247832822536,0.27178786554310563,0.1601677694145008,44
Hastings,New Zealand,HawkesBay,-39.64,176.84,maritime_horticulture,2021-08-02,2021-08-18,0.09448299763733577,0.06839985760422256,0.054014601128642085,-0.08442669144098762,45
Balclutha,New Zealand,Otago,-46.23,169.75,maritime_arable,2021-08-02,2021-08-18,0.37971004762275273,0.2385826710540471,0.21481500706130666,0.042957220711138874,52
TePuke,New Zealand,BayOfPlenty,-37.78,176.32,maritime_horticulture,2021-08-02,2021-08-18,0.4939498322167251,0.26795362797329425,0.2450673725945455,0.11919389663570254,51
Stratford,New Zealand,Taranaki,-39.34,174.28,maritime_dairy_pasture,2021-08-02,2021-08-18,0.4178602654129359,0.5106164526591415,0.353885570712213,0.17191624397879043,41
Blenheim,New Zealand,Marlborough,-41.51,173.96,maritime_horticulture,2021-08-02,2021-08-18,0.1774084268929275,0.10584655302176826,0.090505076868997,-0.026086615726526874,51
Masterton,New Zealand,Wairarapa,-40.96,175.66,maritime_arable,2021-08-02,2021-08-18,0.5330525769892764,0.32383994539502237,0.29451189095332037,0.15528484915357302,51
Kerikeri,New Zealand,Northland,-35.22,173.95,maritime_horticulture,2021-08-02,2021-08-18,0.8681069662855874,0.5418556095236177,0.4771844286014527,0.5336805936563146,47
Motueka,New Zealand,Tasman,-41.11,173,maritime_horticulture,2021-08-02,2021-08-18,0.45629850073707495,0.2807426185277867,0.26614051940575184,0.06863795954204477,51
Shakardara,Afghanistan,Kabul,34.65,69.03,highland_irrigated,2021-08-18,2021-09-03,0.26978649131924515,0.2100272201896884,0.1995558070680144,0.01582421141846436,44
Kama,Afghanistan,Nangarhar,34.42,70.55,lowland_irrigated,2021-08-18,2021-09-03,0.7675712623298031,0.5176230868854901,0.49374204701471164,0.35248600485400094,47
Dawlatabad,Afghanistan,Balkh,36.85,66.85,plains_irrigated,2021-08-18,2021-09-03,0.19589754129647946,0.18338331868263869,0.16844849155264646,0.013376276287139138,50
Injil,Afghanistan,Herat,34.28,62.15,plains_irrigated,2021-08-18,2021-09-03,0.09511989497475386,0.09238532796018643,0.08341404206666876,-0.0006645104396161272,47
Arghandab,Afghanistan,Kandahar,31.72,65.65,arid_irrigated,2021-08-18,2021-09-03,0.08703808684557754,0.07688703070064747,0.07416561869656758,-0.06727115020596318,47
Khanabad,Afghanistan,Kunduz,36.65,68.95,plains_irrigated,2021-08-18,2021-09-03,0.08889257202507837,0.07630149100564283,0.07500585958679522,-0.0994887038773904,44
Faizabad,Afghanistan,Badakhshan,37.1,70.55,highland_rainfed,2021-08-18,2021-09-03,0.22399600873289188,0.17074206671715397,0.15781393608145905,0.04089938071687083,49
NadAli,Afghanistan,Helmand,31.55,64.25,arid_irrigated,2021-08-18,2021-09-03,0.43953532852343663,0.3622729732460912,0.33222683904269024,0.12307991369924888,46
GhazniCity,Afghanistan,Ghazni,33.55,68.42,highland_rainfed,2021-08-18,2021-09-03,0.09121196111560782,0.09127531134664651,0.07380115557372546,-0.06800855407773762,46
Maimana,Afghanistan,Faryab,35.92,64.78,plains_rainfed,2021-08-18,2021-09-03,0.2170229628910682,0.1564935082333366,0.14745837490660302,-0.03647336088811811,48
Chaghcharan,Afghanistan,Ghor,34.52,65.25,highland_rainfed,2021-08-18,2021-09-03,0.1758298389079845,0.15075491235586236,0.14134720694438632,-0.016830671961360733,47
Zaranj,Afghanistan,Nimroz,31,61.87,arid_irrigated,2021-08-18,2021-09-03,0.16639384029648444,0.15075667016215732,0.1428718503603575,-0.021383376401164955,46
Dronten,Netherlands,Flevoland,52.53,5.72,temperate_arable,2021-08-18,2021-09-03,0.26286366186809296,0.3282012714348851,0.18300138366618413,0.029591118866377202,63
Veendam,Netherlands,Groningen,53.1,6.87,temperate_arable,2021-08-18,2021-09-03,0.5783648114653948,0.368612714730932,0.31923852626756605,0.20569506097620383,62
Sneek,Netherlands,Friesland,53.03,5.65,temperate_dairy_pasture,2021-08-18,2021-09-03,0.5286798671190414,0.34670594646179487,0.3047659297050158,0.15924432592874543,64
Goes,Netherlands,Zeeland,51.5,3.9,temperate_arable,2021-08-18,2021-09-03,0.3254832750989617,0.27570912184273466,0.2183697396496157,0.03909039713046125,62
Uden,Netherlands,Noord-Brabant,51.66,5.62,temperate_dairy_pasture,2021-08-18,2021-09-03,0.45657462602716503,0.25411664162881387,0.2274374096232823,0.05238500316140758,56
Tiel,Netherlands,Gelderland,51.9,5.6,temperate_horticulture,2021-08-18,2021-09-03,-0.37939982382595316,-0.038526871581188775,-0.04743523744982521,0.35449228456245,60
Almelo,Netherlands,Overijssel,52.35,6.6,temperate_dairy_pasture,2021-08-18,2021-09-03,0.8207678908813896,0.7174670721878753,0.5913939854779258,0.2909378571690967,62
Venlo,Netherlands,Limburg,51.37,6.17,temperate_horticulture,2021-08-18,2021-09-03,0.25072065710429187,0.12204338370762065,0.11565707647354262,-0.12366504597376458,46
Wieringermeer,Netherlands,Noord-Holland,52.85,5,temperate_arable,2021-08-18,2021-09-03,0.7403307390509499,0.578641208896822,0.49503892885981543,0.3858241517928417,62
Emmen,Netherlands,Drenthe,52.75,6.85,temperate_arable,2021-08-18,2021-09-03,0.9054342333754883,0.9074961810099739,0.7240560595866635,0.4574000514791526,59
Bunnik,Netherlands,Utrecht,52.05,5.2,temperate_dairy_pasture,2021-08-18,2021-09-03,0.8518314306424619,0.6552388350405769,0.5320888305113979,0.46761847069444623,56
Alblasserdam,Netherlands,Zuid-Holland,51.87,4.67,temperate_dairy_pasture,2021-08-18,2021-09-03,0.31832023436897494,0.23359525111570173,0.18809534682898815,0.07377890620036506,58
Ashburton,New Zealand,Canterbury,-43.9,171.75,maritime_arable,2021-08-18,2021-09-03,0.7569086266343797,0.2860342187266905,0.30208798278505467,0.2558558277674618,33
Hamilton,New Zealand,Waikato,-37.78,175.28,maritime_dairy_pasture,2021-08-18,2021-09-03,0.5399514443167107,0.26863124612975514,0.2559937361411577,0.21370501967304523,42
Gore,New Zealand,Southland,-46.1,168.95,maritime_dairy_pasture,2021-08-18,2021-09-03,0.20005005174236493,0.18833786298263133,0.17279676888021145,0.11894655749400156,46
PalmerstonN,New Zealand,Manawatu,-40.35,175.61,maritime_dairy_pasture,2021-08-18,2021-09-03,0.48593833851046986,0.3543892674749164,0.3079041086736938,0.12707933000749233,48
Hastings,New Zealand,HawkesBay,-39.64,176.84,maritime_horticulture,2021-08-18,2021-09-03,0.062382844182094326,0.03804211968812766,0.034221933707080245,-0.07440030425129057,44
Balclutha,New Zealand,Otago,-46.23,169.75,maritime_arable,2021-08-18,2021-09-03,0.3634360398230858,0.24849582124157013,0.20931911911967094,0.06077589835380098,52
TePuke,New Zealand,BayOfPlenty,-37.78,176.32,maritime_horticulture,2021-08-18,2021-09-03,0.5160980862483353,0.32027654207580575,0.28666939641384587,0.16950792312113044,51
Stratford,New Zealand,Taranaki,-39.34,174.28,maritime_dairy_pasture,2021-08-18,2021-09-03,0.5448224834387555,0.39746666152837085,0.36509313905180196,0.09883857562180222,50
Blenheim,New Zealand,Marlborough,-41.51,173.96,maritime_horticulture,2021-08-18,2021-09-03,0.19338882212351144,0.12292820583324558,0.10496806883611609,-0.021069769783815154,51
Masterton,New Zealand,Wairarapa,-40.96,175.66,maritime_arable,2021-08-18,2021-09-03,0.5711929860914498,0.3560956801221917,0.33010135379651895,0.15099978352076288,51
Kerikeri,New Zealand,Northland,-35.22,173.95,maritime_horticulture,2021-08-18,2021-09-03,0.7291028765286062,0.45341729663859837,0.41459922385553744,0.45879598811350686,47
Motueka,New Zealand,Tasman,-41.11,173,maritime_horticulture,2021-08-18,2021-09-03,0.5071700683090667,0.3117819520151174,0.30052114516916595,0.0907383693792586,51
Shakardara,Afghanistan,Kabul,34.65,69.03,highland_irrigated,2021-09-03,2021-09-19,0.26565969754968166,0.1987067444425055,0.19198414042375472,0.007062727573221638,44
Kama,Afghanistan,Nangarhar,34.42,70.55,lowland_irrigated,2021-09-03,2021-09-19,0.6506864699641425,0.4558589700119427,0.4018153612851378,0.2919153348291728,47
Dawlatabad,Afghanistan,Balkh,36.85,66.85,plains_irrigated,2021-09-03,2021-09-19,0.17309855354474976,0.16305810249731445,0.1486393689286913,-0.002173302704305609,50
Injil,Afghanistan,Herat,34.28,62.15,plains_irrigated,2021-09-03,2021-09-19,0.09739719913451605,0.09308237702826648,0.08460433291686596,0.005121450948561171,47
Arghandab,Afghanistan,Kandahar,31.72,65.65,arid_irrigated,2021-09-03,2021-09-19,0.0834760310554757,0.07441195267939302,0.0709048658613607,-0.07025926678790305,47
Khanabad,Afghanistan,Kunduz,36.65,68.95,plains_irrigated,2021-09-03,2021-09-19,0.09234456925170512,0.07829048543537986,0.07758794512223668,-0.0902065966431581,44
Faizabad,Afghanistan,Badakhshan,37.1,70.55,highland_rainfed,2021-09-03,2021-09-19,0.22787192395663217,0.1649777421109395,0.1598882943095618,0.03432248091255912,49
NadAli,Afghanistan,Helmand,31.55,64.25,arid_irrigated,2021-09-03,2021-09-19,0.34742780674037654,0.2635944870031942,0.24338065469340606,0.03690221056269845,46
GhazniCity,Afghanistan,Ghazni,33.55,68.42,highland_rainfed,2021-09-03,2021-09-19,0.09452675997190448,0.09202869436622728,0.07575253306805875,-0.07053505286212587,46
Maimana,Afghanistan,Faryab,35.92,64.78,plains_rainfed,2021-09-03,2021-09-19,0.21690605134264962,0.1513264937839975,0.14603101618880415,-0.02766309738500093,48
Chaghcharan,Afghanistan,Ghor,34.52,65.25,highland_rainfed,2021-09-03,2021-09-19,0.16673102119740812,0.13824987859082732,0.13184459293825718,-0.023279117430351076,47
Zaranj,Afghanistan,Nimroz,31,61.87,arid_irrigated,2021-09-03,2021-09-19,0.16342579585121134,0.14298501948649048,0.13759521733523625,-0.023014095431106194,46
Dronten,Netherlands,Flevoland,52.53,5.72,temperate_arable,2021-09-03,2021-09-19,0.28181944371880435,0.216403755232633,0.1696709489035352,0.06291660306962622,63
Veendam,Netherlands,Groningen,53.1,6.87,temperate_arable,2021-09-03,2021-09-19,0.6124915217399136,0.34861671176682674,0.33245680704032715,0.1404544985129653,62
Sneek,Netherlands,Friesland,53.03,5.65,temperate_dairy_pasture,2021-09-03,2021-09-19,0.5689804726366162,0.3688753435145048,0.3303032780325202,0.10883844895679765,64
Goes,Netherlands,Zeeland,51.5,3.9,temperate_arable,2021-09-03,2021-09-19,0.327234592466917,0.23553817624609052,0.20673879748255353,-0.0016788380660140718,62
Uden,Netherlands,Noord-Brabant,51.66,5.62,temperate_dairy_pasture,2021-09-03,2021-09-19,0.5154923713509681,0.28372060459270426,0.2663225360925121,0.045320249294263606,60
Tiel,Netherlands,Gelderland,51.9,5.6,temperate_horticulture,2021-09-03,2021-09-19,-0.14112593433003603,-0.029425273990756517,-0.029280896077364865,0.3730451280846424,38
Almelo,Netherlands,Overijssel,52.35,6.6,temperate_dairy_pasture,2021-09-03,2021-09-19,0.8273862955709025,0.7151820409171158,0.6066228874112827,0.3001271958947692,62
Venlo,Netherlands,Limburg,51.37,6.17,temperate_horticulture,2021-09-03,2021-09-19,0.21780302955001207,0.12692258326185255,0.10842201822711793,-0.06456527185587889,58
Wieringermeer,Netherlands,Noord-Holland,52.85,5,temperate_arable,2021-09-03,2021-09-19,0.6269418913674087,0.6010225362644522,0.4651384652409067,0.3275917561455494,62
Emmen,Netherlands,Drenthe,52.75,6.85,temperate_arable,2021-09-03,2021-09-19,0.7455403951679445,0.5481858762430221,0.486872526296301,0.12320271225778404,59
Bunnik,Netherlands,Utrecht,52.05,5.2,temperate_dairy_pasture,2021-09-03,2021-09-19,0.7114397379076131,0.554920300043477,0.48041200480071033,0.2169347085038792,56
Alblasserdam,Netherlands,Zuid-Holland,51.87,4.67,temperate_dairy_pasture,2021-09-03,2021-09-19,0.32665197972745597,0.20800303901034212,0.17728792502481375,0.03725744366556478,58
Ashburton,New Zealand,Canterbury,-43.9,171.75,maritime_arable,2021-09-03,2021-09-19,0.7273306163829277,0.263952875481306,0.2812071463908482,0.22157370725211986,53
Hamilton,New Zealand,Waikato,-37.78,175.28,maritime_dairy_pasture,2021-09-03,2021-09-19,0.362802255313482,0.2695581002831904,0.20961994208518056,0.09652907889860504,20
Gore,New Zealand,Southland,-46.1,168.95,maritime_dairy_pasture,2021-09-03,2021-09-19,-0.0723703408349199,-0.030821620938203266,-0.041038498659942996,0.6113090479659207,51
PalmerstonN,New Zealand,Manawatu,-40.35,175.61,maritime_dairy_pasture,2021-09-03,2021-09-19,0.5522498270627705,0.33737156059658163,0.314068335808056,0.22411855211530063,26
Hastings,New Zealand,HawkesBay,-39.64,176.84,maritime_horticulture,2021-09-03,2021-09-19,0.07579570360438266,0.05112956837104858,0.04231194607239819,-0.07554164543093712,48
Balclutha,New Zealand,Otago,-46.23,169.75,maritime_arable,2021-09-03,2021-09-19,0.40500161051750183,0.482695705161632,0.3290103800479992,0.1857891082763672,1
TePuke,New Zealand,BayOfPlenty,-37.78,176.32,maritime_horticulture,2021-09-03,2021-09-19,0.5248596499209028,0.33239972398678835,0.28820891616977484,0.18279834202708434,51
Blenheim,New Zealand,Marlborough,-41.51,173.96,maritime_horticulture,2021-09-03,2021-09-19,0.1957470544206878,0.12165091876967517,0.11065080613078054,-0.03336454549569972,51
Kerikeri,New Zealand,Northland,-35.22,173.95,maritime_horticulture,2021-09-03,2021-09-19,0.7467726312318452,0.5567884248068301,0.4707329028505256,0.42083182328145247,47
Motueka,New Zealand,Tasman,-41.11,173,maritime_horticulture,2021-09-03,2021-09-19,0.5308877138671626,0.33257363015084046,0.31712848439822394,0.11541915498902665,51
Shakardara,Afghanistan,Kabul,34.65,69.03,highland_irrigated,2021-09-19,2021-10-05,0.2204260476249647,0.16850344956945001,0.15927443537447028,-0.03485062622209869,44
Kama,Afghanistan,Nangarhar,34.42,70.55,lowland_irrigated,2021-09-19,2021-10-05,0.5213208496157241,0.3872384173145518,0.31517239993957047,0.23085109867376008,47
Dawlatabad,Afghanistan,Balkh,36.85,66.85,plains_irrigated,2021-09-19,2021-10-05,0.16866414371336164,0.15394175230456775,0.14400426149510773,-0.004392261436606505,50
Injil,Afghanistan,Herat,34.28,62.15,plains_irrigated,2021-09-19,2021-10-05,0.08938473690612087,0.08671866152008702,0.07822814208387655,0.004272871385093255,47
Arghandab,Afghanistan,Kandahar,31.72,65.65,arid_irrigated,2021-09-19,2021-10-05,0.0797168401402578,0.06848397672542897,0.06734087694068913,-0.07015524311860226,47
Khanabad,Afghanistan,Kunduz,36.65,68.95,plains_irrigated,2021-09-19,2021-10-05,0.0817989076692075,0.07091887003784217,0.06984149124934376,-0.08922565393417858,44
Faizabad,Afghanistan,Badakhshan,37.1,70.55,highland_rainfed,2021-09-19,2021-10-05,0.22260126613886427,0.16184040052218954,0.15341825405222845,0.024258553378238568,49
NadAli,Afghanistan,Helmand,31.55,64.25,arid_irrigated,2021-09-19,2021-10-05,0.3328937553069486,0.2181499016514807,0.22006102905816272,-0.014311746926445924,46
GhazniCity,Afghanistan,Ghazni,33.55,68.42,highland_rainfed,2021-09-19,2021-10-05,0.0884542762540978,0.08329842667484164,0.06977524831257054,-0.07872077389522494,46
Maimana,Afghanistan,Faryab,35.92,64.78,plains_rainfed,2021-09-19,2021-10-05,0.2162822028747943,0.14012365179089337,0.13989891060910004,-0.0346013616836636,48
Chaghcharan,Afghanistan,Ghor,34.52,65.25,highland_rainfed,2021-09-19,2021-10-05,0.1637294808015664,0.12908689321490596,0.1260706584600229,-0.041038383192575974,47
Zaranj,Afghanistan,Nimroz,31,61.87,arid_irrigated,2021-09-19,2021-10-05,0.1666720375576234,0.14363245200742966,0.13952652711238678,-0.024567843624648065,46
Dronten,Netherlands,Flevoland,52.53,5.72,temperate_arable,2021-09-19,2021-10-05,0.2662614091909237,0.17435061467250354,0.1548620980945764,0.009086733872826774,60
Veendam,Netherlands,Groningen,53.1,6.87,temperate_arable,2021-09-19,2021-10-05,0.6188066275339088,0.3657556492870156,0.3418063381229045,0.1615567813249581,62
Sneek,Netherlands,Friesland,53.03,5.65,temperate_dairy_pasture,2021-09-19,2021-10-05,0.561811670753846,0.35835336948265206,0.32090438047316744,0.11849549338020744,64
Uden,Netherlands,Noord-Brabant,51.66,5.62,temperate_dairy_pasture,2021-09-19,2021-10-05,0.5689137714752092,0.30487899202938257,0.2874565089048555,0.11883620219082527,59
Tiel,Netherlands,Gelderland,51.9,5.6,temperate_horticulture,2021-09-19,2021-10-05,-0.35325869631779644,-0.07994146994624667,-0.06746778678076483,0.1966575103874985,60
Almelo,Netherlands,Overijssel,52.35,6.6,temperate_dairy_pasture,2021-09-19,2021-10-05,0.8665644349708949,0.8911460683257266,0.7180503045089892,0.423151153738113,62
Venlo,Netherlands,Limburg,51.37,6.17,temperate_horticulture,2021-09-19,2021-10-05,0.18057363249160402,0.06110070360919698,0.06754510354022081,-0.1976665805582,16
Wieringermeer,Netherlands,Noord-Holland,52.85,5,temperate_arable,2021-09-19,2021-10-05,0.7178371887089648,0.8148754018847033,0.6161638196674741,0.4162199144724279,62
Emmen,Netherlands,Drenthe,52.75,6.85,temperate_arable,2021-09-19,2021-10-05,0.7728515052103636,0.6692004498251028,0.5448334662210368,0.3373079818641905,59
Bunnik,Netherlands,Utrecht,52.05,5.2,temperate_dairy_pasture,2021-09-19,2021-10-05,0.8377227810776949,0.6535157577220673,0.5728863151853741,0.33890405785212807,56
Alblasserdam,Netherlands,Zuid-Holland,51.87,4.67,temperate_dairy_pasture,2021-09-19,2021-10-05,0.3663596806861524,0.22532516281645867,0.19887712980085426,0.06909580268891558,58
Ashburton,New Zealand,Canterbury,-43.9,171.75,maritime_arable,2021-09-19,2021-10-05,0.7318798955127543,0.2854397591318841,0.29977756817512696,0.21631508151689044,53
Hamilton,New Zealand,Waikato,-37.78,175.28,maritime_dairy_pasture,2021-09-19,2021-10-05,0.5041276514542544,0.3346459815924701,0.2966346688028278,0.2114584895782018,31
Gore,New Zealand,Southland,-46.1,168.95,maritime_dairy_pasture,2021-09-19,2021-10-05,0.16673622099421923,0.2206224749196913,0.1867993816783386,0.15389595052636032,46
Hastings,New Zealand,HawkesBay,-39.64,176.84,maritime_horticulture,2021-09-19,2021-10-05,0.11720660306951579,0.06621382376791743,0.05742248493416752,-0.01813845770141366,3
Balclutha,New Zealand,Otago,-46.23,169.75,maritime_arable,2021-09-19,2021-10-05,0.3943184442962557,0.2679286433061635,0.2282659747598263,0.0652138243484412,52
TePuke,New Zealand,BayOfPlenty,-37.78,176.32,maritime_horticulture,2021-09-19,2021-10-05,0.5225200097908503,0.40190294188889136,0.3352070936400045,0.18054936929086046,51
Blenheim,New Zealand,Marlborough,-41.51,173.96,maritime_horticulture,2021-09-19,2021-10-05,0.17915517069899853,0.11680620785435189,0.10177763264759,-0.04111687208138119,51
Kerikeri,New Zealand,Northland,-35.22,173.95,maritime_horticulture,2021-09-19,2021-10-05,0.6098589899236737,0.33664465480519234,0.2848187585878955,0.44764537453965275,47
Motueka,New Zealand,Tasman,-41.11,173,maritime_horticulture,2021-09-19,2021-10-05,0.4561637366785198,0.3306369591182685,0.266816517472946,0.10903902603350715,51
Shakardara,Afghanistan,Kabul,34.65,69.03,highland_irrigated,2021-10-05,2021-10-21,0.23286806368899282,0.17460284655991665,0.1709254109280803,-0.026291759851094467,44
Kama,Afghanistan,Nangarhar,34.42,70.55,lowland_irrigated,2021-10-05,2021-10-21,0.532159949306242,0.3174850867986145,0.302730437914876,0.2006360535187415,47
Dawlatabad,Afghanistan,Balkh,36.85,66.85,plains_irrigated,2021-10-05,2021-10-21,0.16078717533341827,0.14973941551083955,0.1373875122740056,-0.009478674082526905,50
Injil,Afghanistan,Herat,34.28,62.15,plains_irrigated,2021-10-05,2021-10-21,0.09536816667933984,0.08620232959380338,0.08048315290178668,-0.010018604400540006,47
Arghandab,Afghanistan,Kandahar,31.72,65.65,arid_irrigated,2021-10-05,2021-10-21,0.08789584010674303,0.07429833284039072,0.07272221916385593,-0.05299831786583196,47
Khanabad,Afghanistan,Kunduz,36.65,68.95,plains_irrigated,2021-10-05,2021-10-21,0.08814230490485943,0.07349517080963265,0.07359756552687255,-0.0877710580876057,44
Faizabad,Afghanistan,Badakhshan,37.1,70.55,highland_rainfed,2021-10-05,2021-10-21,0.23106879157029328,0.15434618770742928,0.15158736131058054,0.013252806930772455,49
NadAli,Afghanistan,Helmand,31.55,64.25,arid_irrigated,2021-10-05,2021-10-21,0.28531099522914466,0.2050763694490335,0.20042716226309426,-0.008641904657512016,46
GhazniCity,Afghanistan,Ghazni,33.55,68.42,highland_rainfed,2021-10-05,2021-10-21,0.10654221760409241,0.09940249915613346,0.08450973362799567,-0.06738116220918618,46
Maimana,Afghanistan,Faryab,35.92,64.78,plains_rainfed,2021-10-05,2021-10-21,0.20223259074458363,0.1382896135133922,0.13163585402751535,-0.019771227328361975,48
Chaghcharan,Afghanistan,Ghor,34.52,65.25,highland_rainfed,2021-10-05,2021-10-21,0.15501090704374307,0.12292917883154304,0.11797821108023045,-0.033894266495643095,47
Zaranj,Afghanistan,Nimroz,31,61.87,arid_irrigated,2021-10-05,2021-10-21,0.1605970534054857,0.1369854584403756,0.1322579573254561,-0.02864180829064758,46
Dronten,Netherlands,Flevoland,52.53,5.72,temperate_arable,2021-10-05,2021-10-21,0.2904062844463514,0.1958820386906953,0.1740290891448157,0.02642340303593156,56
Veendam,Netherlands,Groningen,53.1,6.87,temperate_arable,2021-10-05,2021-10-21,0.6106943209952653,0.357766648417717,0.33647637364824967,0.16970896487422976,62
Sneek,Netherlands,Friesland,53.03,5.65,temperate_dairy_pasture,2021-10-05,2021-10-21,0.5640724994375044,0.3239474930673944,0.30081461446065955,0.13073349024105907,63
Goes,Netherlands,Zeeland,51.5,3.9,temperate_arable,2021-10-05,2021-10-21,0.15614412780161258,0.27196107646684897,0.13224696084905802,-0.004980678272284104,6
Uden,Netherlands,Noord-Brabant,51.66,5.62,temperate_dairy_pasture,2021-10-05,2021-10-21,0.5345634211646824,0.27520087433675366,0.27583371989247646,0.12603104921080557,62
Tiel,Netherlands,Gelderland,51.9,5.6,temperate_horticulture,2021-10-05,2021-10-21,-0.392247883764003,-0.08507526271968492,-0.08031750910832594,0.23615487603716984,60
Almelo,Netherlands,Overijssel,52.35,6.6,temperate_dairy_pasture,2021-10-05,2021-10-21,0.8144500250583642,0.7382284355689974,0.6223836311374583,0.33821022191837635,62
Venlo,Netherlands,Limburg,51.37,6.17,temperate_horticulture,2021-10-05,2021-10-21,0.2254724373487835,0.07978975232509031,0.08008148605712688,-0.13364570740349432,58
Wieringermeer,Netherlands,Noord-Holland,52.85,5,temperate_arable,2021-10-05,2021-10-21,0.6263931668603412,0.39061498394406974,0.3684835202616228,0.40663210853396015,62
Emmen,Netherlands,Drenthe,52.75,6.85,temperate_arable,2021-10-05,2021-10-21,0.8628125359682952,0.7237776419248731,0.6300397348387108,0.37828393281643924,59
Bunnik,Netherlands,Utrecht,52.05,5.2,temperate_dairy_pasture,2021-10-05,2021-10-21,0.8571830609393564,0.746848435505518,0.6285226133179029,0.4312462114300874,56
Alblasserdam,Netherlands,Zuid-Holland,51.87,4.67,temperate_dairy_pasture,2021-10-05,2021-10-21,0.39044428100169654,0.22718603686927888,0.204177949507081,0.07921756195626233,58
Hamilton,New Zealand,Waikato,-37.78,175.28,maritime_dairy_pasture,2021-10-05,2021-10-21,0.5377919204467336,0.33530632033422714,0.29116778376562574,0.23822117541316581,42
Gore,New Zealand,Southland,-46.1,168.95,maritime_dairy_pasture,2021-10-05,2021-10-21,-0.014355124845720888,0.15446222407375995,0.10884653784071052,0.36075874373107875,54
PalmerstonN,New Zealand,Manawatu,-40.35,175.61,maritime_dairy_pasture,2021-10-05,2021-10-21,0.4270369127419753,0.32800348330803863,0.25539029864120827,0.16472283066706345,41
Hastings,New Zealand,HawkesBay,-39.64,176.84,maritime_horticulture,2021-10-05,2021-10-21,0.09851473372901672,0.0614717663032308,0.05342910678427721,-0.07000945434494904,49
Balclutha,New Zealand,Otago,-46.23,169.75,maritime_arable,2021-10-05,2021-10-21,0.40054825575978953,0.3595886001247779,0.25540053322972484,0.1461492459997246,52
TePuke,New Zealand,BayOfPlenty,-37.78,176.32,maritime_horticulture,2021-10-05,2021-10-21,0.49357506864630046,0.4301643312560618,0.3199934222136927,0.1991405551326033,51
Stratford,New Zealand,Taranaki,-39.34,174.28,maritime_dairy_pasture,2021-10-05,2021-10-21,0.579095040671725,0.3955679582915402,0.351287765203901,0.1240015098890343,50
Blenheim,New Zealand,Marlborough,-41.51,173.96,maritime_horticulture,2021-10-05,2021-10-21,0.1776800492555229,0.12038119247471545,0.10394542495733737,-0.04440660364029655,51
Masterton,New Zealand,Wairarapa,-40.96,175.66,maritime_arable,2021-10-05,2021-10-21,0.5812503709432154,0.4351583679506903,0.3711829265247801,0.17057119489625436,51
Kerikeri,New Zealand,Northland,-35.22,173.95,maritime_horticulture,2021-10-05,2021-10-21,0.8539898191534337,0.4751533425036041,0.45361122602567416,0.5187498223370848,47
Motueka,New Zealand,Tasman,-41.11,173,maritime_horticulture,2021-10-05,2021-10-21,0.5710377155153994,0.42901760641290293,0.38892800386037457,0.14095408540945548,51
Shakardara,Afghanistan,Kabul,34.65,69.03,highland_irrigated,2021-10-21,2021-11-06,0.1991610848348083,0.14796708988861748,0.14420322127140087,-0.0503323981370583,44
Kama,Afghanistan,Nangarhar,34.42,70.55,lowland_irrigated,2021-10-21,2021-11-06,0.5084767399895704,0.2860602931950121,0.275803137907503,0.21488754523833972,47
Dawlatabad,Afghanistan,Balkh,36.85,66.85,plains_irrigated,2021-10-21,2021-11-06,0.12781114621619616,0.10095957520858069,0.09575695903669214,-0.08613564212228036,50
Injil,Afghanistan,Herat,34.28,62.15,plains_irrigated,2021-10-21,2021-11-06,0.09306996334734398,0.08200474218825257,0.07703972912269504,-0.01898057622639334,47
Arghandab,Afghanistan,Kandahar,31.72,65.65,arid_irrigated,2021-10-21,2021-11-06,0.07539597491607976,0.06037364229741055,0.06025421463377632,-0.08140646609705338,47
Khanabad,Afghanistan,Kunduz,36.65,68.95,plains_irrigated,2021-10-21,2021-11-06,0.098984386880795,0.07596763488949876,0.07506503509001947,-0.09279088272123512,44
Faizabad,Afghanistan,Badakhshan,37.1,70.55,highland_rainfed,2021-10-21,2021-11-06,0.27502100551185366,0.17486471582854493,0.16697057490919293,0.08650858280559327,49
NadAli,Afghanistan,Helmand,31.55,64.25,arid_irrigated,2021-10-21,2021-11-06,0.25315055068838077,0.1731190624957325,0.1768587412802838,-0.05445790097173027,46
GhazniCity,Afghanistan,Ghazni,33.55,68.42,highland_rainfed,2021-10-21,2021-11-06,0.11598771442007809,0.10618433305196491,0.08870603390721836,-0.07024576605870116,46
Maimana,Afghanistan,Faryab,35.92,64.78,plains_rainfed,2021-10-21,2021-11-06,0.19927691274919965,0.124756094272609,0.12077752455765982,-0.017248813615753394,48
Chaghcharan,Afghanistan,Ghor,34.52,65.25,highland_rainfed,2021-10-21,2021-11-06,0.1293722593161183,0.09712624605363722,0.09700841229132498,-0.0779958767019516,47
Zaranj,Afghanistan,Nimroz,31,61.87,arid_irrigated,2021-10-21,2021-11-06,0.15666111926012127,0.1291281594009886,0.12919790827076494,-0.03918281451434592,46
Dronten,Netherlands,Flevoland,52.53,5.72,temperate_arable,2021-10-21,2021-11-06,0.30227562650249346,0.1912933845268088,0.17466004908624502,0.013771388473001665,63
Veendam,Netherlands,Groningen,53.1,6.87,temperate_arable,2021-10-21,2021-11-06,0.616443576550186,0.32316988454536105,0.31738475491862317,0.12053812968999439,60
Sneek,Netherlands,Friesland,53.03,5.65,temperate_dairy_pasture,2021-10-21,2021-11-06,0.5596777963001244,0.32051600887952847,0.300047804710438,0.14277245683281303,64
Goes,Netherlands,Zeeland,51.5,3.9,temperate_arable,2021-10-21,2021-11-06,0.3223342857761607,0.19077259035275612,0.17372360508280196,0.03471923365363499,57
Uden,Netherlands,Noord-Brabant,51.66,5.62,temperate_dairy_pasture,2021-10-21,2021-11-06,0.5873025914448433,0.2926934111747174,0.28948089366090074,0.11541467851170227,62
Tiel,Netherlands,Gelderland,51.9,5.6,temperate_horticulture,2021-10-21,2021-11-06,-0.5807690521914645,-0.0856089048250002,-0.08901014728618367,0.1708206365012714,60
Almelo,Netherlands,Overijssel,52.35,6.6,temperate_dairy_pasture,2021-10-21,2021-11-06,0.7818390136099843,0.522789119985521,0.47463675407360256,0.35743205743277284,62
Venlo,Netherlands,Limburg,51.37,6.17,temperate_horticulture,2021-10-21,2021-11-06,0.24887266570272853,0.1268168035630622,0.11400307270773467,-0.07477182394332792,58
Emmen,Netherlands,Drenthe,52.75,6.85,temperate_arable,2021-10-21,2021-11-06,0.862306692743459,0.7064262550788476,0.6306818361247516,0.36596606903538564,59
Bunnik,Netherlands,Utrecht,52.05,5.2,temperate_dairy_pasture,2021-10-21,2021-11-06,0.6731469419744408,0.5161316043650214,0.43180295000339886,0.33943602412446133,56
Alblasserdam,Netherlands,Zuid-Holland,51.87,4.67,temperate_dairy_pasture,2021-10-21,2021-11-06,0.3981624236494683,0.21132049837333663,0.1979591257596611,0.05951404849176295,58
Ashburton,New Zealand,Canterbury,-43.9,171.75,maritime_arable,2021-10-21,2021-11-06,0.8110947403391155,0.37867424595514987,0.3817181967895758,0.2929661337279137,53
Hamilton,New Zealand,Waikato,-37.78,175.28,maritime_dairy_pasture,2021-10-21,2021-11-06,0.27994530802456347,0.37982182299177025,0.16752453385448138,0.16824977813152278,3
Gore,New Zealand,Southland,-46.1,168.95,maritime_dairy_pasture,2021-10-21,2021-11-06,0.33806332872885386,0.5199187250701439,0.27436434509193963,0.20161394788749662,48
PalmerstonN,New Zealand,Manawatu,-40.35,175.61,maritime_dairy_pasture,2021-10-21,2021-11-06,0.34197902621514503,0.2698681547233267,0.22248285873491092,0.01871482115744496,48
Balclutha,New Zealand,Otago,-46.23,169.75,maritime_arable,2021-10-21,2021-11-06,0.3608775125237487,0.40326894627605525,0.2658385717387435,0.1162482243646537,48
Stratford,New Zealand,Taranaki,-39.34,174.28,maritime_dairy_pasture,2021-10-21,2021-11-06,0.580519145139902,0.5100091792256864,0.4322553270433074,0.0767150924067062,50
Blenheim,New Zealand,Marlborough,-41.51,173.96,maritime_horticulture,2021-10-21,2021-11-06,0.1980982684102915,0.13029931130967876,0.11546240398763288,-0.07075701481970639,49
Masterton,New Zealand,Wairarapa,-40.96,175.66,maritime_arable,2021-10-21,2021-11-06,0.47140318354739374,0.5791404142170686,0.3558886639800087,0.15085869612325822,51
Kerikeri,New Zealand,Northland,-35.22,173.95,maritime_horticulture,2021-10-21,2021-11-06,0.6514101399675067,0.5199234140805185,0.4074139497761222,0.35099361051256067,47
Motueka,New Zealand,Tasman,-41.11,173,maritime_horticulture,2021-10-21,2021-11-06,0.5558023567075536,0.499876737716363,0.39038444842212944,0.22057696310506164,51
Shakardara,Afghanistan,Kabul,34.65,69.03,highland_irrigated,2021-11-06,2021-11-22,0.11349900297568034,0.08030493511680789,0.08263059366950286,-0.10737982857521432,44
Kama,Afghanistan,Nangarhar,34.42,70.55,lowland_irrigated,2021-11-06,2021-11-22,0.34314021348205775,0.19042989033748908,0.18476960177274662,0.06958281528753658,47
Dawlatabad,Afghanistan,Balkh,36.85,66.85,plains_irrigated,2021-11-06,2021-11-22,0.12019538833580821,0.08924059706202248,0.08168705304714459,-0.05528454066788623,50
Injil,Afghanistan,Herat,34.28,62.15,plains_irrigated,2021-11-06,2021-11-22,0.09295583643309838,0.07568781884213893,0.07341368841931052,-0.015321194846551619,47
Arghandab,Afghanistan,Kandahar,31.72,65.65,arid_irrigated,2021-11-06,2021-11-22,0.07574878982287694,0.05788543970588437,0.05835848356192847,-0.07336725261581374,47
Faizabad,Afghanistan,Badakhshan,37.1,70.55,highland_rainfed,2021-11-06,2021-11-22,0.47342298905533675,0.18869158067874672,0.23132559246578938,0.04124124452699812,38
NadAli,Afghanistan,Helmand,31.55,64.25,arid_irrigated,2021-11-06,2021-11-22,0.1790550574126529,0.12746830992208485,0.1304846269215297,-0.0984932077771692,46
GhazniCity,Afghanistan,Ghazni,33.55,68.42,highland_rainfed,2021-11-06,2021-11-22,0.10391813940800135,0.08889157479196265,0.07770134385993735,-0.07755927635805522,46
Maimana,Afghanistan,Faryab,35.92,64.78,plains_rainfed,2021-11-06,2021-11-22,0.23189521215508982,0.12358324780715149,0.12853363815549165,-0.014438602674837443,46
Chaghcharan,Afghanistan,Ghor,34.52,65.25,highland_rainfed,2021-11-06,2021-11-22,0.11329083755803497,0.08666630420142218,0.08301262147475418,-0.0771826799538536,47
Zaranj,Afghanistan,Nimroz,31,61.87,arid_irrigated,2021-11-06,2021-11-22,0.14360095143883997,0.11929790604762282,0.11773467745161952,-0.04218590498571318,46
Dronten,Netherlands,Flevoland,52.53,5.72,temperate_arable,2021-11-06,2021-11-22,0.41717222555009653,0.25739198610882796,0.23958171553012314,0.10253338792171592,39
Veendam,Netherlands,Groningen,53.1,6.87,temperate_arable,2021-11-06,2021-11-22,0.45583065117522387,0.3021012295567297,0.21483369798565083,0.006952154497199208,57
Sneek,Netherlands,Friesland,53.03,5.65,temperate_dairy_pasture,2021-11-06,2021-11-22,0.7804794935448426,0.03277288248779198,0.03852971705203651,0.47409975507033736,49
Uden,Netherlands,Noord-Brabant,51.66,5.62,temperate_dairy_pasture,2021-11-06,2021-11-22,0.6320318378474978,0.2969484291728269,0.32392791980285773,0.14121596853890356,48
Tiel,Netherlands,Gelderland,51.9,5.6,temperate_horticulture,2021-11-06,2021-11-22,-0.48789018448923843,-0.04070420949929566,-0.04498824343923875,0.13675318900497394,58
Almelo,Netherlands,Overijssel,52.35,6.6,temperate_dairy_pasture,2021-11-06,2021-11-22,0.8714348177438324,0.6667043976024813,0.6066374988359733,0.3902707847409358,62
Venlo,Netherlands,Limburg,51.37,6.17,temperate_horticulture,2021-11-06,2021-11-22,0.1311778523027897,0.048008910017954765,0.06119534416273995,-0.19125249087810517,5
Wieringermeer,Netherlands,Noord-Holland,52.85,5,temperate_arable,2021-11-06,2021-11-22,0.48655329115746165,0.4074019451471978,0.3339545179580942,0.3075836315034443,62
Emmen,Netherlands,Drenthe,52.75,6.85,temperate_arable,2021-11-06,2021-11-22,0.8213404486012879,0.6268428995378968,0.5759610932970193,0.3260947316758573,59
Alblasserdam,Netherlands,Zuid-Holland,51.87,4.67,temperate_dairy_pasture,2021-11-06,2021-11-22,0.38228012667809863,0.19861373349824232,0.18922930954432357,0.06967967638386666,40
Ashburton,New Zealand,Canterbury,-43.9,171.75,maritime_arable,2021-11-06,2021-11-22,0.8027106760509347,0.3884901873910371,0.381610848480392,0.3214207441624432,53
Hamilton,New Zealand,Waikato,-37.78,175.28,maritime_dairy_pasture,2021-11-06,2021-11-22,0.6219095683297926,0.40145860087096313,0.36503591204141533,0.24539055827205677,34
Gore,New Zealand,Southland,-46.1,168.95,maritime_dairy_pasture,2021-11-06,2021-11-22,0.5500776679224533,0.4315795547387877,0.3754120825253634,0.2290053643834716,33
PalmerstonN,New Zealand,Manawatu,-40.35,175.61,maritime_dairy_pasture,2021-11-06,2021-11-22,0.2889082637203958,0.22195127813026497,0.1846163167120482,0.01195536834545975,48
Hastings,New Zealand,HawkesBay,-39.64,176.84,maritime_horticulture,2021-11-06,2021-11-22,0.10207817607364908,0.06815052288952371,0.05878153558070945,-0.07214493483572089,42
Balclutha,New Zealand,Otago,-46.23,169.75,maritime_arable,2021-11-06,2021-11-22,0.401294651602994,0.34217663778068663,0.2376694128268033,0.14908092364419773,52
TePuke,New Zealand,BayOfPlenty,-37.78,176.32,maritime_horticulture,2021-11-06,2021-11-22,0.5098219227969029,0.4169410476851338,0.33708468827311,0.15808680806466557,49
Stratford,New Zealand,Taranaki,-39.34,174.28,maritime_dairy_pasture,2021-11-06,2021-11-22,0.5713436754399995,0.4762223549097315,0.4042384154876502,0.09140790599136621,50
Blenheim,New Zealand,Marlborough,-41.51,173.96,maritime_horticulture,2021-11-06,2021-11-22,0.16939213829812277,0.10517319731661659,0.09711812048600589,-0.0642440348458683,51
Masterton,New Zealand,Wairarapa,-40.96,175.66,maritime_arable,2021-11-06,2021-11-22,0.5588845393560028,0.44001116994447587,0.37201817071461263,0.1251845648596632,51
Kerikeri,New Zealand,Northland,-35.22,173.95,maritime_horticulture,2021-11-06,2021-11-22,0.7930586910209592,0.6661702898581804,0.5467867092586168,0.47266601040727374,47
Motueka,New Zealand,Tasman,-41.11,173,maritime_horticulture,2021-11-06,2021-11-22,0.7049205220957123,0.5499990888766862,0.498727709780876,0.21597304916925872,51
Shakardara,Afghanistan,Kabul,34.65,69.03,highland_irrigated,2021-11-22,2021-12-08,0.10905473507598906,0.07783795291078299,0.07836012458934756,-0.11294396204286822,44
Kama,Afghanistan,Nangarhar,34.42,70.55,lowland_irrigated,2021-11-22,2021-12-08,0.24413354638352538,0.13123041180872164,0.12865749941198595,-0.08621376138731626,47
Dawlatabad,Afghanistan,Balkh,36.85,66.85,plains_irrigated,2021-11-22,2021-12-08,0.12074391913969787,0.09031668817136869,0.08555834080203509,-0.09082066706804763,50
Injil,Afghanistan,Herat,34.28,62.15,plains_irrigated,2021-11-22,2021-12-08,0.09806528987044093,0.07102029859895845,0.07031884343961275,-0.020834236705957843,47
Arghandab,Afghanistan,Kandahar,31.72,65.65,arid_irrigated,2021-11-22,2021-12-08,0.06933516532181805,0.0505079401252232,0.051822445973994234,-0.08655963201014077,47
Khanabad,Afghanistan,Kunduz,36.65,68.95,plains_irrigated,2021-11-22,2021-12-08,0.08456022848740301,0.06577867860510837,0.06274482175604167,-0.12085074833560763,44
Faizabad,Afghanistan,Badakhshan,37.1,70.55,highland_rainfed,2021-11-22,2021-12-08,0.21883187937411425,0.09482897806189158,0.11260116015616757,-0.09043585431613015,49
NadAli,Afghanistan,Helmand,31.55,64.25,arid_irrigated,2021-11-22,2021-12-08,0.10761851207889732,0.07758209321997099,0.08038621578499504,-0.11487294806740181,46
GhazniCity,Afghanistan,Ghazni,33.55,68.42,highland_rainfed,2021-11-22,2021-12-08,0.10545356390481661,0.08789318861967597,0.07794721880516596,-0.07376119479538316,46
Maimana,Afghanistan,Faryab,35.92,64.78,plains_rainfed,2021-11-22,2021-12-08,0.1570510104457515,0.10069668103685148,0.094732232024348,-0.049995649876653094,48
Chaghcharan,Afghanistan,Ghor,34.52,65.25,highland_rainfed,2021-11-22,2021-12-08,0.07097401580748972,0.07448711299554309,0.05761338194296326,-0.0857987476950578,47
Zaranj,Afghanistan,Nimroz,31,61.87,arid_irrigated,2021-11-22,2021-12-08,0.1254187437663841,0.10403089221354572,0.10160718892574558,-0.05608334102650186,46
Dronten,Netherlands,Flevoland,52.53,5.72,temperate_arable,2021-11-22,2021-12-08,0.3932035452739666,0.2402348215790258,0.2081240879387554,0.12269182333517184,38
Veendam,Netherlands,Groningen,53.1,6.87,temperate_arable,2021-11-22,2021-12-08,0.5144094379616306,0.23145909783786303,0.22751677444690135,0.005300379279731716,52
Sneek,Netherlands,Friesland,53.03,5.65,temperate_dairy_pasture,2021-11-22,2021-12-08,0.2737214484878853,0.1828040294806201,0.13710198111049665,0.21588733543429373,64
Goes,Netherlands,Zeeland,51.5,3.9,temperate_arable,2021-11-22,2021-12-08,0.2719731155922795,0.16662119969388992,0.1437648563962715,-0.012157372986919664,58
Uden,Netherlands,Noord-Brabant,51.66,5.62,temperate_dairy_pasture,2021-11-22,2021-12-08,0.3681645693582916,0.17542342726456495,0.16065480470975163,0.09211254887293689,62
Tiel,Netherlands,Gelderland,51.9,5.6,temperate_horticulture,2021-11-22,2021-12-08,-0.2941662005397148,-0.023741838234167204,-0.02235096612359048,-0.25723665109135485,46
Almelo,Netherlands,Overijssel,52.35,6.6,temperate_dairy_pasture,2021-11-22,2021-12-08,0.7536839880687121,0.5197849683480031,0.45114009799744853,0.42496226608931814,62
Venlo,Netherlands,Limburg,51.37,6.17,temperate_horticulture,2021-11-22,2021-12-08,0.21382546063539865,0.08967683301171339,0.0864558146283122,-0.00022438209782968025,41
Emmen,Netherlands,Drenthe,52.75,6.85,temperate_arable,2021-11-22,2021-12-08,0.8284909071090557,0.6687437476432455,0.5792335610749221,0.3799031833279189,59
Bunnik,Netherlands,Utrecht,52.05,5.2,temperate_dairy_pasture,2021-11-22,2021-12-08,0.6460761458649545,0.564992696717244,0.5090353402477524,0.32698348254124276,38
Hamilton,New Zealand,Waikato,-37.78,175.28,maritime_dairy_pasture,2021-11-22,2021-12-08,0.5857077748392788,0.4346586581345779,0.36218269066560543,0.3088146801083762,32
Gore,New Zealand,Southland,-46.1,168.95,maritime_dairy_pasture,2021-11-22,2021-12-08,0.12338341501116315,0.09252267701520198,0.08063415227111574,-0.0676255070409632,8
PalmerstonN,New Zealand,Manawatu,-40.35,175.61,maritime_dairy_pasture,2021-11-22,2021-12-08,0.27211181605822576,0.2073870604657843,0.17452145121711413,-0.01513616130204397,44
Balclutha,New Zealand,Otago,-46.23,169.75,maritime_arable,2021-11-22,2021-12-08,0.4405894677999408,0.3806234105986272,0.2971464315580054,0.1353714611937198,52
TePuke,New Zealand,BayOfPlenty,-37.78,176.32,maritime_horticulture,2021-11-22,2021-12-08,0.4827547476154309,0.3811321454694512,0.3237597481537113,0.12036545230404555,51
Stratford,New Zealand,Taranaki,-39.34,174.28,maritime_dairy_pasture,2021-11-22,2021-12-08,0.4293147179702513,0.6479253508477721,0.3569001176318682,0.23471073311220678,28
Kerikeri,New Zealand,Northland,-35.22,173.95,maritime_horticulture,2021-11-22,2021-12-08,0.8696463126075137,0.4842025357132348,0.4633081218661871,0.5103168217567623,47
Motueka,New Zealand,Tasman,-41.11,173,maritime_horticulture,2021-11-22,2021-12-08,0.4472581677666369,0.5979617337510532,0.37889269431820055,0.2329260483542258,28
Shakardara,Afghanistan,Kabul,34.65,69.03,highland_irrigated,2021-12-08,2021-12-24,0.10556354676045826,0.07590722322439888,0.07631753809751571,-0.09332641870023396,44
Kama,Afghanistan,Nangarhar,34.42,70.55,lowland_irrigated,2021-12-08,2021-12-24,0.1900406267667914,0.10022660634897963,0.09330513873244793,-0.03693957448617517,47
Dawlatabad,Afghanistan,Balkh,36.85,66.85,plains_irrigated,2021-12-08,2021-12-24,0.1568738607684722,0.10260425370013783,0.10687953462633143,-0.06748810343660039,50
Injil,Afghanistan,Herat,34.28,62.15,plains_irrigated,2021-12-08,2021-12-24,0.10841728189326448,0.0776232380588953,0.07689054020995573,-0.005620693835528058,47
Arghandab,Afghanistan,Kandahar,31.72,65.65,arid_irrigated,2021-12-08,2021-12-24,0.06994158107782486,0.050835484878768857,0.05272707246943231,-0.07970784613295473,47
Khanabad,Afghanistan,Kunduz,36.65,68.95,plains_irrigated,2021-12-08,2021-12-24,0.12247272556155198,0.07293152483470515,0.0775782025329175,-0.09890017809979486,44
Faizabad,Afghanistan,Badakhshan,37.1,70.55,highland_rainfed,2021-12-08,2021-12-24,0.14144478062773647,0.086028080900933,0.08084009185463532,-0.03423030642210648,49
NadAli,Afghanistan,Helmand,31.55,64.25,arid_irrigated,2021-12-08,2021-12-24,0.09709521068121074,0.06657215467279724,0.07170273558387749,-0.08591773981300756,46
GhazniCity,Afghanistan,Ghazni,33.55,68.42,highland_rainfed,2021-12-08,2021-12-24,0.0887295116042546,0.07207685856343748,0.06500739858054201,-0.07656090484863062,46
Maimana,Afghanistan,Faryab,35.92,64.78,plains_rainfed,2021-12-08,2021-12-24,0.17514519430974182,0.10288359646240794,0.10015426844277538,-0.032668429041409944,48
Chaghcharan,Afghanistan,Ghor,34.52,65.25,highland_rainfed,2021-12-08,2021-12-24,0.09832029283582225,0.07286907782680371,0.07070471726717019,-0.10423815008364778,47
Zaranj,Afghanistan,Nimroz,31,61.87,arid_irrigated,2021-12-08,2021-12-24,0.14134708549169306,0.11347636808515797,0.11357197289890644,-0.04389428247865966,46
Dronten,Netherlands,Flevoland,52.53,5.72,temperate_arable,2021-12-08,2021-12-24,0.3188846139719181,0.22559360957911992,0.17404809754865963,0.10341782579115914,63
Veendam,Netherlands,Groningen,53.1,6.87,temperate_arable,2021-12-08,2021-12-24,0.47819677398829646,0.20116239561785976,0.1957158022066724,0.045533114849577394,62
Sneek,Netherlands,Friesland,53.03,5.65,temperate_dairy_pasture,2021-12-08,2021-12-24,0.47340257559214804,0.25194417679190473,0.22307828245420167,0.05240614697718999,64
Goes,Netherlands,Zeeland,51.5,3.9,temperate_arable,2021-12-08,2021-12-24,0.24287990963624934,0.10997892798885558,0.10588067899898283,-0.04599058093788074,62
Uden,Netherlands,Noord-Brabant,51.66,5.62,temperate_dairy_pasture,2021-12-08,2021-12-24,0.5626535138613922,0.2658101471389886,0.24747048285010395,0.15077797995993697,62
Tiel,Netherlands,Gelderland,51.9,5.6,temperate_horticulture,2021-12-08,2021-12-24,-0.6614610570726391,-0.08431256658096842,-0.0878993361885177,0.24989120510186827,60
Almelo,Netherlands,Overijssel,52.35,6.6,temperate_dairy_pasture,2021-12-08,2021-12-24,0.7707128818925114,0.7389586273816087,0.5863715799046545,0.6372788719960476,62
Venlo,Netherlands,Limburg,51.37,6.17,temperate_horticulture,2021-12-08,2021-12-24,0.20654615024287132,0.04586090039611325,0.048619245047712145,-0.1806986174411117,58
Wieringermeer,Netherlands,Noord-Holland,52.85,5,temperate_arable,2021-12-08,2021-12-24,0.5943550986756471,0.33502303167758857,0.29547867335883077,0.3576069542499671,62
Emmen,Netherlands,Drenthe,52.75,6.85,temperate_arable,2021-12-08,2021-12-24,0.7070565412009526,0.6003355795676903,0.5061548308588082,0.46601823838023887,59
Bunnik,Netherlands,Utrecht,52.05,5.2,temperate_dairy_pasture,2021-12-08,2021-12-24,0.7224243435569667,0.4460765806776853,0.3861800924739862,0.3465411624711375,56
Alblasserdam,Netherlands,Zuid-Holland,51.87,4.67,temperate_dairy_pasture,2021-12-08,2021-12-24,0.26484083609648407,0.1693489799499367,0.13670625737518613,-0.0020393992233427058,58
Hamilton,New Zealand,Waikato,-37.78,175.28,maritime_dairy_pasture,2021-12-08,2021-12-24,0.5198614032053611,0.3651639701672302,0.3172596848900465,0.19155040080874544,45
Gore,New Zealand,Southland,-46.1,168.95,maritime_dairy_pasture,2021-12-08,2021-12-24,0.5485999546795772,0.4270907400335575,0.38659190378258285,0.26152694274303934,29
PalmerstonN,New Zealand,Manawatu,-40.35,175.61,maritime_dairy_pasture,2021-12-08,2021-12-24,0.2633783310261644,0.24038357435097393,0.18487411575480248,0.009342411304579848,48
Hastings,New Zealand,HawkesBay,-39.64,176.84,maritime_horticulture,2021-12-08,2021-12-24,0.07131757809348445,0.045672416230868894,0.04061655434706346,-0.07144347718320333,49
Balclutha,New Zealand,Otago,-46.23,169.75,maritime_arable,2021-12-08,2021-12-24,0.38773371791178296,0.2662536604975986,0.23093467840100282,0.06087895533772296,52
TePuke,New Zealand,BayOfPlenty,-37.78,176.32,maritime_horticulture,2021-12-08,2021-12-24,0.5040564319418864,0.33645962100348825,0.2678461270579624,0.1557257651069729,48
Stratford,New Zealand,Taranaki,-39.34,174.28,maritime_dairy_pasture,2021-12-08,2021-12-24,0.3406130575435065,0.3548338911645762,0.22602077802097054,0.2946873873055398,15
Blenheim,New Zealand,Marlborough,-41.51,173.96,maritime_horticulture,2021-12-08,2021-12-24,0.17233777430607516,0.11445600756055421,0.10084320393755128,-0.05308879395689423,51
Masterton,New Zealand,Wairarapa,-40.96,175.66,maritime_arable,2021-12-08,2021-12-24,0.500218025231422,0.41525469629894607,0.33734011796774843,0.08302949701398654,51
Kerikeri,New Zealand,Northland,-35.22,173.95,maritime_horticulture,2021-12-08,2021-12-24,0.8244921254273846,0.49691344232564666,0.4653944398663647,0.4917897716567137,47
Motueka,New Zealand,Tasman,-41.11,173,maritime_horticulture,2021-12-08,2021-12-24,0.6911545014018718,0.5013691265140275,0.46385006618682584,0.18740879620442916,51
Shakardara,Afghanistan,Kabul,34.65,69.03,highland_irrigated,2021-12-24,2022-01-09,0.1306544651812278,0.0849910402480449,0.09079238869706069,-0.10383869619197851,44
Kama,Afghanistan,Nangarhar,34.42,70.55,lowland_irrigated,2021-12-24,2022-01-09,0.23755008877494851,0.10898845259820408,0.11168049851997468,-0.05868120839593365,47
Injil,Afghanistan,Herat,34.28,62.15,plains_irrigated,2021-12-24,2022-01-09,0.13782651345719338,0.08206955974607599,0.09058746209447326,-0.00870212106923775,47
Faizabad,Afghanistan,Badakhshan,37.1,70.55,highland_rainfed,2021-12-24,2022-01-09,0.12697902385965631,0.08268103319074968,0.07305262617341432,0.042613833771270204,49
GhazniCity,Afghanistan,Ghazni,33.55,68.42,highland_rainfed,2021-12-24,2022-01-09,0.09676432473766985,0.08023733629108636,0.070787137375187,-0.05796540321216713,46
Chaghcharan,Afghanistan,Ghor,34.52,65.25,highland_rainfed,2021-12-24,2022-01-09,0.08856797074631416,0.05576106744917748,0.059235061394490744,-0.045668465136021075,45
Zaranj,Afghanistan,Nimroz,31,61.87,arid_irrigated,2021-12-24,2022-01-09,0.14946429502434727,0.1126111291298087,0.11443267385400209,-0.04180216617700173,46
Dronten,Netherlands,Flevoland,52.53,5.72,temperate_arable,2021-12-24,2022-01-09,0.3527052126958461,0.2416820527055504,0.21255855779981217,0.05814551947616837,44
Veendam,Netherlands,Groningen,53.1,6.87,temperate_arable,2021-12-24,2022-01-09,0.25941197762346024,0.17194971365014813,0.1399386993624438,-0.015652800450575228,62
Sneek,Netherlands,Friesland,53.03,5.65,temperate_dairy_pasture,2021-12-24,2022-01-09,0.4399038123259155,0.2816904261241963,0.24597370919804465,0.09216260838641673,64
Tiel,Netherlands,Gelderland,51.9,5.6,temperate_horticulture,2021-12-24,2022-01-09,-0.765876608710563,-0.032866265878414014,-0.033888187086494825,-0.5116577589368243,60
Almelo,Netherlands,Overijssel,52.35,6.6,temperate_dairy_pasture,2021-12-24,2022-01-09,0.8122893463029235,0.49931195099124664,0.44446331870720124,0.3606575745215308,62
Venlo,Netherlands,Limburg,51.37,6.17,temperate_horticulture,2021-12-24,2022-01-09,0.23826447129249573,-2.5458383835053424,0.14474204352860226,0.16317930817604065,1
Wieringermeer,Netherlands,Noord-Holland,52.85,5,temperate_arable,2021-12-24,2022-01-09,0.24896126907182542,0.1688811336787483,0.14370901607830133,-0.07083450372738298,60
Emmen,Netherlands,Drenthe,52.75,6.85,temperate_arable,2021-12-24,2022-01-09,0.6524750840434329,0.5596442906120078,0.46428852159235223,0.21208509558195013,59
Ashburton,New Zealand,Canterbury,-43.9,171.75,maritime_arable,2021-12-24,2022-01-09,0.7668724335713534,0.4190258458978307,0.40744952141476243,0.309176261923935,53
Hamilton,New Zealand,Waikato,-37.78,175.28,maritime_dairy_pasture,2021-12-24,2022-01-09,0.539974638693579,0.2920961502129896,0.26801844490087523,0.18949129123423508,46
PalmerstonN,New Zealand,Manawatu,-40.35,175.61,maritime_dairy_pasture,2021-12-24,2022-01-09,0.16777731647619018,0.2806315466616159,0.13564581000637022,0.027645902818864015,42
Hastings,New Zealand,HawkesBay,-39.64,176.84,maritime_horticulture,2021-12-24,2022-01-09,0.0893077087395906,0.051707479652047424,0.04702042314628116,-0.08971840801295802,49
Balclutha,New Zealand,Otago,-46.23,169.75,maritime_arable,2021-12-24,2022-01-09,0.38798459984376577,0.2918825032793534,0.24380105828434928,0.052711067537538195,52
TePuke,New Zealand,BayOfPlenty,-37.78,176.32,maritime_horticulture,2021-12-24,2022-01-09,0.4978501535844839,0.36529565974420236,0.31692323852002047,0.11242423838132808,51
Stratford,New Zealand,Taranaki,-39.34,174.28,maritime_dairy_pasture,2021-12-24,2022-01-09,0.564790174074163,0.42347183222262746,0.38314422978070894,0.04986368596264486,50
Blenheim,New Zealand,Marlborough,-41.51,173.96,maritime_horticulture,2021-12-24,2022-01-09,0.17350588242558265,0.1144972962481012,0.0989998414004852,-0.06813882483494503,51
Masterton,New Zealand,Wairarapa,-40.96,175.66,maritime_arable,2021-12-24,2022-01-09,0.5545950997249716,0.39285458989569383,0.3472381040595578,0.08883380263589004,51
Kerikeri,New Zealand,Northland,-35.22,173.95,maritime_horticulture,2021-12-24,2022-01-09,0.8860087712251002,0.5737516229411398,0.5368228896857898,0.5267718857283885,47
Motueka,New Zealand,Tasman,-41.11,173,maritime_horticulture,2021-12-24,2022-01-09,0.7972912361159428,0.5503060660348678,0.5156418856800361,0.2764803079501371,51
Kama,Afghanistan,Nangarhar,34.42,70.55,lowland_irrigated,2022-01-09,2022-01-25,0.3779094188009637,0.17430747135955604,0.1856284706111047,0.03448654068126992,43
Dawlatabad,Afghanistan,Balkh,36.85,66.85,plains_irrigated,2022-01-09,2022-01-25,0.2407868437438073,0.13402919552928155,0.1411059900785403,-0.04462863294258758,50
Injil,Afghanistan,Herat,34.28,62.15,plains_irrigated,2022-01-09,2022-01-25,0.16081124293433663,0.08475209887702097,0.09188669626421718,-0.003902401437894023,47
Arghandab,Afghanistan,Kandahar,31.72,65.65,arid_irrigated,2022-01-09,2022-01-25,0.1398861562643839,0.0930575057586328,0.09422300128282152,-0.013431769905109237,47
Khanabad,Afghanistan,Kunduz,36.65,68.95,plains_irrigated,2022-01-09,2022-01-25,0.16291538757948784,0.08561317113863853,0.08828409760511281,-0.11976308709432594,44
Faizabad,Afghanistan,Badakhshan,37.1,70.55,highland_rainfed,2022-01-09,2022-01-25,0.14948269356294994,0.08304144741992774,0.07775973913164189,-0.005494356361800663,49
NadAli,Afghanistan,Helmand,31.55,64.25,arid_irrigated,2022-01-09,2022-01-25,0.10999551679661028,0.07217109895177352,0.07701968882444277,-0.047356403840288754,46
GhazniCity,Afghanistan,Ghazni,33.55,68.42,highland_rainfed,2022-01-09,2022-01-25,0.15093311723875905,0.12754518290836253,0.10919155391310927,-0.05248236218819363,24
Maimana,Afghanistan,Faryab,35.92,64.78,plains_rainfed,2022-01-09,2022-01-25,0.2571485484114779,0.11608163135879014,0.12346551336054794,-0.05194819706410659,46
Chaghcharan,Afghanistan,Ghor,34.52,65.25,highland_rainfed,2022-01-09,2022-01-25,0.04678754059095588,0.08321894766271287,0.044005866108604276,0.3405509803070266,18
Zaranj,Afghanistan,Nimroz,31,61.87,arid_irrigated,2022-01-09,2022-01-25,0.13646316105476142,0.10329693855085442,0.10498182927303736,-0.058940768479804916,46
Dronten,Netherlands,Flevoland,52.53,5.72,temperate_arable,2022-01-09,2022-01-25,0.4681846741643113,0.277921292883441,0.24867430956429173,0.19807749653732348,27
Veendam,Netherlands,Groningen,53.1,6.87,temperate_arable,2022-01-09,2022-01-25,0.5187529532964644,0.257719617526366,0.23632563274547302,0.11466313539683702,35
Sneek,Netherlands,Friesland,53.03,5.65,temperate_dairy_pasture,2022-01-09,2022-01-25,0.42167782136155574,0.23984928871342698,0.20616795894101855,0.13338270144230874,64
Goes,Netherlands,Zeeland,51.5,3.9,temperate_arable,2022-01-09,2022-01-25,0.2848839348631503,0.18269738965312893,0.17479722539862305,-0.023767627514560595,57
Uden,Netherlands,Noord-Brabant,51.66,5.62,temperate_dairy_pasture,2022-01-09,2022-01-25,0.30637114088337053,0.2574268221368939,0.19954417198243513,0.025555916922571486,45
Tiel,Netherlands,Gelderland,51.9,5.6,temperate_horticulture,2022-01-09,2022-01-25,-0.5432009283689381,-0.02189891928515158,-0.02542365647675755,-0.4855789119861959,60
Almelo,Netherlands,Overijssel,52.35,6.6,temperate_dairy_pasture,2022-01-09,2022-01-25,0.9512598699202632,0.40725416361053374,0.41124682705998444,0.4322487121924164,50
Wieringermeer,Netherlands,Noord-Holland,52.85,5,temperate_arable,2022-01-09,2022-01-25,0.21551343080824775,0.30167516509394204,0.12796220787587093,0.18429675357712305,9
Emmen,Netherlands,Drenthe,52.75,6.85,temperate_arable,2022-01-09,2022-01-25,0.42080803743308454,0.3761522486147132,0.24636285386216597,0.3577456010164695,59
Bunnik,Netherlands,Utrecht,52.05,5.2,temperate_dairy_pasture,2022-01-09,2022-01-25,0.6749303563068565,0.3871520749186702,0.3159544735950315,0.34775500819196153,56
Ashburton,New Zealand,Canterbury,-43.9,171.75,maritime_arable,2022-01-09,2022-01-25,0.8324968398456717,0.39167567765177297,0.39498774025113736,0.29860885224605765,53
Hamilton,New Zealand,Waikato,-37.78,175.28,maritime_dairy_pasture,2022-01-09,2022-01-25,0.43891064725528667,0.25346857929363126,0.23633332715125285,0.0879441166053535,48
Gore,New Zealand,Southland,-46.1,168.95,maritime_dairy_pasture,2022-01-09,2022-01-25,0.4052002298884752,0.6803311980608301,0.232667390289366,0.31730806559334346,41
PalmerstonN,New Zealand,Manawatu,-40.35,175.61,maritime_dairy_pasture,2022-01-09,2022-01-25,0.2715245980231094,0.1984068616311061,0.1721446735631612,-0.028435657520592364,48
Hastings,New Zealand,HawkesBay,-39.64,176.84,maritime_horticulture,2022-01-09,2022-01-25,0.07819889702504718,0.04516441749088461,0.04183920780788735,-0.06825402752946988,49
Balclutha,New Zealand,Otago,-46.23,169.75,maritime_arable,2022-01-09,2022-01-25,0.381750108894365,0.2791426685918108,0.23309866946708652,0.03075187305780286,52
TePuke,New Zealand,BayOfPlenty,-37.78,176.32,maritime_horticulture,2022-01-09,2022-01-25,0.46547431284100776,0.3408380199500953,0.29618734498988986,0.09474817861441628,51
Stratford,New Zealand,Taranaki,-39.34,174.28,maritime_dairy_pasture,2022-01-09,2022-01-25,0.5260355539354088,0.370874020102563,0.34486463905979586,0.009239859244180304,50
Blenheim,New Zealand,Marlborough,-41.51,173.96,maritime_horticulture,2022-01-09,2022-01-25,0.1629550006525603,0.10009338758862854,0.09180672763274919,-0.07215784627904087,51
Masterton,New Zealand,Wairarapa,-40.96,175.66,maritime_arable,2022-01-09,2022-01-25,0.4792171235852838,0.3121134998609684,0.2857798568041729,0.02530141511104722,51
Kerikeri,New Zealand,Northland,-35.22,173.95,maritime_horticulture,2022-01-09,2022-01-25,0.8781497478758021,0.5555837891448733,0.5115287834899678,0.5531752820846525,47
Motueka,New Zealand,Tasman,-41.11,173,maritime_horticulture,2022-01-09,2022-01-25,0.8197348691962272,0.4972989008049026,0.4522698292927903,0.4130891209632354,51
Kama,Afghanistan,Nangarhar,34.42,70.55,lowland_irrigated,2022-01-25,2022-02-10,0.3085158381540496,0.1660995295246673,0.1547724398371007,0.03687282493015332,47
Dawlatabad,Afghanistan,Balkh,36.85,66.85,plains_irrigated,2022-01-25,2022-02-10,0.2610685448688949,0.20254013716184516,0.18316042401341223,0.023024089783908713,50
Injil,Afghanistan,Herat,34.28,62.15,plains_irrigated,2022-01-25,2022-02-10,0.13597280216642735,0.09080436335909123,0.08981298732921528,0.0083888334020867,47
Arghandab,Afghanistan,Kandahar,31.72,65.65,arid_irrigated,2022-01-25,2022-02-10,0.2055779081883497,0.14208384427301457,0.14732324085167744,0.010783590586815384,47
Khanabad,Afghanistan,Kunduz,36.65,68.95,plains_irrigated,2022-01-25,2022-02-10,0.14972929744277713,0.07364562382096389,0.07986052231472057,-0.09627034942445296,44
Faizabad,Afghanistan,Badakhshan,37.1,70.55,highland_rainfed,2022-01-25,2022-02-10,0.132265895420968,0.07575785656649792,0.0729337638161863,-0.053243510738447554,49
NadAli,Afghanistan,Helmand,31.55,64.25,arid_irrigated,2022-01-25,2022-02-10,0.14059530710106466,0.10989074822398254,0.10955455512070382,-0.028314381499399445,46
GhazniCity,Afghanistan,Ghazni,33.55,68.42,highland_rainfed,2022-01-25,2022-02-10,0.08258682654028202,0.07856495424805196,0.0607918757738602,-0.04966043597433368,46
Maimana,Afghanistan,Faryab,35.92,64.78,plains_rainfed,2022-01-25,2022-02-10,0.21760033880620927,0.13269530018424006,0.1233202624400238,0.014253522206710044,48
Chaghcharan,Afghanistan,Ghor,34.52,65.25,highland_rainfed,2022-01-25,2022-02-10,0.03415671225456781,0.03420915886529613,0.02651015121773481,0.21067604331045825,37
Zaranj,Afghanistan,Nimroz,31,61.87,arid_irrigated,2022-01-25,2022-02-10,0.12683770359699484,0.09967934480492255,0.10126035116217312,-0.07071753216755632,46
Dronten,Netherlands,Flevoland,52.53,5.72,temperate_arable,2022-01-25,2022-02-10,0.27875719792450504,0.1627534124400237,0.1492611901881944,0.009861907233103737,63
Veendam,Netherlands,Groningen,53.1,6.87,temperate_arable,2022-01-25,2022-02-10,0.41163748908658643,0.20134262116624863,0.19421483312642446,0.04497072170255078,61
Sneek,Netherlands,Friesland,53.03,5.65,temperate_dairy_pasture,2022-01-25,2022-02-10,0.4125321752887492,0.21593213505312828,0.20520975816159298,0.040916084799656714,15
Goes,Netherlands,Zeeland,51.5,3.9,temperate_arable,2022-01-25,2022-02-10,0.21023028443972727,0.10009225744962558,0.09455695068556766,-0.08260643508389957,37
Tiel,Netherlands,Gelderland,51.9,5.6,temperate_horticulture,2022-01-25,2022-02-10,0.04257890322616232,0.014824493088229987,0.01326063524086953,0.0008093971867498212,12
Almelo,Netherlands,Overijssel,52.35,6.6,temperate_dairy_pasture,2022-01-25,2022-02-10,0.7760063231833382,0.6151899018635972,0.5492377117963547,0.3342157611336355,62
Emmen,Netherlands,Drenthe,52.75,6.85,temperate_arable,2022-01-25,2022-02-10,0.7200367890656766,0.5077262940738486,0.46815116871750284,0.2423946930769847,59
Alblasserdam,Netherlands,Zuid-Holland,51.87,4.67,temperate_dairy_pasture,2022-01-25,2022-02-10,0.33545928091109367,0.2644032782998329,0.2092103991852227,0.07449546022239258,47
Ashburton,New Zealand,Canterbury,-43.9,171.75,maritime_arable,2022-01-25,2022-02-10,0.8097533734548028,0.384428917114339,0.38923132477880057,0.2810096983368806,53
Hamilton,New Zealand,Waikato,-37.78,175.28,maritime_dairy_pasture,2022-01-25,2022-02-10,0.43673271886914605,0.16915218370371143,0.15934116710306181,0.12578191714829778,12
PalmerstonN,New Zealand,Manawatu,-40.35,175.61,maritime_dairy_pasture,2022-01-25,2022-02-10,0.2322071281007926,0.15693411918049419,0.13798860938066637,-0.06357690097287569,48
Hastings,New Zealand,HawkesBay,-39.64,176.84,maritime_horticulture,2022-01-25,2022-02-10,0.05419770314965454,0.023369497474176486,0.026451327949266717,-0.10760573946533954,49
Balclutha,New Zealand,Otago,-46.23,169.75,maritime_arable,2022-01-25,2022-02-10,0.3875800618309845,0.3001893116363053,0.23990580193414948,0.060707696349878514,52
TePuke,New Zealand,BayOfPlenty,-37.78,176.32,maritime_horticulture,2022-01-25,2022-02-10,0.4888997387119126,0.39931084806442463,0.3192637782780866,0.13203683733616725,51
Stratford,New Zealand,Taranaki,-39.34,174.28,maritime_dairy_pasture,2022-01-25,2022-02-10,0.46290210593665887,0.3048294422023382,0.29436105435827553,-0.059338314011132945,50
Blenheim,New Zealand,Marlborough,-41.51,173.96,maritime_horticulture,2022-01-25,2022-02-10,0.162882488645689,0.0873907985614511,0.08724511422358162,-0.07359827573874114,51
Kerikeri,New Zealand,Northland,-35.22,173.95,maritime_horticulture,2022-01-25,2022-02-10,0.87472275422115,0.6763467190805147,0.5830539362621053,0.5758582338990964,47
Motueka,New Zealand,Tasman,-41.11,173,maritime_horticulture,2022-01-25,2022-02-10,0.8308607725784288,0.6149586966558047,0.5677817538951652,0.35062031889185247,51
Shakardara,Afghanistan,Kabul,34.65,69.03,highland_irrigated,2022-02-10,2022-02-26,0.0833291327041815,0.052492624787503606,0.05100141528490881,-0.064905038720594,44
Kama,Afghanistan,Nangarhar,34.42,70.55,lowland_irrigated,2022-02-10,2022-02-26,0.33467957427293776,0.1715613515082517,0.1728218871681901,0.03952304428891294,47
Dawlatabad,Afghanistan,Balkh,36.85,66.85,plains_irrigated,2022-02-10,2022-02-26,0.320935281202585,0.25220882057708705,0.24156505769343428,0.04383282667395653,50
Injil,Afghanistan,Herat,34.28,62.15,plains_irrigated,2022-02-10,2022-02-26,0.13497767239094938,0.09485858725679232,0.09421193071615695,-0.02017280571038186,47
Arghandab,Afghanistan,Kandahar,31.72,65.65,arid_irrigated,2022-02-10,2022-02-26,0.3185773166390442,0.2271524376722356,0.22511133773607814,0.07967585532948303,47
Khanabad,Afghanistan,Kunduz,36.65,68.95,plains_irrigated,2022-02-10,2022-02-26,0.11019090955604618,0.08702935512303446,0.0827145134436079,-0.09373448107085065,44
Faizabad,Afghanistan,Badakhshan,37.1,70.55,highland_rainfed,2022-02-10,2022-02-26,0.11664657561660617,0.08841487197084329,0.07687147156866402,-0.04592302012822028,49
NadAli,Afghanistan,Helmand,31.55,64.25,arid_irrigated,2022-02-10,2022-02-26,0.22170735700450733,0.16550962115130324,0.16276141871126334,0.003234490252933952,46
GhazniCity,Afghanistan,Ghazni,33.55,68.42,highland_rainfed,2022-02-10,2022-02-26,0.08850563422010434,0.08123225788177403,0.06549595874481488,-0.06887378356150214,46
Maimana,Afghanistan,Faryab,35.92,64.78,plains_rainfed,2022-02-10,2022-02-26,0.23148522391342685,0.15415178468838617,0.13909161376924253,0.014478143366854455,48
Chaghcharan,Afghanistan,Ghor,34.52,65.25,highland_rainfed,2022-02-10,2022-02-26,0.023292878012297305,0.023382738514277458,0.02082220037169741,0.13294929657696286,44
Zaranj,Afghanistan,Nimroz,31,61.87,arid_irrigated,2022-02-10,2022-02-26,0.11799093104882814,0.09970557668500557,0.09697320584604568,-0.06452397568820246,46
Dronten,Netherlands,Flevoland,52.53,5.72,temperate_arable,2022-02-10,2022-02-26,0.2717484963032147,0.2519222388458605,0.187706775151538,0.026277673318175526,38
Veendam,Netherlands,Groningen,53.1,6.87,temperate_arable,2022-02-10,2022-02-26,0.36625957081011656,3.8395510391424406,0.16035326171720393,0.16074958991675017,62
Goes,Netherlands,Zeeland,51.5,3.9,temperate_arable,2022-02-10,2022-02-26,0.19756881600003265,0.11127151503746355,0.10451336821896039,-0.1322607735747271,37
Uden,Netherlands,Noord-Brabant,51.66,5.62,temperate_dairy_pasture,2022-02-10,2022-02-26,0.5571903411817856,0.2939544796962992,0.28313956022340253,0.13364910996492807,62
Tiel,Netherlands,Gelderland,51.9,5.6,temperate_horticulture,2022-02-10,2022-02-26,-0.4740627033559135,-0.10448754062394025,-0.11473143458097117,0.6229356427789817,60
Almelo,Netherlands,Overijssel,52.35,6.6,temperate_dairy_pasture,2022-02-10,2022-02-26,0.6898656133601541,0.749209315749275,0.5499959796657535,0.37987851218173374,4
Venlo,Netherlands,Limburg,51.37,6.17,temperate_horticulture,2022-02-10,2022-02-26,0.1945408298085102,0.06085473951267762,0.06448729663948682,-0.18702725306916854,58
Wieringermeer,Netherlands,Noord-Holland,52.85,5,temperate_arable,2022-02-10,2022-02-26,0.12286665461526972,0.07381625207231099,0.07127945652283417,-0.06270252309054786,62
Emmen,Netherlands,Drenthe,52.75,6.85,temperate_arable,2022-02-10,2022-02-26,0.5858859005341084,0.5329771276589185,0.4266573035703782,0.2238559201637873,59
Bunnik,Netherlands,Utrecht,52.05,5.2,temperate_dairy_pasture,2022-02-10,2022-02-26,0.7678959125705541,0.5556577200286047,0.4864335076963292,0.32039075703337677,56
Alblasserdam,Netherlands,Zuid-Holland,51.87,4.67,temperate_dairy_pasture,2022-02-10,2022-02-26,0.29928969336587913,0.17226182683685512,0.14885894306988204,0.012903143360171336,58
Ashburton,New Zealand,Canterbury,-43.9,171.75,maritime_arable,2022-02-10,2022-02-26,0.8038821195096363,0.3522617356499672,0.36163650609160497,0.292506107489238,53
Hamilton,New Zealand,Waikato,-37.78,175.28,maritime_dairy_pasture,2022-02-10,2022-02-26,0.5446244766497423,0.25930289134172624,0.2485985692173256,0.09329253523822449,48
Gore,New Zealand,Southland,-46.1,168.95,maritime_dairy_pasture,2022-02-10,2022-02-26,0.1273589940039182,0.13864524390278696,0.12653514336326105,0.034335949279043064,54
PalmerstonN,New Zealand,Manawatu,-40.35,175.61,maritime_dairy_pasture,2022-02-10,2022-02-26,0.313247991687466,0.20467429851477148,0.18422075113644584,-0.012070033273890756,48
Balclutha,New Zealand,Otago,-46.23,169.75,maritime_arable,2022-02-10,2022-02-26,0.39186293658504423,0.26351960686272563,0.22757735907185522,0.07533655157371409,52
TePuke,New Zealand,BayOfPlenty,-37.78,176.32,maritime_horticulture,2022-02-10,2022-02-26,0.5022987777456128,0.34187124497397897,0.2975442123143791,0.11892043294488405,51
Blenheim,New Zealand,Marlborough,-41.51,173.96,maritime_horticulture,2022-02-10,2022-02-26,0.1768059831003941,0.11949795906567925,0.10187930548279586,-0.042152253499578865,51
Masterton,New Zealand,Wairarapa,-40.96,175.66,maritime_arable,2022-02-10,2022-02-26,0.44004346669808925,0.3266327975200384,0.26505687163585523,0.14398805756671879,36
Kerikeri,New Zealand,Northland,-35.22,173.95,maritime_horticulture,2022-02-10,2022-02-26,0.8407074233974182,0.5886591762716656,0.5204428175293757,0.5115530826799544,47
Motueka,New Zealand,Tasman,-41.11,173,maritime_horticulture,2022-02-10,2022-02-26,0.7274321411556658,0.5721631447830654,0.47699357801258835,0.29150877770185224,51
Shakardara,Afghanistan,Kabul,34.65,69.03,highland_irrigated,2022-02-26,2022-03-14,0.09922190232501756,0.07053049635269307,0.07163855806168695,-0.100963511574023,44
Kama,Afghanistan,Nangarhar,34.42,70.55,lowland_irrigated,2022-02-26,2022-03-14,0.43074001770223735,0.24797059537638833,0.23453980855814868,0.12688337684200174,47
Dawlatabad,Afghanistan,Balkh,36.85,66.85,plains_irrigated,2022-02-26,2022-03-14,0.35747202070132295,0.25771465795269277,0.23071357695761266,0.19237951521846988,50
Injil,Afghanistan,Herat,34.28,62.15,plains_irrigated,2022-02-26,2022-03-14,0.17791022323843836,0.12688332513868664,0.12379147623533479,0.03205732103249443,47
Arghandab,Afghanistan,Kandahar,31.72,65.65,arid_irrigated,2022-02-26,2022-03-14,0.4488833891881574,0.3336935468307908,0.3260245065323955,0.17257394760134193,47
Khanabad,Afghanistan,Kunduz,36.65,68.95,plains_irrigated,2022-02-26,2022-03-14,0.10940316382028406,0.09686661426078355,0.0900950315371092,-0.09203275323220657,44
Faizabad,Afghanistan,Badakhshan,37.1,70.55,highland_rainfed,2022-02-26,2022-03-14,0.1311171758193006,0.09506611445166,0.08672184833074771,-0.040605543096647476,49
NadAli,Afghanistan,Helmand,31.55,64.25,arid_irrigated,2022-02-26,2022-03-14,0.35611832451909337,0.25410020523878224,0.2558821895753613,0.07414175810320167,46
GhazniCity,Afghanistan,Ghazni,33.55,68.42,highland_rainfed,2022-02-26,2022-03-14,0.06628721918589889,0.06286051353525349,0.04938059986362014,-0.020444361201143665,46
Maimana,Afghanistan,Faryab,35.92,64.78,plains_rainfed,2022-02-26,2022-03-14,0.25882987713581346,0.16690099914521722,0.156882242356978,0.018859400965309463,48
Chaghcharan,Afghanistan,Ghor,34.52,65.25,highland_rainfed,2022-02-26,2022-03-14,0.06752718561358005,0.05050877488420077,0.04675430898726792,0.018905668171099368,47
Zaranj,Afghanistan,Nimroz,31,61.87,arid_irrigated,2022-02-26,2022-03-14,0.09836045089568263,0.07990319006223023,0.07754958782566586,-0.08040519328423011,28
Dronten,Netherlands,Flevoland,52.53,5.72,temperate_arable,2022-02-26,2022-03-14,0.30130900070928623,0.1919284156797722,0.17603875485299528,0.003384801049010758,63
Veendam,Netherlands,Groningen,53.1,6.87,temperate_arable,2022-02-26,2022-03-14,0.47526355340455134,0.22989668791207718,0.22478875078246816,0.008701090253306114,62
Sneek,Netherlands,Friesland,53.03,5.65,temperate_dairy_pasture,2022-02-26,2022-03-14,0.4777578853656216,0.25492275567601963,0.24533589502395797,0.005628647645584784,64
Goes,Netherlands,Zeeland,51.5,3.9,temperate_arable,2022-02-26,2022-03-14,0.21578831664396542,0.1389216841476927,0.12771217516776756,-0.08375934221694568,62
Uden,Netherlands,Noord-Brabant,51.66,5.62,temperate_dairy_pasture,2022-02-26,2022-03-14,0.5472678390147632,0.3393697357474307,0.31091741755958563,0.11192650928825025,62
Tiel,Netherlands,Gelderland,51.9,5.6,temperate_horticulture,2022-02-26,2022-03-14,-0.4872093724717858,-0.08380360796908273,-0.08081683417645243,0.49750466476073996,60
Almelo,Netherlands,Overijssel,52.35,6.6,temperate_dairy_pasture,2022-02-26,2022-03-14,0.8402723297247127,0.7467396709619389,0.6379488943575574,0.3861932099611842,62
Venlo,Netherlands,Limburg,51.37,6.17,temperate_horticulture,2022-02-26,2022-03-14,0.18189562953312766,0.06038560340188634,0.06171468636828052,-0.1845467597811022,58
Wieringermeer,Netherlands,Noord-Holland,52.85,5,temperate_arable,2022-02-26,2022-03-14,0.0930092747721633,0.08175698777836646,0.0693949456132547,-0.09251310252029474,62
Emmen,Netherlands,Drenthe,52.75,6.85,temperate_arable,2022-02-26,2022-03-14,0.7424525035300447,0.4687426557438796,0.44038790099257813,0.2793268808268394,59
Bunnik,Netherlands,Utrecht,52.05,5.2,temperate_dairy_pasture,2022-02-26,2022-03-14,0.7706137784929379,0.5574426215255323,0.5030893911273749,0.2792824326297441,56
Alblasserdam,Netherlands,Zuid-Holland,51.87,4.67,temperate_dairy_pasture,2022-02-26,2022-03-14,0.3369574095681438,0.17002292968526617,0.16075281560797428,-0.018680628966787342,58
Ashburton,New Zealand,Canterbury,-43.9,171.75,maritime_arable,2022-02-26,2022-03-14,0.845027242871985,0.3456992635334631,0.35525982719461435,0.28932136979688167,53
Hamilton,New Zealand,Waikato,-37.78,175.28,maritime_dairy_pasture,2022-02-26,2022-03-14,0.47473679161261584,0.2505906434813371,0.2329386476769117,0.1185778400887625,42
Gore,New Zealand,Southland,-46.1,168.95,maritime_dairy_pasture,2022-02-26,2022-03-14,0.23501595895249924,0.14317817840482353,0.14187905246645416,0.06292125427794493,54
PalmerstonN,New Zealand,Manawatu,-40.35,175.61,maritime_dairy_pasture,2022-02-26,2022-03-14,0.24177020980635877,0.1605821159390131,0.1314011004327505,-0.032394118009359256,48
Hastings,New Zealand,HawkesBay,-39.64,176.84,maritime_horticulture,2022-02-26,2022-03-14,0.08231601121858227,0.047132854052153,0.04340602284467699,-0.0699166643578057,49
Balclutha,New Zealand,Otago,-46.23,169.75,maritime_arable,2022-02-26,2022-03-14,0.3848160894963054,0.24910421330326638,0.2188402531440155,0.023715143667578206,52
TePuke,New Zealand,BayOfPlenty,-37.78,176.32,maritime_horticulture,2022-02-26,2022-03-14,0.4985262945536929,0.36707362213430716,0.3057527632090307,0.1363520627971961,51
Stratford,New Zealand,Taranaki,-39.34,174.28,maritime_dairy_pasture,2022-02-26,2022-03-14,0.29729222240048253,0.36138559715257135,0.2163557431005015,0.05709674479127762,50
Blenheim,New Zealand,Marlborough,-41.51,173.96,maritime_horticulture,2022-02-26,2022-03-14,0.19902933614717686,0.139127048359981,0.11700991850239223,-0.025817727680799995,51
Kerikeri,New Zealand,Northland,-35.22,173.95,maritime_horticulture,2022-02-26,2022-03-14,0.7814998354253284,0.6022214707740658,0.4922217353817238,0.5336658502001488,28
Motueka,New Zealand,Tasman,-41.11,173,maritime_horticulture,2022-02-26,2022-03-14,0.8631042247654245,0.6720822541360264,0.5777381380834565,0.41667047436723953,51
Shakardara,Afghanistan,Kabul,34.65,69.03,highland_irrigated,2022-03-14,2022-03-30,0.1140103704457751,0.08908431619275481,0.08468835447640774,-0.07552270318927139,44
Kama,Afghanistan,Nangarhar,34.42,70.55,lowland_irrigated,2022-03-14,2022-03-30,0.5817310345297576,0.35992354704753743,0.340382214055089,0.23543880389685998,47
Dawlatabad,Afghanistan,Balkh,36.85,66.85,plains_irrigated,2022-03-14,2022-03-30,0.4981895031511169,0.28722189779206964,0.2834126862269556,0.2354109336927379,29
Injil,Afghanistan,Herat,34.28,62.15,plains_irrigated,2022-03-14,2022-03-30,0.2655510263279682,0.2108196603874557,0.19794344505635272,0.09016921244734591,47
Arghandab,Afghanistan,Kandahar,31.72,65.65,arid_irrigated,2022-03-14,2022-03-30,0.4829267180533534,0.39615024173620544,0.36100970445762537,0.20804892510810485,47
Khanabad,Afghanistan,Kunduz,36.65,68.95,plains_irrigated,2022-03-14,2022-03-30,0.14530965432410778,0.13998990814779996,0.12631905209093014,-0.010145657788271175,44
Faizabad,Afghanistan,Badakhshan,37.1,70.55,highland_rainfed,2022-03-14,2022-03-30,0.23971175034435163,0.1483860423204811,0.1499055179682759,-0.021426214660059856,49
NadAli,Afghanistan,Helmand,31.55,64.25,arid_irrigated,2022-03-14,2022-03-30,0.4229464106257283,0.34799698721708733,0.3215079234137816,0.16180353643092565,46
GhazniCity,Afghanistan,Ghazni,33.55,68.42,highland_rainfed,2022-03-14,2022-03-30,0.08559591675052489,0.08234697255959769,0.06641817449260068,-0.06642578955850424,46
Maimana,Afghanistan,Faryab,35.92,64.78,plains_rainfed,2022-03-14,2022-03-30,0.27124265824304716,0.19446186840475352,0.18197756596060818,0.02393513323339851,48
Chaghcharan,Afghanistan,Ghor,34.52,65.25,highland_rainfed,2022-03-14,2022-03-30,0.09073970817384182,0.07555564970578751,0.07120208914095882,-0.05542852733982027,47
Zaranj,Afghanistan,Nimroz,31,61.87,arid_irrigated,2022-03-14,2022-03-30,0.1108467730352639,0.09515825821860846,0.09242214581220615,-0.05088118773165933,46
Dronten,Netherlands,Flevoland,52.53,5.72,temperate_arable,2022-03-14,2022-03-30,0.286372065654004,0.1894230820821844,0.16973070007414426,-0.0010833726128482001,63
Veendam,Netherlands,Groningen,53.1,6.87,temperate_arable,2022-03-14,2022-03-30,0.4417874224428816,0.22573172127913602,0.21624856630676195,-0.013765805963830128,62
Sneek,Netherlands,Friesland,53.03,5.65,temperate_dairy_pasture,2022-03-14,2022-03-30,0.45496497396309105,0.2647305336312049,0.24397622902713478,0.02041041921271369,64
Goes,Netherlands,Zeeland,51.5,3.9,temperate_arable,2022-03-14,2022-03-30,0.2188422106049693,0.15040490600508544,0.1361814007116419,-0.05897285669000204,62
Uden,Netherlands,Noord-Brabant,51.66,5.62,temperate_dairy_pasture,2022-03-14,2022-03-30,0.4883707557778259,0.3124492211745024,0.2845334154200665,0.08753544277528448,62
Tiel,Netherlands,Gelderland,51.9,5.6,temperate_horticulture,2022-03-14,2022-03-30,-0.26937009345903257,-0.05044945994845421,-0.05001588183260117,0.21532336269825644,60
Almelo,Netherlands,Overijssel,52.35,6.6,temperate_dairy_pasture,2022-03-14,2022-03-30,0.7780073158647103,0.6509073773284941,0.5671233488672143,0.3053517202116319,62
Venlo,Netherlands,Limburg,51.37,6.17,temperate_horticulture,2022-03-14,2022-03-30,0.16068767048822447,0.061005095928192435,0.06122695847770252,-0.17402801663497863,58
Wieringermeer,Netherlands,Noord-Holland,52.85,5,temperate_arable,2022-03-14,2022-03-30,0.08617538673143461,0.08265787627332755,0.06612995713034318,-0.08945889072394239,62
Emmen,Netherlands,Drenthe,52.75,6.85,temperate_arable,2022-03-14,2022-03-30,0.6957714206350961,0.4771727409539625,0.43797559425789356,0.22998234973446854,59
Bunnik,Netherlands,Utrecht,52.05,5.2,temperate_dairy_pasture,2022-03-14,2022-03-30,0.6755926196304868,0.4766268749965877,0.42981245699290155,0.1457970995683195,56
Alblasserdam,Netherlands,Zuid-Holland,51.87,4.67,temperate_dairy_pasture,2022-03-14,2022-03-30,0.30234244523814124,0.1668382419499487,0.15273530146510184,-0.018261188848964292,58
Ashburton,New Zealand,Canterbury,-43.9,171.75,maritime_arable,2022-03-14,2022-03-30,0.7168958101187544,0.31890682734846953,0.31776598787088434,0.27325924978827987,26
Hamilton,New Zealand,Waikato,-37.78,175.28,maritime_dairy_pasture,2022-03-14,2022-03-30,0.5285759157793107,0.26065713051407857,0.24572559100479816,0.13948526585978058,48
Gore,New Zealand,Southland,-46.1,168.95,maritime_dairy_pasture,2022-03-14,2022-03-30,0.25869259417028784,0.1467192772959152,0.14304241302109935,0.03329513297165827,54
PalmerstonN,New Zealand,Manawatu,-40.35,175.61,maritime_dairy_pasture,2022-03-14,2022-03-30,0.3093380005843996,0.19565354894963388,0.1719136209005117,-0.01318597755098441,48
Balclutha,New Zealand,Otago,-46.23,169.75,maritime_arable,2022-03-14,2022-03-30,0.3567284181439715,0.20642728975602087,0.18637048790718463,-0.010886639239955307,52
TePuke,New Zealand,BayOfPlenty,-37.78,176.32,maritime_horticulture,2022-03-14,2022-03-30,0.47603597139291814,0.3432177169234294,0.29375364252766334,0.14681279318236606,51
Kerikeri,New Zealand,Northland,-35.22,173.95,maritime_horticulture,2022-03-14,2022-03-30,0.8931462124276617,0.5192161802590621,0.4933781556758271,0.5487656389728134,47
Motueka,New Zealand,Tasman,-41.11,173,maritime_horticulture,2022-03-14,2022-03-30,0.8838054924894786,0.6314194369659566,0.5775112666457178,0.4227165821933804,51
Shakardara,Afghanistan,Kabul,34.65,69.03,highland_irrigated,2022-03-30,2022-04-15,0.12560172649759668,0.10634022283274287,0.10047908567743448,-0.07509167947378445,44
Kama,Afghanistan,Nangarhar,34.42,70.55,lowland_irrigated,2022-03-30,2022-04-15,0.6557212012767848,0.4346125760093108,0.40653059836843514,0.2973271040363221,47
Dawlatabad,Afghanistan,Balkh,36.85,66.85,plains_irrigated,2022-03-30,2022-04-15,0.4776321802977172,0.3986982531097247,0.35644553049513517,0.18730301005578534,50
Injil,Afghanistan,Herat,34.28,62.15,plains_irrigated,2022-03-30,2022-04-15,0.287498765034399,0.22667784792848,0.21105745803136722,0.11483630384389007,47
Arghandab,Afghanistan,Kandahar,31.72,65.65,arid_irrigated,2022-03-30,2022-04-15,0.39849711689814343,0.3339500052583604,0.30176463955182176,0.17509212669983432,47
Khanabad,Afghanistan,Kunduz,36.65,68.95,plains_irrigated,2022-03-30,2022-04-15,0.17440989085141462,0.16325332348890884,0.14745996603832773,-0.018468770928004176,44
Faizabad,Afghanistan,Badakhshan,37.1,70.55,highland_rainfed,2022-03-30,2022-04-15,0.2611814726618536,0.192385568463041,0.17655770674304247,0.03934662608473215,49
NadAli,Afghanistan,Helmand,31.55,64.25,arid_irrigated,2022-03-30,2022-04-15,0.42669501800056736,0.3752549572480217,0.32870616131113967,0.1864903493857484,46
GhazniCity,Afghanistan,Ghazni,33.55,68.42,highland_rainfed,2022-03-30,2022-04-15,0.09916112452559982,0.09631029163592501,0.07808566891228011,-0.06565844526861087,46
Maimana,Afghanistan,Faryab,35.92,64.78,plains_rainfed,2022-03-30,2022-04-15,0.24678148707966185,0.18732611714581265,0.1681683624196729,0.009465211080940613,48
Chaghcharan,Afghanistan,Ghor,34.52,65.25,highland_rainfed,2022-03-30,2022-04-15,0.12124308375872005,0.10824200128516334,0.10049357503679154,-0.05544693223643583,47
Zaranj,Afghanistan,Nimroz,31,61.87,arid_irrigated,2022-03-30,2022-04-15,0.11964212091470877,0.10850328164675012,0.10083635871258934,-0.06903217258918883,46
Dronten,Netherlands,Flevoland,52.53,5.72,temperate_arable,2022-03-30,2022-04-15,0.2987658316584694,0.2167342606823099,0.19631893980359555,0.04587946363362987,63
Veendam,Netherlands,Groningen,53.1,6.87,temperate_arable,2022-03-30,2022-04-15,0.46308179195935206,0.2699712193722643,0.251457318149189,0.06997162003298109,62
Uden,Netherlands,Noord-Brabant,51.66,5.62,temperate_dairy_pasture,2022-03-30,2022-04-15,0.4773600567344248,0.3708772167509333,0.3160247328808001,0.1753850602323322,62
Tiel,Netherlands,Gelderland,51.9,5.6,temperate_horticulture,2022-03-30,2022-04-15,0.05311709250599176,0.027558244917845337,0.024393884530957262,0.25125299058039474,60
Almelo,Netherlands,Overijssel,52.35,6.6,temperate_dairy_pasture,2022-03-30,2022-04-15,0.7035290057987792,0.8704646517278338,0.5994959194848534,0.37497808919033054,62
Venlo,Netherlands,Limburg,51.37,6.17,temperate_horticulture,2022-03-30,2022-04-15,0.18569465173814273,0.07800858916275297,0.0771276718906275,-0.15608103010652305,58
Wieringermeer,Netherlands,Noord-Holland,52.85,5,temperate_arable,2022-03-30,2022-04-15,0.1270208861421998,0.07481561813960447,0.07222856698366462,-0.01681533272620865,62
Emmen,Netherlands,Drenthe,52.75,6.85,temperate_arable,2022-03-30,2022-04-15,0.7711998591003724,0.6813256968465287,0.5809928964205161,0.39111582884541135,59
Alblasserdam,Netherlands,Zuid-Holland,51.87,4.67,temperate_dairy_pasture,2022-03-30,2022-04-15,0.31386481060552085,0.17759194055929337,0.16553816531829896,0.0010867671972320725,58
Ashburton,New Zealand,Canterbury,-43.9,171.75,maritime_arable,2022-03-30,2022-04-15,0.8195488045769417,0.29996984295870865,0.31610839225006493,0.3175157344395536,53
Hamilton,New Zealand,Waikato,-37.78,175.28,maritime_dairy_pasture,2022-03-30,2022-04-15,0.5470596470368577,0.25068897826051517,0.24659959992778738,0.13701077580504714,48
Gore,New Zealand,Southland,-46.1,168.95,maritime_dairy_pasture,2022-03-30,2022-04-15,0.35347174127658065,0.1121939905181821,0.09847181390141646,0.08994853544828896,54
Hastings,New Zealand,HawkesBay,-39.64,176.84,maritime_horticulture,2022-03-30,2022-04-15,0.07815704054394448,0.027952141790413707,0.036812690845856665,-0.06989739358323824,49
TePuke,New Zealand,BayOfPlenty,-37.78,176.32,maritime_horticulture,2022-03-30,2022-04-15,0.4888550447042882,0.3201602403485193,0.28036938037132375,0.12983739645332845,51
Stratford,New Zealand,Taranaki,-39.34,174.28,maritime_dairy_pasture,2022-03-30,2022-04-15,0.5089907110635893,0.35347372180500186,0.31603592161056693,0.047714427125080956,50
Blenheim,New Zealand,Marlborough,-41.51,173.96,maritime_horticulture,2022-03-30,2022-04-15,0.20037631730275665,0.1178277373145593,0.10402377689759733,-0.03095316050231327,51
Masterton,New Zealand,Wairarapa,-40.96,175.66,maritime_arable,2022-03-30,2022-04-15,0.5946725432829312,0.38768970446719164,0.3497068783861524,0.14609071567422965,51
Kerikeri,New Zealand,Northland,-35.22,173.95,maritime_horticulture,2022-03-30,2022-04-15,0.8889774195781666,0.5666864071786469,0.5305800434990461,0.5485727930639362,47
Motueka,New Zealand,Tasman,-41.11,173,maritime_horticulture,2022-03-30,2022-04-15,0.7094236666282739,0.4850951620040797,0.4540818998158206,0.19155337528850802,51
Shakardara,Afghanistan,Kabul,34.65,69.03,highland_irrigated,2022-04-15,2022-05-01,0.1223533150707972,0.1023642893777369,0.09763975565445324,-0.07739610743599605,44
Kama,Afghanistan,Nangarhar,34.42,70.55,lowland_irrigated,2022-04-15,2022-05-01,0.621689338197435,0.3740467813679839,0.37463564798810595,0.24114509104693782,47
Dawlatabad,Afghanistan,Balkh,36.85,66.85,plains_irrigated,2022-04-15,2022-05-01,0.5331368226076424,0.34329739775908746,0.35724143697844346,0.1360075471436194,50
Injil,Afghanistan,Herat,34.28,62.15,plains_irrigated,2022-04-15,2022-05-01,0.2861429952806876,0.2200057051390543,0.20696308853143605,0.12444894293248021,47
Arghandab,Afghanistan,Kandahar,31.72,65.65,arid_irrigated,2022-04-15,2022-05-01,0.21262542404054158,0.1622156254187999,0.16622461084837833,0.0033928816114741993,47
Khanabad,Afghanistan,Kunduz,36.65,68.95,plains_irrigated,2022-04-15,2022-05-01,0.1439050188884407,0.13057745630249337,0.12107559235950109,-0.05414351818684435,44
Faizabad,Afghanistan,Badakhshan,37.1,70.55,highland_rainfed,2022-04-15,2022-05-01,0.35985188039235155,0.2428873344524262,0.24187698318058543,0.11851952494905531,49
NadAli,Afghanistan,Helmand,31.55,64.25,arid_irrigated,2022-04-15,2022-05-01,0.41507898598375614,0.32036933564928444,0.3122743720981721,0.149996349771243,46
GhazniCity,Afghanistan,Ghazni,33.55,68.42,highland_rainfed,2022-04-15,2022-05-01,0.10974253531085235,0.10524139806696135,0.08570243810614724,-0.05620059407505472,46
Maimana,Afghanistan,Faryab,35.92,64.78,plains_rainfed,2022-04-15,2022-05-01,0.265616544284277,0.18403150970349408,0.17449146049697786,-0.019713516767591515,48
Chaghcharan,Afghanistan,Ghor,34.52,65.25,highland_rainfed,2022-04-15,2022-05-01,0.1723720702149623,0.1412568616546656,0.13160456303991072,-0.014704870777196021,47
Zaranj,Afghanistan,Nimroz,31,61.87,arid_irrigated,2022-04-15,2022-05-01,0.12273072361108117,0.11194154724387674,0.10446322544750432,-0.06915380762107949,46
Dronten,Netherlands,Flevoland,52.53,5.72,temperate_arable,2022-04-15,2022-05-01,0.28525457559921136,0.1992327267915375,0.1787795059343581,0.010510298039579343,63
Veendam,Netherlands,Groningen,53.1,6.87,temperate_arable,2022-04-15,2022-05-01,0.4687908467439332,0.2559327597217611,0.2454384783179497,0.00552098090767446,62
Sneek,Netherlands,Friesland,53.03,5.65,temperate_dairy_pasture,2022-04-15,2022-05-01,0.5427620725446267,0.34147671471022856,0.31705594606962484,0.0974633349302601,64
Uden,Netherlands,Noord-Brabant,51.66,5.62,temperate_dairy_pasture,2022-04-15,2022-05-01,0.5649983704139317,0.3543601099760872,0.33401078076642293,0.14468766576684036,62
Tiel,Netherlands,Gelderland,51.9,5.6,temperate_horticulture,2022-04-15,2022-05-01,-0.4237526091806185,-0.07204977798554558,-0.07852818913366481,0.38196247107304465,60
Almelo,Netherlands,Overijssel,52.35,6.6,temperate_dairy_pasture,2022-04-15,2022-05-01,0.8669226576995156,0.7729030810922347,0.6637756474637815,0.4498564336327706,62
Venlo,Netherlands,Limburg,51.37,6.17,temperate_horticulture,2022-04-15,2022-05-01,0.20434052410824444,0.084344781373994,0.08371436917807468,-0.13874612021896476,58
Wieringermeer,Netherlands,Noord-Holland,52.85,5,temperate_arable,2022-04-15,2022-05-01,0.10442251486284776,0.0935616773015475,0.07876110182354747,-0.08245843263334626,62
Emmen,Netherlands,Drenthe,52.75,6.85,temperate_arable,2022-04-15,2022-05-01,0.806696277351651,0.5925029292261709,0.5303065153269341,0.385782240906954,59
Bunnik,Netherlands,Utrecht,52.05,5.2,temperate_dairy_pasture,2022-04-15,2022-05-01,0.8329097439838554,0.6906406344609847,0.603295508084147,0.3635892957926494,56
Alblasserdam,Netherlands,Zuid-Holland,51.87,4.67,temperate_dairy_pasture,2022-04-15,2022-05-01,0.3346336682358339,0.19361821660705059,0.17955132758638243,0.008216070500151641,58
Ashburton,New Zealand,Canterbury,-43.9,171.75,maritime_arable,2022-04-15,2022-05-01,0.8051191138638746,0.28008950415367895,0.2985065043697802,0.3129710965552371,53
Hamilton,New Zealand,Waikato,-37.78,175.28,maritime_dairy_pasture,2022-04-15,2022-05-01,0.5689989310927385,0.2514374375229388,0.24785502566865708,0.10870437435560099,48
Gore,New Zealand,Southland,-46.1,168.95,maritime_dairy_pasture,2022-04-15,2022-05-01,0.3326915267578954,0.18285919105145515,0.173911775053036,0.1318051551548393,54
PalmerstonN,New Zealand,Manawatu,-40.35,175.61,maritime_dairy_pasture,2022-04-15,2022-05-01,0.3434320605813733,0.21463340700351455,0.19650111148677205,0.01280796227404474,48
Hastings,New Zealand,HawkesBay,-39.64,176.84,maritime_horticulture,2022-04-15,2022-05-01,0.09137022373763637,0.04072599268323215,0.04308599712626154,-0.064689348522753,49
Balclutha,New Zealand,Otago,-46.23,169.75,maritime_arable,2022-04-15,2022-05-01,0.38668119994807953,0.2191166700033019,0.19649808014322676,0.04504806018432659,52
TePuke,New Zealand,BayOfPlenty,-37.78,176.32,maritime_horticulture,2022-04-15,2022-05-01,0.5422130837267635,0.3110015059263901,0.28922125780175956,0.15460976013814132,51
Stratford,New Zealand,Taranaki,-39.34,174.28,maritime_dairy_pasture,2022-04-15,2022-05-01,0.5247686920064788,0.36325628019362977,0.31510334753088187,0.11287834386225827,50
Blenheim,New Zealand,Marlborough,-41.51,173.96,maritime_horticulture,2022-04-15,2022-05-01,0.186372413344142,0.11564649604043724,0.1016787807658107,-0.04327027580024192,51
Masterton,New Zealand,Wairarapa,-40.96,175.66,maritime_arable,2022-04-15,2022-05-01,0.5772991587785707,0.36200150812430776,0.334477018929257,0.131913449300292,51
Motueka,New Zealand,Tasman,-41.11,173,maritime_horticulture,2022-04-15,2022-05-01,0.6489589477716279,0.3728853766083495,0.32759279469713803,0.2265402189352227,51
Shakardara,Afghanistan,Kabul,34.65,69.03,highland_irrigated,2022-05-01,2022-05-17,0.10442474987104462,0.08961057364267429,0.0854570103020895,-0.08093235733583211,44
Kama,Afghanistan,Nangarhar,34.42,70.55,lowland_irrigated,2022-05-01,2022-05-17,0.5706809586498731,0.3626847089273331,0.35482295644402534,0.16285498168686421,47
Injil,Afghanistan,Herat,34.28,62.15,plains_irrigated,2022-05-01,2022-05-17,0.24766466544259952,0.18161746300198453,0.17466466825634688,0.08480021796321956,47
Arghandab,Afghanistan,Kandahar,31.72,65.65,arid_irrigated,2022-05-01,2022-05-17,0.15604337746484553,0.12325939418200303,0.12954807937329488,-0.024806242741838833,47
Khanabad,Afghanistan,Kunduz,36.65,68.95,plains_irrigated,2022-05-01,2022-05-17,0.11498745605550546,0.10448236161329777,0.09817586206256883,-0.08767821336342628,44
Faizabad,Afghanistan,Badakhshan,37.1,70.55,highland_rainfed,2022-05-01,2022-05-17,0.3590215521542905,0.2599473447096012,0.2498533617886829,0.13159772636058323,49
NadAli,Afghanistan,Helmand,31.55,64.25,arid_irrigated,2022-05-01,2022-05-17,0.23668474411519613,0.1727268258235503,0.18010895737466473,0.01882332223699664,46
GhazniCity,Afghanistan,Ghazni,33.55,68.42,highland_rainfed,2022-05-01,2022-05-17,0.09774060126520721,0.0977405919316311,0.07757878141143924,-0.062038783913312114,46
Maimana,Afghanistan,Faryab,35.92,64.78,plains_rainfed,2022-05-01,2022-05-17,0.26768733268500844,0.18368269860988473,0.18104492655495635,-0.023679767285221393,48
Chaghcharan,Afghanistan,Ghor,34.52,65.25,highland_rainfed,2022-05-01,2022-05-17,0.18978325340480143,0.1804259344916351,0.16717480385174985,-0.02175022078161878,47
Zaranj,Afghanistan,Nimroz,31,61.87,arid_irrigated,2022-05-01,2022-05-17,0.13880317313052723,0.12677172421227284,0.11943896936388042,-0.05220365734729264,46
Dronten,Netherlands,Flevoland,52.53,5.72,temperate_arable,2022-05-01,2022-05-17,0.2548469369693563,0.1888237847656178,0.15957594051084603,-0.01633143494517442,63
Veendam,Netherlands,Groningen,53.1,6.87,temperate_arable,2022-05-01,2022-05-17,0.5228262297924443,0.33265559734634215,0.30360764491419895,0.0629840213720045,62
Sneek,Netherlands,Friesland,53.03,5.65,temperate_dairy_pasture,2022-05-01,2022-05-17,0.5670655535499981,0.41266939784222917,0.35917804577300005,0.13811700789967454,64
Goes,Netherlands,Zeeland,51.5,3.9,temperate_arable,2022-05-01,2022-05-17,0.27125739109038044,0.21415119928946702,0.18638964013142212,-0.006885345891193892,62
Uden,Netherlands,Noord-Brabant,51.66,5.62,temperate_dairy_pasture,2022-05-01,2022-05-17,0.5943836740795313,0.4330741375051022,0.3711825986572229,0.1860240578352282,62
Tiel,Netherlands,Gelderland,51.9,5.6,temperate_horticulture,2022-05-01,2022-05-17,-0.15494884948487728,-0.026112471723981002,-0.025459802562207322,0.3141652278284461,60
Almelo,Netherlands,Overijssel,52.35,6.6,temperate_dairy_pasture,2022-05-01,2022-05-17,0.8390061188080947,0.8015665115778514,0.6635512604292639,0.43862151523935605,62
Venlo,Netherlands,Limburg,51.37,6.17,temperate_horticulture,2022-05-01,2022-05-17,0.20432880236374698,0.12046664330045123,0.10222649679238235,-0.10313772175084157,58
Wieringermeer,Netherlands,Noord-Holland,52.85,5,temperate_arable,2022-05-01,2022-05-17,0.13734446334870132,0.10062063716435207,0.09148211251740936,-0.0899391168829001,62
Emmen,Netherlands,Drenthe,52.75,6.85,temperate_arable,2022-05-01,2022-05-17,0.7801150089635329,0.6611523070132427,0.5490838166218793,0.41830368631793474,59
Bunnik,Netherlands,Utrecht,52.05,5.2,temperate_dairy_pasture,2022-05-01,2022-05-17,0.8667668747612315,0.8126126702768672,0.6710509571423133,0.4349540546022968,56
Alblasserdam,Netherlands,Zuid-Holland,51.87,4.67,temperate_dairy_pasture,2022-05-01,2022-05-17,0.33069731347940645,0.21429673512838632,0.18838510015060167,0.02309573643325125,58
Ashburton,New Zealand,Canterbury,-43.9,171.75,maritime_arable,2022-05-01,2022-05-17,0.14365734703133332,0.19893685713946951,0.10767912321844739,0.027381304957544407,53
Hamilton,New Zealand,Waikato,-37.78,175.28,maritime_dairy_pasture,2022-05-01,2022-05-17,0.5459064854470456,0.24235403501818334,0.2389824768058565,0.14873431319938665,48
Gore,New Zealand,Southland,-46.1,168.95,maritime_dairy_pasture,2022-05-01,2022-05-17,0.4225402874269073,0.2161213905774258,0.2133999970374591,0.16079026949035094,54
Balclutha,New Zealand,Otago,-46.23,169.75,maritime_arable,2022-05-01,2022-05-17,0.4528142461306851,0.13644283902069385,0.13781210141298372,0.045141999890879796,52
TePuke,New Zealand,BayOfPlenty,-37.78,176.32,maritime_horticulture,2022-05-01,2022-05-17,0.5227531261190188,0.3048428378531127,0.2762496317053259,0.15978666704071534,51
Stratford,New Zealand,Taranaki,-39.34,174.28,maritime_dairy_pasture,2022-05-01,2022-05-17,0.5148485397041107,0.6058179616354069,0.4278206808130401,0.2138520620376268,50
Blenheim,New Zealand,Marlborough,-41.51,173.96,maritime_horticulture,2022-05-01,2022-05-17,0.1945613152930498,0.1303937194606146,0.11163219475166027,-0.024631815129789122,51
Masterton,New Zealand,Wairarapa,-40.96,175.66,maritime_arable,2022-05-01,2022-05-17,0.5839894443557724,0.3503220894791475,0.3298969634821711,0.1303423798194763,51
Kerikeri,New Zealand,Northland,-35.22,173.95,maritime_horticulture,2022-05-01,2022-05-17,0.9083313500447259,0.5370697796337871,0.5089315305707074,0.5671377443766473,47
Motueka,New Zealand,Tasman,-41.11,173,maritime_horticulture,2022-05-01,2022-05-17,0.47854077615480256,0.3627943285696014,0.26737948677854156,0.2179406984921876,45
Shakardara,Afghanistan,Kabul,34.65,69.03,highland_irrigated,2022-05-17,2022-06-02,0.1185696859179842,0.10475879243510142,0.09864600448218454,-0.06576071617446697,44
Kama,Afghanistan,Nangarhar,34.42,70.55,lowland_irrigated,2022-05-17,2022-06-02,0.44085918466456786,0.3205963177730147,0.29383073076144534,0.13586643452363648,47
Dawlatabad,Afghanistan,Balkh,36.85,66.85,plains_irrigated,2022-05-17,2022-06-02,0.26886115354758355,0.18555378148187873,0.20012414773544254,0.007519330216694388,50
Injil,Afghanistan,Herat,34.28,62.15,plains_irrigated,2022-05-17,2022-06-02,0.1582824286245502,0.14370381125039536,0.13023929022564273,0.01511608546920248,47
Arghandab,Afghanistan,Kandahar,31.72,65.65,arid_irrigated,2022-05-17,2022-06-02,0.13018954013658635,0.1134497817434036,0.11109036471732134,-0.028666124205988096,47
Khanabad,Afghanistan,Kunduz,36.65,68.95,plains_irrigated,2022-05-17,2022-06-02,0.0836425991561398,0.07857093745599807,0.07327611117351088,-0.09063727405213708,44
Faizabad,Afghanistan,Badakhshan,37.1,70.55,highland_rainfed,2022-05-17,2022-06-02,0.3108770229254781,0.2257031612301706,0.21384496131523978,0.08019664701337624,49
NadAli,Afghanistan,Helmand,31.55,64.25,arid_irrigated,2022-05-17,2022-06-02,0.16770548271688063,0.1446849411850685,0.14309401026315283,-0.03877799356078257,46
GhazniCity,Afghanistan,Ghazni,33.55,68.42,highland_rainfed,2022-05-17,2022-06-02,0.09850337352432581,0.10225580738027484,0.08027624586333192,-0.05902191646535284,46
Maimana,Afghanistan,Faryab,35.92,64.78,plains_rainfed,2022-05-17,2022-06-02,0.2559999818239641,0.19575284483162747,0.18399663553098006,-0.019487148017906738,48
Chaghcharan,Afghanistan,Ghor,34.52,65.25,highland_rainfed,2022-05-17,2022-06-02,0.20891628327867928,0.19372218433946536,0.1747450655424466,0.013878396034979189,47
Zaranj,Afghanistan,Nimroz,31,61.87,arid_irrigated,2022-05-17,2022-06-02,0.14900864279795167,0.14955816151489248,0.13026007027021594,-0.029407611133161878,46
Dronten,Netherlands,Flevoland,52.53,5.72,temperate_arable,2022-05-17,2022-06-02,0.22789462959306056,0.18121820199313327,0.1442744636547296,-0.01449361227336012,63
Veendam,Netherlands,Groningen,53.1,6.87,temperate_arable,2022-05-17,2022-06-02,0.21590382526244234,0.41523377718012033,0.18084765208646814,0.08203711818607695,39
Sneek,Netherlands,Friesland,53.03,5.65,temperate_dairy_pasture,2022-05-17,2022-06-02,0.5649954037433182,0.4153461789697819,0.36348697017693404,0.15372496964332644,64
Uden,Netherlands,Noord-Brabant,51.66,5.62,temperate_dairy_pasture,2022-05-17,2022-06-02,0.5619525557617219,0.5047271980587781,0.39365535410337527,0.21032884822972514,8
Tiel,Netherlands,Gelderland,51.9,5.6,temperate_horticulture,2022-05-17,2022-06-02,-0.08009389420417516,-0.01824353104984429,-0.017962862779116795,0.10926125460379832,13
Almelo,Netherlands,Overijssel,52.35,6.6,temperate_dairy_pasture,2022-05-17,2022-06-02,0.7942095690878899,0.7756163495169794,0.6255084784346411,0.3280646581933132,62
Venlo,Netherlands,Limburg,51.37,6.17,temperate_horticulture,2022-05-17,2022-06-02,0.1908096312530581,0.09646241703820499,0.08866029170685252,-0.14194720231704136,58
Alblasserdam,Netherlands,Zuid-Holland,51.87,4.67,temperate_dairy_pasture,2022-05-17,2022-06-02,0.35810304650362285,0.25476872304786696,0.21829091689216323,0.056968941577978056,58
Ashburton,New Zealand,Canterbury,-43.9,171.75,maritime_arable,2022-05-17,2022-06-02,0.7140533481701058,0.2532423199311736,0.2672174222575952,0.2804753619308753,53
Hamilton,New Zealand,Waikato,-37.78,175.28,maritime_dairy_pasture,2022-05-17,2022-06-02,0.5745659956236031,0.24067568176636758,0.24264870282217976,0.14127534625016608,48
Gore,New Zealand,Southland,-46.1,168.95,maritime_dairy_pasture,2022-05-17,2022-06-02,0.0479507879965223,0.08723295601649861,0.08493144411195591,-0.0015043062928447619,54
PalmerstonN,New Zealand,Manawatu,-40.35,175.61,maritime_dairy_pasture,2022-05-17,2022-06-02,0.32766158097898285,0.19803494107272737,0.1621196216135864,0.11829823262467469,48
Hastings,New Zealand,HawkesBay,-39.64,176.84,maritime_horticulture,2022-05-17,2022-06-02,0.06864729892667429,0.025802405025929714,0.02737526157864061,-0.07410277701337785,49
Balclutha,New Zealand,Otago,-46.23,169.75,maritime_arable,2022-05-17,2022-06-02,0.43278132213438436,0.20612137583155857,0.19197062069779103,0.08240338971706598,52
TePuke,New Zealand,BayOfPlenty,-37.78,176.32,maritime_horticulture,2022-05-17,2022-06-02,0.5270113150614227,0.22877102734010932,0.2156362667156452,0.18906765646934293,51
Blenheim,New Zealand,Marlborough,-41.51,173.96,maritime_horticulture,2022-05-17,2022-06-02,0.19739188569018226,0.10949002377695298,0.10140167831799277,-0.025602436471095762,51
Masterton,New Zealand,Wairarapa,-40.96,175.66,maritime_arable,2022-05-17,2022-06-02,0.6076129862518318,0.40073462014143396,0.3615148879810678,0.17118179197768119,51
Kerikeri,New Zealand,Northland,-35.22,173.95,maritime_horticulture,2022-05-17,2022-06-02,0.8408164193737745,0.4176704430116773,0.40076673483240033,0.530791823827276,47
Motueka,New Zealand,Tasman,-41.11,173,maritime_horticulture,2022-05-17,2022-06-02,0.6854543147387073,0.47448203953895257,0.44125031088519273,0.27276025978221036,51
Shakardara,Afghanistan,Kabul,34.65,69.03,highland_irrigated,2022-06-02,2022-06-18,0.10367821094876117,0.089085578905211,0.08540624263397774,-0.0750321374962599,44
Kama,Afghanistan,Nangarhar,34.42,70.55,lowland_irrigated,2022-06-02,2022-06-18,0.448471175536851,0.2919987817092846,0.28392318312441917,0.19224046578236462,47
Dawlatabad,Afghanistan,Balkh,36.85,66.85,plains_irrigated,2022-06-02,2022-06-18,0.28485393086264393,0.2138102693386065,0.21700524862663204,0.015256087250246098,50
Injil,Afghanistan,Herat,34.28,62.15,plains_irrigated,2022-06-02,2022-06-18,0.15793916676894204,0.1459190402487559,0.13111393088534937,0.0025703448899849664,47
Arghandab,Afghanistan,Kandahar,31.72,65.65,arid_irrigated,2022-06-02,2022-06-18,0.11333239623530232,0.09747267457486858,0.09595793718821684,-0.0471742123699151,47
Khanabad,Afghanistan,Kunduz,36.65,68.95,plains_irrigated,2022-06-02,2022-06-18,0.0785673341434114,0.07335515961668766,0.0692619223944083,-0.09904285441672017,44
Faizabad,Afghanistan,Badakhshan,37.1,70.55,highland_rainfed,2022-06-02,2022-06-18,0.28616736847817736,0.21345568301435006,0.2020938696569756,0.06098697243952344,49
NadAli,Afghanistan,Helmand,31.55,64.25,arid_irrigated,2022-06-02,2022-06-18,0.1285866280260371,0.11783543802429956,0.11561827424948593,-0.05400316410018966,46
GhazniCity,Afghanistan,Ghazni,33.55,68.42,highland_rainfed,2022-06-02,2022-06-18,0.08684846502934873,0.08901575262349588,0.07032590168685382,-0.07015370303814789,46
Maimana,Afghanistan,Faryab,35.92,64.78,plains_rainfed,2022-06-02,2022-06-18,0.20846461560532717,0.17241288698515225,0.15629627822776604,-0.043904541961601574,48
Chaghcharan,Afghanistan,Ghor,34.52,65.25,highland_rainfed,2022-06-02,2022-06-18,0.20917708861833356,0.19526426820680878,0.17541372714637365,0.015193243144448743,47
Zaranj,Afghanistan,Nimroz,31,61.87,arid_irrigated,2022-06-02,2022-06-18,0.144782959238479,0.1394027386295274,0.12581566334265043,-0.04137290045012453,46
Dronten,Netherlands,Flevoland,52.53,5.72,temperate_arable,2022-06-02,2022-06-18,0.2458739539143294,0.17836784002976663,0.15526653109725247,-0.031008865750958344,63
Veendam,Netherlands,Groningen,53.1,6.87,temperate_arable,2022-06-02,2022-06-18,0.5962134811094641,0.4207181816021784,0.37532767381956633,0.146096485305013,62
Sneek,Netherlands,Friesland,53.03,5.65,temperate_dairy_pasture,2022-06-02,2022-06-18,0.5604943127810558,0.414866069650534,0.362806037179638,0.13010639899022733,64
Goes,Netherlands,Zeeland,51.5,3.9,temperate_arable,2022-06-02,2022-06-18,0.25845061228208616,0.2089909449417638,0.18024880528428303,0.005066753701024239,62
Uden,Netherlands,Noord-Brabant,51.66,5.62,temperate_dairy_pasture,2022-06-02,2022-06-18,0.5755963861833533,0.39765487131843774,0.3652965620972235,0.149969827237451,62
Tiel,Netherlands,Gelderland,51.9,5.6,temperate_horticulture,2022-06-02,2022-06-18,-0.19649372844380367,-0.027195749110332776,-0.02771654153798258,0.18496200601576512,60
Almelo,Netherlands,Overijssel,52.35,6.6,temperate_dairy_pasture,2022-06-02,2022-06-18,0.6853100907669899,0.5546982957225866,0.4830610025715604,0.18755599507194468,62
Venlo,Netherlands,Limburg,51.37,6.17,temperate_horticulture,2022-06-02,2022-06-18,0.19962901862070415,0.09027412938055263,0.0876847397384032,-0.16790667677545107,58
Wieringermeer,Netherlands,Noord-Holland,52.85,5,temperate_arable,2022-06-02,2022-06-18,0.8035308593935638,0.6916981619463741,0.5994643138135856,0.3728020423275597,62
Emmen,Netherlands,Drenthe,52.75,6.85,temperate_arable,2022-06-02,2022-06-18,0.8330349156224839,0.751452820282631,0.6311679334725662,0.49004820304243796,59
Bunnik,Netherlands,Utrecht,52.05,5.2,temperate_dairy_pasture,2022-06-02,2022-06-18,0.7666222641564172,0.6735336710069978,0.5691461122124832,0.18752892888141487,56
Alblasserdam,Netherlands,Zuid-Holland,51.87,4.67,temperate_dairy_pasture,2022-06-02,2022-06-18,0.3453809845250643,0.26964495457239995,0.22355160104627328,0.0699952694791257,58
Hamilton,New Zealand,Waikato,-37.78,175.28,maritime_dairy_pasture,2022-06-02,2022-06-18,0.49859377364623364,0.23962935231345028,0.23197159779421697,0.17973884216712085,48
Gore,New Zealand,Southland,-46.1,168.95,maritime_dairy_pasture,2022-06-02,2022-06-18,0.06198245866306384,0.08980496116513437,0.08705571998813619,-0.015167903575704699,54
PalmerstonN,New Zealand,Manawatu,-40.35,175.61,maritime_dairy_pasture,2022-06-02,2022-06-18,0.3645077640817841,0.2128766879951669,0.19937702039284605,0.03730249624927579,48
Hastings,New Zealand,HawkesBay,-39.64,176.84,maritime_horticulture,2022-06-02,2022-06-18,0.06763922314563821,0.0340428098917773,0.030285404913106637,-0.09775852355911054,49
Balclutha,New Zealand,Otago,-46.23,169.75,maritime_arable,2022-06-02,2022-06-18,0.38780352648333183,0.19214444339687636,0.17220923212310632,0.08070139676840551,52
TePuke,New Zealand,BayOfPlenty,-37.78,176.32,maritime_horticulture,2022-06-02,2022-06-18,0.5456548067435328,0.3415582664151479,0.2946327338696997,0.19547382095840402,51
Stratford,New Zealand,Taranaki,-39.34,174.28,maritime_dairy_pasture,2022-06-02,2022-06-18,0.5448012007134762,0.30437736714648383,0.27672013896810294,0.16943930221910192,50
Blenheim,New Zealand,Marlborough,-41.51,173.96,maritime_horticulture,2022-06-02,2022-06-18,0.19970431395507593,0.09293355501298312,0.08797273222967272,-0.009693182216166425,51
Masterton,New Zealand,Wairarapa,-40.96,175.66,maritime_arable,2022-06-02,2022-06-18,0.6222407562771103,0.34918224745742515,0.3338821417094472,0.171123092188341,51
Kerikeri,New Zealand,Northland,-35.22,173.95,maritime_horticulture,2022-06-02,2022-06-18,0.896904243797664,0.5339866674224093,0.5103122088686756,0.557778816240338,47
Motueka,New Zealand,Tasman,-41.11,173,maritime_horticulture,2022-06-02,2022-06-18,0.5819612549955941,0.3467212818670093,0.3381282137874914,0.2235115675360733,51
Shakardara,Afghanistan,Kabul,34.65,69.03,highland_irrigated,2022-06-18,2022-07-04,0.10719513672032278,0.094746266508813,0.08931645492121885,-0.07837919455776642,44
Kama,Afghanistan,Nangarhar,34.42,70.55,lowland_irrigated,2022-06-18,2022-07-04,0.6149716780237232,0.43357637294655144,0.40132980038485827,0.29709332035677927,47
Dawlatabad,Afghanistan,Balkh,36.85,66.85,plains_irrigated,2022-06-18,2022-07-04,0.17986148139010427,0.1638309155414553,0.1536350855231275,-0.03503751420066692,50
Injil,Afghanistan,Herat,34.28,62.15,plains_irrigated,2022-06-18,2022-07-04,0.1862543456050267,0.1693948351703116,0.15471332080266637,0.022405405922114003,47
Arghandab,Afghanistan,Kandahar,31.72,65.65,arid_irrigated,2022-06-18,2022-07-04,0.0968214510622027,0.08333639931299426,0.08153953238807717,-0.049738008384618344,47
Khanabad,Afghanistan,Kunduz,36.65,68.95,plains_irrigated,2022-06-18,2022-07-04,0.0755613517047998,0.0697539082667397,0.06599387912340048,-0.10746285621170625,44
Faizabad,Afghanistan,Badakhshan,37.1,70.55,highland_rainfed,2022-06-18,2022-07-04,0.3288097312147186,0.2249746951152473,0.22054745639092493,0.09812663432495661,49
NadAli,Afghanistan,Helmand,31.55,64.25,arid_irrigated,2022-06-18,2022-07-04,0.10726111753751985,0.10058164133346612,0.09792184785821118,-0.05031420391538084,46
GhazniCity,Afghanistan,Ghazni,33.55,68.42,highland_rainfed,2022-06-18,2022-07-04,0.09171075419382095,0.0963800500845175,0.07492023025506563,-0.061637883195785795,46
Maimana,Afghanistan,Faryab,35.92,64.78,plains_rainfed,2022-06-18,2022-07-04,0.2243829449643803,0.18305604605807696,0.16510624576272256,-0.022352090234381197,48
Chaghcharan,Afghanistan,Ghor,34.52,65.25,highland_rainfed,2022-06-18,2022-07-04,0.22080870342027867,0.20290377359830722,0.1823759579388182,0.016906511965990134,47
Zaranj,Afghanistan,Nimroz,31,61.87,arid_irrigated,2022-06-18,2022-07-04,0.14353973996561184,0.13751558731682678,0.12543076012864315,-0.04065739647391871,46
Dronten,Netherlands,Flevoland,52.53,5.72,temperate_arable,2022-06-18,2022-07-04,0.2511515143943402,0.19454190659215342,0.16257871202842103,-0.02096862725304366,63
Veendam,Netherlands,Groningen,53.1,6.87,temperate_arable,2022-06-18,2022-07-04,0.5916590139365092,0.5053094705479025,0.4128634341564596,0.15559401796522934,62
Sneek,Netherlands,Friesland,53.03,5.65,temperate_dairy_pasture,2022-06-18,2022-07-04,0.545502848487078,0.4354445523500707,0.36352680125588277,0.12643343054986833,64
Uden,Netherlands,Noord-Brabant,51.66,5.62,temperate_dairy_pasture,2022-06-18,2022-07-04,0.5629035345643553,0.43318881291090633,0.3662299890673243,0.1326003149104059,62
Tiel,Netherlands,Gelderland,51.9,5.6,temperate_horticulture,2022-06-18,2022-07-04,-0.22970561191928046,-0.04294262263246928,-0.04267393735527558,0.014642930288303685,60
Venlo,Netherlands,Limburg,51.37,6.17,temperate_horticulture,2022-06-18,2022-07-04,0.18576415797259657,0.09008883775329028,0.08387638011221836,-0.15534026405788445,58
Wieringermeer,Netherlands,Noord-Holland,52.85,5,temperate_arable,2022-06-18,2022-07-04,0.8648172749015606,0.8680826873335502,0.7173868894737494,0.4290768237545469,62
Bunnik,Netherlands,Utrecht,52.05,5.2,temperate_dairy_pasture,2022-06-18,2022-07-04,0.7669423752349465,0.6603621604156167,0.5597284055881679,0.24713965725258957,56
Alblasserdam,Netherlands,Zuid-Holland,51.87,4.67,temperate_dairy_pasture,2022-06-18,2022-07-04,0.3578971910793933,0.2880161789359102,0.23487718530575127,0.07303406149703835,58
Hamilton,New Zealand,Waikato,-37.78,175.28,maritime_dairy_pasture,2022-06-18,2022-07-04,0.5495823699761934,0.2133426889472163,0.21241412890809425,0.1822276967683339,48
Gore,New Zealand,Southland,-46.1,168.95,maritime_dairy_pasture,2022-06-18,2022-07-04,0.16566835246929842,0.11521404044557257,0.10995530684955913,0.14047556763923041,54
PalmerstonN,New Zealand,Manawatu,-40.35,175.61,maritime_dairy_pasture,2022-06-18,2022-07-04,0.4061161686678406,0.21005947686285062,0.20096462652083913,0.11836644115577943,48
Hastings,New Zealand,HawkesBay,-39.64,176.84,maritime_horticulture,2022-06-18,2022-07-04,0.08420262011387196,0.044532039439304616,0.03923547768541349,-0.04674862975162386,49
Balclutha,New Zealand,Otago,-46.23,169.75,maritime_arable,2022-06-18,2022-07-04,0.40745899543281683,0.21568782285976873,0.18127422525248924,0.06389846934101279,52
TePuke,New Zealand,BayOfPlenty,-37.78,176.32,maritime_horticulture,2022-06-18,2022-07-04,0.5242146173032753,0.26409453377117237,0.24575603464770018,0.15667820825134154,51
Stratford,New Zealand,Taranaki,-39.34,174.28,maritime_dairy_pasture,2022-06-18,2022-07-04,0.573564253080862,0.3589748812707312,0.34024468435776245,0.1678389418741334,50
Blenheim,New Zealand,Marlborough,-41.51,173.96,maritime_horticulture,2022-06-18,2022-07-04,0.1944854784991611,0.11020738131983811,0.09956494116093113,-0.004146878628291068,51
Masterton,New Zealand,Wairarapa,-40.96,175.66,maritime_arable,2022-06-18,2022-07-04,0.6219129123491673,0.36735041912278177,0.3465437826093314,0.19028833283517307,51
Kerikeri,New Zealand,Northland,-35.22,173.95,maritime_horticulture,2022-06-18,2022-07-04,0.8154755457416996,0.5119462003596742,0.4785542970039281,0.49161284160032703,47
Motueka,New Zealand,Tasman,-41.11,173,maritime_horticulture,2022-06-18,2022-07-04,0.5667714487825015,0.35188556506424945,0.3338129577992197,0.17776780977519338,51
Shakardara,Afghanistan,Kabul,34.65,69.03,highland_irrigated,2022-07-04,2022-07-20,0.09106134496679054,0.0845731024477884,0.07677043241987026,-0.08701468098772089,44
Kama,Afghanistan,Nangarhar,34.42,70.55,lowland_irrigated,2022-07-04,2022-07-20,0.738582545606367,0.5253784021495794,0.4892030946264377,0.33305217235870543,47
Dawlatabad,Afghanistan,Balkh,36.85,66.85,plains_irrigated,2022-07-04,2022-07-20,0.13932866742416444,0.13696551298511034,0.12433185494779667,-0.026670692477369414,50
Injil,Afghanistan,Herat,34.28,62.15,plains_irrigated,2022-07-04,2022-07-20,0.21951836649691117,0.19978136303884372,0.18011220521192833,0.043509382555853744,47
Arghandab,Afghanistan,Kandahar,31.72,65.65,arid_irrigated,2022-07-04,2022-07-20,0.13864733215442301,0.11750477841009252,0.1133463833318422,-0.032564820176319204,47
Khanabad,Afghanistan,Kunduz,36.65,68.95,plains_irrigated,2022-07-04,2022-07-20,0.07368963071071416,0.06881634282970715,0.06513849942880377,-0.10485350977790228,44
Faizabad,Afghanistan,Badakhshan,37.1,70.55,highland_rainfed,2022-07-04,2022-07-20,0.2471362369166888,0.19154473324987945,0.17542321724455717,0.07554009264814288,49
NadAli,Afghanistan,Helmand,31.55,64.25,arid_irrigated,2022-07-04,2022-07-20,0.09407530410076259,0.08808737488087093,0.08517832302128515,-0.05942247265535617,46
GhazniCity,Afghanistan,Ghazni,33.55,68.42,highland_rainfed,2022-07-04,2022-07-20,0.06358753828322251,0.06524089257302534,0.05120345454967671,-0.06641693918383369,46
Maimana,Afghanistan,Faryab,35.92,64.78,plains_rainfed,2022-07-04,2022-07-20,0.23466825714473247,0.1844033756310531,0.1718545332904909,-0.026017295204006075,48
Chaghcharan,Afghanistan,Ghor,34.52,65.25,highland_rainfed,2022-07-04,2022-07-20,0.23284171084607128,0.21210446112355333,0.19028897613287712,0.017374403441823304,47
Zaranj,Afghanistan,Nimroz,31,61.87,arid_irrigated,2022-07-04,2022-07-20,0.1327251993796554,0.1293266730996318,0.11578563953363358,-0.043565370887170995,46
Dronten,Netherlands,Flevoland,52.53,5.72,temperate_arable,2022-07-04,2022-07-20,0.22810594767983697,0.1564457279827825,0.1385622514492566,-0.05465280045995161,63
Veendam,Netherlands,Groningen,53.1,6.87,temperate_arable,2022-07-04,2022-07-20,0.5769896890860287,0.40231013362449225,0.3570197092218948,0.149034494405606,62
Sneek,Netherlands,Friesland,53.03,5.65,temperate_dairy_pasture,2022-07-04,2022-07-20,0.5068792384721832,0.3607037053593744,0.3181837077750571,0.08939949413822681,64
Goes,Netherlands,Zeeland,51.5,3.9,temperate_arable,2022-07-04,2022-07-20,0.22998352128122398,0.16360133863127604,0.15035659777897736,-0.05446342190194258,62
Uden,Netherlands,Noord-Brabant,51.66,5.62,temperate_dairy_pasture,2022-07-04,2022-07-20,0.49082801204690374,0.2981567040995594,0.288549608504504,0.025113663590912987,62
Tiel,Netherlands,Gelderland,51.9,5.6,temperate_horticulture,2022-07-04,2022-07-20,0.02136902598863751,0.03977760768715019,0.02762073253492604,0.139029713303497,60
Almelo,Netherlands,Overijssel,52.35,6.6,temperate_dairy_pasture,2022-07-04,2022-07-20,0.8754600892991645,0.7599460336686139,0.6605146188734697,0.40277027758986567,62
Venlo,Netherlands,Limburg,51.37,6.17,temperate_horticulture,2022-07-04,2022-07-20,0.19763075749527617,0.09049878096616455,0.08768736795055174,-0.14406768521248386,58
Wieringermeer,Netherlands,Noord-Holland,52.85,5,temperate_arable,2022-07-04,2022-07-20,0.5393213874650741,0.5321710732283982,0.4180723384469559,0.15638845100727547,62
Emmen,Netherlands,Drenthe,52.75,6.85,temperate_arable,2022-07-04,2022-07-20,0.6322312155575547,0.5791955878181039,0.464863285013004,0.21895297506102432,59
Bunnik,Netherlands,Utrecht,52.05,5.2,temperate_dairy_pasture,2022-07-04,2022-07-20,0.7817971392141222,0.6683655494422737,0.5683478253124765,0.2825646055701846,56
Alblasserdam,Netherlands,Zuid-Holland,51.87,4.67,temperate_dairy_pasture,2022-07-04,2022-07-20,0.3518440191067344,0.24693674589787315,0.2152334074865108,0.05243383718411131,58
Ashburton,New Zealand,Canterbury,-43.9,171.75,maritime_arable,2022-07-04,2022-07-20,0.716779041996983,0.21794549949398306,0.23770307199550125,0.20121654158746938,53
Hamilton,New Zealand,Waikato,-37.78,175.28,maritime_dairy_pasture,2022-07-04,2022-07-20,0.5035263511877068,0.2945728526529486,0.27316719616737706,0.2186033573706032,15
Gore,New Zealand,Southland,-46.1,168.95,maritime_dairy_pasture,2022-07-04,2022-07-20,0.1348079340025156,0.12158713501564843,0.10850571851338554,0.1190747896043847,54
Hastings,New Zealand,HawkesBay,-39.64,176.84,maritime_horticulture,2022-07-04,2022-07-20,1,1.71941828976742,0.3650120980607361,-0.05854802578687668,1
Balclutha,New Zealand,Otago,-46.23,169.75,maritime_arable,2022-07-04,2022-07-20,0.3923373884817426,0.21242516149752833,0.19052601886659817,0.09942051708461834,52
Stratford,New Zealand,Taranaki,-39.34,174.28,maritime_dairy_pasture,2022-07-04,2022-07-20,0.5584495459735657,0.41871998724062337,0.35750134628725483,0.1901071450590526,50
Blenheim,New Zealand,Marlborough,-41.51,173.96,maritime_horticulture,2022-07-04,2022-07-20,0.19538526177744087,0.09516430110071089,0.09169092211041682,0.0038464901488674,51
Kerikeri,New Zealand,Northland,-35.22,173.95,maritime_horticulture,2022-07-04,2022-07-20,0.9103303428111602,0.5358809289460129,0.5142977962782745,0.565583710991965,47
Shakardara,Afghanistan,Kabul,34.65,69.03,highland_irrigated,2022-07-20,2022-08-05,0.09254625858470597,0.08288641513021781,0.07804692585971139,-0.08405134529957635,44
Kama,Afghanistan,Nangarhar,34.42,70.55,lowland_irrigated,2022-07-20,2022-08-05,0.6446084058255827,0.5138397374650409,0.4238314663607992,0.32046134337968873,47
Dawlatabad,Afghanistan,Balkh,36.85,66.85,plains_irrigated,2022-07-20,2022-08-05,0.11860504994232417,0.12414862334445326,0.1077701717553366,-0.01643663316213237,50
Injil,Afghanistan,Herat,34.28,62.15,plains_irrigated,2022-07-20,2022-08-05,0.1969580633908817,0.17727790218655035,0.1617582547461094,0.02290617876965046,47
Arghandab,Afghanistan,Kandahar,31.72,65.65,arid_irrigated,2022-07-20,2022-08-05,0.19767681465703626,0.15975631227970627,0.1558270773655911,-0.002501699103866258,47
Khanabad,Afghanistan,Kunduz,36.65,68.95,plains_irrigated,2022-07-20,2022-08-05,0.07330203389919784,0.07046579821038476,0.06415949448409272,-0.10608567907843444,44
Faizabad,Afghanistan,Badakhshan,37.1,70.55,highland_rainfed,2022-07-20,2022-08-05,0.24489248628083668,0.19484156694387317,0.17430454558631236,0.06908866611086385,49
NadAli,Afghanistan,Helmand,31.55,64.25,arid_irrigated,2022-07-20,2022-08-05,0.08069126377265848,0.07290274587730561,0.07346114007458217,-0.06983031686209142,46
GhazniCity,Afghanistan,Ghazni,33.55,68.42,highland_rainfed,2022-07-20,2022-08-05,0.07035727320188394,0.07188048293714659,0.05588497882171821,-0.06381215876382683,46
Maimana,Afghanistan,Faryab,35.92,64.78,plains_rainfed,2022-07-20,2022-08-05,0.1922697389936504,0.16074318553958686,0.1438093554670203,-0.044632698846934375,48
Chaghcharan,Afghanistan,Ghor,34.52,65.25,highland_rainfed,2022-07-20,2022-08-05,0.22313063419659682,0.19294566619138584,0.17805976425593684,0.005611495451921189,47
Zaranj,Afghanistan,Nimroz,31,61.87,arid_irrigated,2022-07-20,2022-08-05,0.1425691357482743,0.1357158455845032,0.12321347345267339,-0.045174526828182626,46
Dronten,Netherlands,Flevoland,52.53,5.72,temperate_arable,2022-07-20,2022-08-05,0.18447990500198364,0.11815356398195023,0.10764637230324642,-0.11317922119270334,63
Veendam,Netherlands,Groningen,53.1,6.87,temperate_arable,2022-07-20,2022-08-05,0.5974329466333619,0.433584846660979,0.37982680327282115,0.11007540972747785,62
Goes,Netherlands,Zeeland,51.5,3.9,temperate_arable,2022-07-20,2022-08-05,0.24224903364834477,0.17333045186678428,0.15677167136581505,-0.05437339374888143,62
Uden,Netherlands,Noord-Brabant,51.66,5.62,temperate_dairy_pasture,2022-07-20,2022-08-05,0.5008708957674314,0.2789064146848923,0.27232637166867474,0.0328117954487552,62
Tiel,Netherlands,Gelderland,51.9,5.6,temperate_horticulture,2022-07-20,2022-08-05,-0.1473957354291142,-0.026077042324890568,-0.02713870490904839,0.12831054148163148,60
Almelo,Netherlands,Overijssel,52.35,6.6,temperate_dairy_pasture,2022-07-20,2022-08-05,0.7791257160779548,0.6063449817001286,0.5441633835363275,0.21517848163358363,62
Venlo,Netherlands,Limburg,51.37,6.17,temperate_horticulture,2022-07-20,2022-08-05,0.19355051761708728,0.07764713707162431,0.07687994242128086,-0.19338504817752453,58
Wieringermeer,Netherlands,Noord-Holland,52.85,5,temperate_arable,2022-07-20,2022-08-05,0.33705286731822637,0.2839800168189949,0.2509808400099185,0.011782962729053447,62
Emmen,Netherlands,Drenthe,52.75,6.85,temperate_arable,2022-07-20,2022-08-05,0.8224400449488879,0.7463798072684117,0.622444594048145,0.35935509463394005,59
Bunnik,Netherlands,Utrecht,52.05,5.2,temperate_dairy_pasture,2022-07-20,2022-08-05,0.8006860137211712,0.5603418680760556,0.5113572561880275,0.22212834775237328,56
Alblasserdam,Netherlands,Zuid-Holland,51.87,4.67,temperate_dairy_pasture,2022-07-20,2022-08-05,0.3385709459828654,0.2036958365717326,0.18704486279831353,0.01786305903130097,58
Ashburton,New Zealand,Canterbury,-43.9,171.75,maritime_arable,2022-07-20,2022-08-05,0.7960521599457241,0.243982336952748,0.25475314799752335,0.27153375485196796,53
Hamilton,New Zealand,Waikato,-37.78,175.28,maritime_dairy_pasture,2022-07-20,2022-08-05,0.4984839118909049,0.2308407015958929,0.22354817674853736,0.23053562941165576,48
PalmerstonN,New Zealand,Manawatu,-40.35,175.61,maritime_dairy_pasture,2022-07-20,2022-08-05,0.34398723209405635,0.1902168690727502,0.16738495222817903,0.09103793765563208,48
Hastings,New Zealand,HawkesBay,-39.64,176.84,maritime_horticulture,2022-07-20,2022-08-05,0.0635620905751772,0.03340013619773544,0.03111826810199328,-0.06727763745469567,49
Balclutha,New Zealand,Otago,-46.23,169.75,maritime_arable,2022-07-20,2022-08-05,0.3677882982894432,0.2316769792005804,0.18842059085511667,0.12124573725578915,52
TePuke,New Zealand,BayOfPlenty,-37.78,176.32,maritime_horticulture,2022-07-20,2022-08-05,0.48783837458383394,0.30101015115903557,0.26603286782496016,0.17884438554599072,51
Blenheim,New Zealand,Marlborough,-41.51,173.96,maritime_horticulture,2022-07-20,2022-08-05,0.170601552761235,0.10653354979844641,0.09243240383159658,-0.03252445854750774,51
Masterton,New Zealand,Wairarapa,-40.96,175.66,maritime_arable,2022-07-20,2022-08-05,0.6385164598051196,0.32226321916296746,0.30478953073348714,0.19503576205822276,51
Kerikeri,New Zealand,Northland,-35.22,173.95,maritime_horticulture,2022-07-20,2022-08-05,0.8636229184043384,0.5515871418223491,0.5046326039045874,0.5476629050591815,47
Motueka,New Zealand,Tasman,-41.11,173,maritime_horticulture,2022-07-20,2022-08-05,0.5349647269054948,0.40983220722754293,0.3562162182447722,0.1543805624137076,49
Shakardara,Afghanistan,Kabul,34.65,69.03,highland_irrigated,2022-08-05,2022-08-21,0.10361033116641452,0.09289616646230897,0.08833262839642735,-0.07377696368978175,44
Kama,Afghanistan,Nangarhar,34.42,70.55,lowland_irrigated,2022-08-05,2022-08-21,0.6896615714985246,0.5211104443444337,0.454631987430851,0.298308811237897,47
Dawlatabad,Afghanistan,Balkh,36.85,66.85,plains_irrigated,2022-08-05,2022-08-21,0.14653618239314442,0.14507128898590008,0.12929917959875104,-0.011913677159843136,50
Injil,Afghanistan,Herat,34.28,62.15,plains_irrigated,2022-08-05,2022-08-21,0.21680001549906563,0.19114423398124966,0.17622767744091603,0.034667158007003714,47
Arghandab,Afghanistan,Kandahar,31.72,65.65,arid_irrigated,2022-08-05,2022-08-21,0.2089289933875489,0.17007137671217085,0.1632126016696257,-0.0005751987392560727,47
Khanabad,Afghanistan,Kunduz,36.65,68.95,plains_irrigated,2022-08-05,2022-08-21,0.06568901329225921,0.05952110864424333,0.05679842295154158,-0.12245003974212587,44
Faizabad,Afghanistan,Badakhshan,37.1,70.55,highland_rainfed,2022-08-05,2022-08-21,0.2639277913457383,0.20436349753330246,0.1853963533265005,0.08010086157195846,49
NadAli,Afghanistan,Helmand,31.55,64.25,arid_irrigated,2022-08-05,2022-08-21,0.0911717435352838,0.08115126289252234,0.08191178949111681,-0.06364825388700217,46
GhazniCity,Afghanistan,Ghazni,33.55,68.42,highland_rainfed,2022-08-05,2022-08-21,0.07565499413145763,0.07818316790523502,0.06119371506721923,-0.07407215013689757,46
Maimana,Afghanistan,Faryab,35.92,64.78,plains_rainfed,2022-08-05,2022-08-21,0.22008234928030895,0.16018872541167123,0.1516817492176386,-0.04311144491049218,48
Chaghcharan,Afghanistan,Ghor,34.52,65.25,highland_rainfed,2022-08-05,2022-08-21,0.19307625411163998,0.16750466035051953,0.1535783884319327,-0.014794918954712096,47
Zaranj,Afghanistan,Nimroz,31,61.87,arid_irrigated,2022-08-05,2022-08-21,0.11992850010228456,0.12212395522104648,0.10495467451194275,-0.0365689196577139,46
Dronten,Netherlands,Flevoland,52.53,5.72,temperate_arable,2022-08-05,2022-08-21,0.18005696608384145,0.11901705698974951,0.10617953776413351,-0.10920887266837241,63
Veendam,Netherlands,Groningen,53.1,6.87,temperate_arable,2022-08-05,2022-08-21,0.5901614140298012,0.36248362298619546,0.33722643962851606,0.10099260091172434,62
Sneek,Netherlands,Friesland,53.03,5.65,temperate_dairy_pasture,2022-08-05,2022-08-21,0.5252997629626222,0.33924292571639325,0.31210951340511933,0.06567846205346567,64
Goes,Netherlands,Zeeland,51.5,3.9,temperate_arable,2022-08-05,2022-08-21,0.22105032693117696,0.17328223524619277,0.14729888729526724,-0.04950646610693484,62
Uden,Netherlands,Noord-Brabant,51.66,5.62,temperate_dairy_pasture,2022-08-05,2022-08-21,0.4856695267053408,0.2773253166343091,0.27171960828092245,0.04863905322349003,62
Tiel,Netherlands,Gelderland,51.9,5.6,temperate_horticulture,2022-08-05,2022-08-21,-0.1679234334372704,-0.01086070517739267,-0.01944652880254164,0.07069514535739718,60
Almelo,Netherlands,Overijssel,52.35,6.6,temperate_dairy_pasture,2022-08-05,2022-08-21,0.692049495646194,0.4745999222642942,0.4381413689600314,0.10983568059363441,62
Venlo,Netherlands,Limburg,51.37,6.17,temperate_horticulture,2022-08-05,2022-08-21,0.18295498570670304,0.0815380517135431,0.07731901833823113,-0.1660928312117698,58
Wieringermeer,Netherlands,Noord-Holland,52.85,5,temperate_arable,2022-08-05,2022-08-21,0.1998143371041127,0.1425042479589868,0.13157732757626456,-0.09453128639880588,62
Emmen,Netherlands,Drenthe,52.75,6.85,temperate_arable,2022-08-05,2022-08-21,0.8749320288443571,0.7696983169450059,0.6417006720814945,0.387261339105287,59
Bunnik,Netherlands,Utrecht,52.05,5.2,temperate_dairy_pasture,2022-08-05,2022-08-21,0.6564554772567619,0.46364074910242886,0.41620584139319333,0.11359641691080272,56
Alblasserdam,Netherlands,Zuid-Holland,51.87,4.67,temperate_dairy_pasture,2022-08-05,2022-08-21,0.33596340673568126,0.21415545940805333,0.19106742183493336,0.024971265837264903,58
Ashburton,New Zealand,Canterbury,-43.9,171.75,maritime_arable,2022-08-05,2022-08-21,0.773454917754618,0.25233025387920915,0.2702546713017576,0.27596144264129757,53
Hamilton,New Zealand,Waikato,-37.78,175.28,maritime_dairy_pasture,2022-08-05,2022-08-21,0.524298720466854,0.22864158550407163,0.2254101277051904,0.18610363696640875,48
PalmerstonN,New Zealand,Manawatu,-40.35,175.61,maritime_dairy_pasture,2022-08-05,2022-08-21,0.35017019896280605,0.23709769801754377,0.21113710080017564,0.05874536437146052,48
Hastings,New Zealand,HawkesBay,-39.64,176.84,maritime_horticulture,2022-08-05,2022-08-21,0.07754734974752421,0.0391320935351211,0.03761250803848754,-0.06925577084259502,49
Balclutha,New Zealand,Otago,-46.23,169.75,maritime_arable,2022-08-05,2022-08-21,0.4226383923386881,0.23801765656423254,0.21182667478385353,0.08797038005646443,52
TePuke,New Zealand,BayOfPlenty,-37.78,176.32,maritime_horticulture,2022-08-05,2022-08-21,0.4902972841486639,0.2857160512384481,0.26659662131037676,0.13870861656564112,51
Stratford,New Zealand,Taranaki,-39.34,174.28,maritime_dairy_pasture,2022-08-05,2022-08-21,0.5222269246113711,0.3914340181235001,0.35133505831285117,0.08533203988018886,50
Blenheim,New Zealand,Marlborough,-41.51,173.96,maritime_horticulture,2022-08-05,2022-08-21,0.17049209090212242,0.09131222580336652,0.08613753961976497,-0.043558115788348124,51
Masterton,New Zealand,Wairarapa,-40.96,175.66,maritime_arable,2022-08-05,2022-08-21,0.6125478238915932,0.37904802444731306,0.3574466351157188,0.1876054757717401,51
Kerikeri,New Zealand,Northland,-35.22,173.95,maritime_horticulture,2022-08-05,2022-08-21,0.9096426891347208,0.5510805329911098,0.5222046212016278,0.5668365135208973,47
Motueka,New Zealand,Tasman,-41.11,173,maritime_horticulture,2022-08-05,2022-08-21,0.5716964420558482,0.3507713018583749,0.3369399992466098,0.1807821652520044,51
Shakardara,Afghanistan,Kabul,34.65,69.03,highland_irrigated,2022-08-21,2022-09-06,0.11752139776859219,0.10336044537399171,0.09696469015378234,-0.0671447286228135,44
Kama,Afghanistan,Nangarhar,34.42,70.55,lowland_irrigated,2022-08-21,2022-09-06,0.6886059354940774,0.46729015241348565,0.4321655029832928,0.24551521391933764,47
Dawlatabad,Afghanistan,Balkh,36.85,66.85,plains_irrigated,2022-08-21,2022-09-06,0.1571212504861653,0.1545626650200439,0.13905750881564566,0.0029141679610532995,50
Injil,Afghanistan,Herat,34.28,62.15,plains_irrigated,2022-08-21,2022-09-06,0.22777021594025604,0.19402117425237644,0.18065020020276104,0.04378258623004896,47
Arghandab,Afghanistan,Kandahar,31.72,65.65,arid_irrigated,2022-08-21,2022-09-06,0.2431155229512321,0.19243362696809604,0.18480761648158095,0.01659161735053513,47
Khanabad,Afghanistan,Kunduz,36.65,68.95,plains_irrigated,2022-08-21,2022-09-06,0.08316627168599115,0.07105851633455987,0.06896536752568108,-0.10339378773841147,44
Faizabad,Afghanistan,Badakhshan,37.1,70.55,highland_rainfed,2022-08-21,2022-09-06,0.2844440591702035,0.20439515729093405,0.19411346230695267,0.08935116784059549,49
NadAli,Afghanistan,Helmand,31.55,64.25,arid_irrigated,2022-08-21,2022-09-06,0.09972925639241491,0.08723290357779831,0.08802931025700371,-0.06144653997142147,46
GhazniCity,Afghanistan,Ghazni,33.55,68.42,highland_rainfed,2022-08-21,2022-09-06,0.07804927247425893,0.07963621383785735,0.061933072073505034,-0.04416996465956428,46
Maimana,Afghanistan,Faryab,35.92,64.78,plains_rainfed,2022-08-21,2022-09-06,0.22159208843797296,0.16171609173638093,0.15183915223561711,-0.020981372989914333,48
Chaghcharan,Afghanistan,Ghor,34.52,65.25,highland_rainfed,2022-08-21,2022-09-06,0.20537545775720448,0.17340594542833565,0.16019809362667098,0.0008885115929466004,47
Zaranj,Afghanistan,Nimroz,31,61.87,arid_irrigated,2022-08-21,2022-09-06,0.15364795869873915,0.14925838452694065,0.13384538276470867,-0.01593850014375838,46
Dronten,Netherlands,Flevoland,52.53,5.72,temperate_arable,2022-08-21,2022-09-06,0.19009114032564084,0.12014251290909032,0.11033008966648528,-0.10489237720011649,63
Veendam,Netherlands,Groningen,53.1,6.87,temperate_arable,2022-08-21,2022-09-06,0.5673679668671912,0.3448401710547991,0.3195799506011996,0.09686045884402493,62
Sneek,Netherlands,Friesland,53.03,5.65,temperate_dairy_pasture,2022-08-21,2022-09-06,0.5036281336995954,0.36738313831556657,0.31782544117266986,0.07792998058639061,64
Goes,Netherlands,Zeeland,51.5,3.9,temperate_arable,2022-08-21,2022-09-06,0.2466567496976335,0.17495224547369095,0.15542629017001053,-0.047907215756189156,62
Uden,Netherlands,Noord-Brabant,51.66,5.62,temperate_dairy_pasture,2022-08-21,2022-09-06,0.2959386246758333,0.19968474215299511,0.17135269209457613,0.026820875971062533,12
Tiel,Netherlands,Gelderland,51.9,5.6,temperate_horticulture,2022-08-21,2022-09-06,-0.3923544711312066,-0.07306599785637892,-0.07170334469689557,0.04859091193768254,14
Almelo,Netherlands,Overijssel,52.35,6.6,temperate_dairy_pasture,2022-08-21,2022-09-06,0.7229420536184965,0.47902825422736517,0.44731003992437723,0.10483541884472511,62
Venlo,Netherlands,Limburg,51.37,6.17,temperate_horticulture,2022-08-21,2022-09-06,0.17989844542801967,0.08136758632621365,0.0785304545401742,-0.15611011983618922,58
Emmen,Netherlands,Drenthe,52.75,6.85,temperate_arable,2022-08-21,2022-09-06,0.7744803348752272,0.5955879956586361,0.5365600845242617,0.2149100441805565,59
Bunnik,Netherlands,Utrecht,52.05,5.2,temperate_dairy_pasture,2022-08-21,2022-09-06,0.6673010826973487,0.4334162827038992,0.4020410096581345,0.06015418421853444,56
Alblasserdam,Netherlands,Zuid-Holland,51.87,4.67,temperate_dairy_pasture,2022-08-21,2022-09-06,0.33009395754690884,0.20119088190333992,0.17944014908823214,0.011766921607823378,58
Ashburton,New Zealand,Canterbury,-43.9,171.75,maritime_arable,2022-08-21,2022-09-06,0.7097630877624661,0.28657927723330756,0.29176996567624675,0.24350497351258749,53
Hamilton,New Zealand,Waikato,-37.78,175.28,maritime_dairy_pasture,2022-08-21,2022-09-06,0.43411613213976114,0.21902472960262034,0.2128645293460114,0.22709797251409444,48
Gore,New Zealand,Southland,-46.1,168.95,maritime_dairy_pasture,2022-08-21,2022-09-06,0.08555487958736459,0.0637541580446374,0.0642344745616388,0.286852678334753,54
PalmerstonN,New Zealand,Manawatu,-40.35,175.61,maritime_dairy_pasture,2022-08-21,2022-09-06,0.3001161823759155,0.1772333652847804,0.15177803640240017,0.12808294448759383,48
Hastings,New Zealand,HawkesBay,-39.64,176.84,maritime_horticulture,2022-08-21,2022-09-06,0.09392581860698651,0.05522124530562868,0.04872225022983769,-0.060462772219525875,49
Balclutha,New Zealand,Otago,-46.23,169.75,maritime_arable,2022-08-21,2022-09-06,0.4067468168213963,0.27031747153987606,0.223114618804505,0.12477771687667004,52
TePuke,New Zealand,BayOfPlenty,-37.78,176.32,maritime_horticulture,2022-08-21,2022-09-06,0.4641363637270444,0.36844785990348594,0.30108584165603525,0.13021503006256707,51
Stratford,New Zealand,Taranaki,-39.34,174.28,maritime_dairy_pasture,2022-08-21,2022-09-06,0.5402391773218601,0.4436320327656256,0.38205999760440856,0.1342160808537327,50
Blenheim,New Zealand,Marlborough,-41.51,173.96,maritime_horticulture,2022-08-21,2022-09-06,0.15568638012897637,0.09369269435440583,0.08366923291296006,-0.046674587990299304,51
Masterton,New Zealand,Wairarapa,-40.96,175.66,maritime_arable,2022-08-21,2022-09-06,0.49414841792830067,0.38034398194120483,0.28760002161175247,0.2482205853260968,51
Kerikeri,New Zealand,Northland,-35.22,173.95,maritime_horticulture,2022-08-21,2022-09-06,0.870958330355339,0.547152729746211,0.5106634293706834,0.5439862564867942,47
Motueka,New Zealand,Tasman,-41.11,173,maritime_horticulture,2022-08-21,2022-09-06,0.5548732642886404,0.3632891657333044,0.3433514422345332,0.14313736495834625,51
Shakardara,Afghanistan,Kabul,34.65,69.03,highland_irrigated,2022-09-06,2022-09-22,0.11823683086390153,0.10439074529233384,0.0963473850075355,-0.07927846243394143,44
Kama,Afghanistan,Nangarhar,34.42,70.55,lowland_irrigated,2022-09-06,2022-09-22,0.5749585763949575,0.390520473146944,0.36293401382551616,0.19339629303848255,47
Dawlatabad,Afghanistan,Balkh,36.85,66.85,plains_irrigated,2022-09-06,2022-09-22,0.15363804196280095,0.15188257629625979,0.13599111211406795,0.008741612264734867,50
Injil,Afghanistan,Herat,34.28,62.15,plains_irrigated,2022-09-06,2022-09-22,0.2153590410121586,0.1729833584721081,0.16472719202571648,0.03016532716933001,47
Arghandab,Afghanistan,Kandahar,31.72,65.65,arid_irrigated,2022-09-06,2022-09-22,0.24897437541788997,0.19812876864768186,0.1915399052012726,0.0343515976158594,47
Khanabad,Afghanistan,Kunduz,36.65,68.95,plains_irrigated,2022-09-06,2022-09-22,0.08129431093999408,0.07263058646341804,0.06711821675794456,-0.1022511126503697,44
Faizabad,Afghanistan,Badakhshan,37.1,70.55,highland_rainfed,2022-09-06,2022-09-22,0.26827887208770107,0.1870547911910154,0.17497578444535333,0.050522079737607056,49
NadAli,Afghanistan,Helmand,31.55,64.25,arid_irrigated,2022-09-06,2022-09-22,0.10007218789787438,0.08599238941141818,0.08790977524330561,-0.05835584712036845,46
GhazniCity,Afghanistan,Ghazni,33.55,68.42,highland_rainfed,2022-09-06,2022-09-22,0.08142118243673861,0.0804319206497492,0.06359916310462,-0.06568148620161635,46
Maimana,Afghanistan,Faryab,35.92,64.78,plains_rainfed,2022-09-06,2022-09-22,0.1982205237869924,0.14233825743428594,0.13418111939829164,-0.03632429641345273,48
Chaghcharan,Afghanistan,Ghor,34.52,65.25,highland_rainfed,2022-09-06,2022-09-22,0.19358359679049392,0.15710264366707752,0.14773064142066364,-0.014546084428884231,47
Zaranj,Afghanistan,Nimroz,31,61.87,arid_irrigated,2022-09-06,2022-09-22,0.15081347202995424,0.13982811615985036,0.12914009332140924,-0.035213081881398774,46
Dronten,Netherlands,Flevoland,52.53,5.72,temperate_arable,2022-09-06,2022-09-22,0.23473708511970626,0.17242245865107378,0.14539786871623953,-0.040942371009087895,63
Veendam,Netherlands,Groningen,53.1,6.87,temperate_arable,2022-09-06,2022-09-22,0.5686795007058922,0.3249778609909832,0.3018942294974912,0.12029169804567325,62
Sneek,Netherlands,Friesland,53.03,5.65,temperate_dairy_pasture,2022-09-06,2022-09-22,0.5428552041984112,0.3687085881514,0.3213357505952391,0.1316440239872485,64
Uden,Netherlands,Noord-Brabant,51.66,5.62,temperate_dairy_pasture,2022-09-06,2022-09-22,0.4402956402571612,0.23463135736577095,0.23251991687935997,0.02747781487855634,62
Tiel,Netherlands,Gelderland,51.9,5.6,temperate_horticulture,2022-09-06,2022-09-22,-0.14985101288251376,-0.030733545236788333,-0.031142860595459773,0.10581713043585643,60
Almelo,Netherlands,Overijssel,52.35,6.6,temperate_dairy_pasture,2022-09-06,2022-09-22,0.74476871512422,0.5510479992372332,0.48751318667231186,0.1875753010105667,62
Venlo,Netherlands,Limburg,51.37,6.17,temperate_horticulture,2022-09-06,2022-09-22,0.1750234453460047,0.08817830738305085,0.07806869573501063,-0.13497965072775822,58
Emmen,Netherlands,Drenthe,52.75,6.85,temperate_arable,2022-09-06,2022-09-22,0.7462969189271922,0.5789900071141597,0.4982790635503596,0.2580773137775937,59
Bunnik,Netherlands,Utrecht,52.05,5.2,temperate_dairy_pasture,2022-09-06,2022-09-22,0.7255641697327654,0.5052151989343172,0.4484718748768732,0.17661559983168817,56
Alblasserdam,Netherlands,Zuid-Holland,51.87,4.67,temperate_dairy_pasture,2022-09-06,2022-09-22,0.342548257271514,0.23226517230668514,0.18334832441612905,0.12478105469234091,58
Hamilton,New Zealand,Waikato,-37.78,175.28,maritime_dairy_pasture,2022-09-06,2022-09-22,0.5027256881587086,0.3154749831523333,0.28620808388034613,0.1945523821438352,15
Gore,New Zealand,Southland,-46.1,168.95,maritime_dairy_pasture,2022-09-06,2022-09-22,0.23155123230226332,0.16809786857576176,0.1541036824392484,0.12683343259273758,54
PalmerstonN,New Zealand,Manawatu,-40.35,175.61,maritime_dairy_pasture,2022-09-06,2022-09-22,0.35086566325772756,0.24532562697921773,0.21267908984882214,0.07065294973663151,48
Hastings,New Zealand,HawkesBay,-39.64,176.84,maritime_horticulture,2022-09-06,2022-09-22,0.07594819162127132,0.045378881004980165,0.040520824354177046,-0.0749584374018717,49
Balclutha,New Zealand,Otago,-46.23,169.75,maritime_arable,2022-09-06,2022-09-22,0.3777575017061344,0.24546340151564291,0.13434863449883855,0.12166094419811675,52
TePuke,New Zealand,BayOfPlenty,-37.78,176.32,maritime_horticulture,2022-09-06,2022-09-22,0.48639093370463216,0.3145577547500676,0.281110732512163,0.14215105167622974,51
Stratford,New Zealand,Taranaki,-39.34,174.28,maritime_dairy_pasture,2022-09-06,2022-09-22,0.5474146158892891,0.41237108415163837,0.37774194877393547,0.08620520818914611,50
Blenheim,New Zealand,Marlborough,-41.51,173.96,maritime_horticulture,2022-09-06,2022-09-22,0.16183927571807574,0.10577107398700893,0.09015802490284741,-0.05931488265816944,51
Masterton,New Zealand,Wairarapa,-40.96,175.66,maritime_arable,2022-09-06,2022-09-22,0.5901691036384935,0.42802705943943725,0.3700933617665857,0.1732697778090443,51
Kerikeri,New Zealand,Northland,-35.22,173.95,maritime_horticulture,2022-09-06,2022-09-22,0.8958927237807393,0.5420444955681285,0.5104547670044696,0.5394516799517055,47
Motueka,New Zealand,Tasman,-41.11,173,maritime_horticulture,2022-09-06,2022-09-22,0.5705170937460219,0.388659684442177,0.3685537925188606,0.14914356124645506,51
Shakardara,Afghanistan,Kabul,34.65,69.03,highland_irrigated,2022-09-22,2022-10-08,0.12808744642855194,0.10717055438385778,0.1032200972594877,-0.07996618312650187,44
Kama,Afghanistan,Nangarhar,34.42,70.55,lowland_irrigated,2022-09-22,2022-10-08,0.5025972483823463,0.30787767124054066,0.29863926641984634,0.10439314764388397,47
Dawlatabad,Afghanistan,Balkh,36.85,66.85,plains_irrigated,2022-09-22,2022-10-08,0.14654640162855231,0.14215601792849392,0.1286983523190799,-0.007952384453582024,50
Injil,Afghanistan,Herat,34.28,62.15,plains_irrigated,2022-09-22,2022-10-08,0.21620131307801707,0.1690303871258397,0.16009413243487983,0.0339536362632102,47
Arghandab,Afghanistan,Kandahar,31.72,65.65,arid_irrigated,2022-09-22,2022-10-08,0.21580121489939844,0.16818927730180802,0.1646171284093002,0.02478716149138152,47
Khanabad,Afghanistan,Kunduz,36.65,68.95,plains_irrigated,2022-09-22,2022-10-08,0.079060897623899,0.06634182906661414,0.06500447743157055,-0.1118579737426673,44
Faizabad,Afghanistan,Badakhshan,37.1,70.55,highland_rainfed,2022-09-22,2022-10-08,0.26404005963424865,0.17331538329137702,0.1662582632323212,0.03176836906548018,49
NadAli,Afghanistan,Helmand,31.55,64.25,arid_irrigated,2022-09-22,2022-10-08,0.10474939198369412,0.0887535536348906,0.09075183064416369,-0.05742590462138404,46
GhazniCity,Afghanistan,Ghazni,33.55,68.42,highland_rainfed,2022-09-22,2022-10-08,0.08485226054359488,0.08396819019147292,0.06680489154671804,-0.05508273934639195,46
Maimana,Afghanistan,Faryab,35.92,64.78,plains_rainfed,2022-09-22,2022-10-08,0.20706338837460933,0.14622087830279595,0.13892976423341544,-0.026696609196215457,48
Chaghcharan,Afghanistan,Ghor,34.52,65.25,highland_rainfed,2022-09-22,2022-10-08,0.18969259899303736,0.14831982338711736,0.1416858615314306,-0.020697880376478805,47
Zaranj,Afghanistan,Nimroz,31,61.87,arid_irrigated,2022-09-22,2022-10-08,0.1549830197897618,0.14248736153621416,0.13198283107559497,-0.031127189836284142,46
Dronten,Netherlands,Flevoland,52.53,5.72,temperate_arable,2022-09-22,2022-10-08,0.2510437260633305,0.1655116616225818,0.1477214008552744,-0.028075429433868624,63
Veendam,Netherlands,Groningen,53.1,6.87,temperate_arable,2022-09-22,2022-10-08,0.604611808643457,0.35883425984111933,0.33542576270281743,0.16875141194935903,62
Sneek,Netherlands,Friesland,53.03,5.65,temperate_dairy_pasture,2022-09-22,2022-10-08,0.5495158701025625,0.36854655700749317,0.32886387330940897,0.12994143958846313,64
Uden,Netherlands,Noord-Brabant,51.66,5.62,temperate_dairy_pasture,2022-09-22,2022-10-08,0.5507924147464903,0.2513550323571504,0.2528765660219894,0.07754069547232757,62
Tiel,Netherlands,Gelderland,51.9,5.6,temperate_horticulture,2022-09-22,2022-10-08,-0.36597139326111155,-0.05594014955919029,-0.05829800385244834,0.18989659261148836,60
Almelo,Netherlands,Overijssel,52.35,6.6,temperate_dairy_pasture,2022-09-22,2022-10-08,0.7707438473551447,0.6257862869298338,0.5488807004543348,0.21962771115295132,62
Venlo,Netherlands,Limburg,51.37,6.17,temperate_horticulture,2022-09-22,2022-10-08,0.23431921724768184,0.0774419471807566,0.08094210021019198,-0.15076188381744454,58
Wieringermeer,Netherlands,Noord-Holland,52.85,5,temperate_arable,2022-09-22,2022-10-08,0.2176873579642745,0.15541190657990953,0.13483344656896487,-0.010827295528878421,62
Emmen,Netherlands,Drenthe,52.75,6.85,temperate_arable,2022-09-22,2022-10-08,0.6835440917886667,0.5387694684631491,0.480891396515084,0.18150422285694373,59
Bunnik,Netherlands,Utrecht,52.05,5.2,temperate_dairy_pasture,2022-09-22,2022-10-08,0.8222441666398193,0.6539399187549955,0.5653447916905139,0.3372261730619006,56
Ashburton,New Zealand,Canterbury,-43.9,171.75,maritime_arable,2022-09-22,2022-10-08,0.6460978428137657,0.3794083699724669,0.3504509101965809,0.2933321379783664,53
Hamilton,New Zealand,Waikato,-37.78,175.28,maritime_dairy_pasture,2022-09-22,2022-10-08,0.4699197535760837,0.2658068754013231,0.24020814290506695,0.18006133059302482,47
PalmerstonN,New Zealand,Manawatu,-40.35,175.61,maritime_dairy_pasture,2022-09-22,2022-10-08,0.34044656511125815,0.25794866589531007,0.2185976382031321,0.04975854148637191,48
Hastings,New Zealand,HawkesBay,-39.64,176.84,maritime_horticulture,2022-09-22,2022-10-08,0.12643466409095377,0.09463708066793045,0.07456464192653738,-0.032293637020388975,49
Balclutha,New Zealand,Otago,-46.23,169.75,maritime_arable,2022-09-22,2022-10-08,0.43519960473212155,0.29546273401530465,0.24948061794217444,0.1074800947753265,52
TePuke,New Zealand,BayOfPlenty,-37.78,176.32,maritime_horticulture,2022-09-22,2022-10-08,0.5008475178030358,0.36187624438502836,0.3088694880039039,0.13925904590587404,51
Stratford,New Zealand,Taranaki,-39.34,174.28,maritime_dairy_pasture,2022-09-22,2022-10-08,0.6127534804983079,0.437887768268485,0.40442905558105785,0.15318207510713375,50
Blenheim,New Zealand,Marlborough,-41.51,173.96,maritime_horticulture,2022-09-22,2022-10-08,0.19841953770017393,0.13279293292222302,0.11371246001069038,-0.020342210737363035,51
Masterton,New Zealand,Wairarapa,-40.96,175.66,maritime_arable,2022-09-22,2022-10-08,0.6044001367516366,0.4296291128205073,0.37899213626745043,0.190642424500879,51
Motueka,New Zealand,Tasman,-41.11,173,maritime_horticulture,2022-09-22,2022-10-08,0.6441872074913583,0.43393394288132303,0.41246498466245507,0.2077598675850133,51
Shakardara,Afghanistan,Kabul,34.65,69.03,highland_irrigated,2022-10-08,2022-10-24,0.12422363670250362,0.10400230673420044,0.10109915196047768,-0.06985835598535613,44
Kama,Afghanistan,Nangarhar,34.42,70.55,lowland_irrigated,2022-10-08,2022-10-24,0.40253168893043667,0.22843153535291597,0.22254460375522742,0.059377338350167105,47
Dawlatabad,Afghanistan,Balkh,36.85,66.85,plains_irrigated,2022-10-08,2022-10-24,0.14061965435639667,0.13321156227163022,0.12099463345404891,-0.01658168740125282,50
Injil,Afghanistan,Herat,34.28,62.15,plains_irrigated,2022-10-08,2022-10-24,0.18578080466164387,0.1355028616752436,0.13180720166470367,0.009818413405162674,47
Arghandab,Afghanistan,Kandahar,31.72,65.65,arid_irrigated,2022-10-08,2022-10-24,0.18605835618946914,0.1442427248165119,0.142993101938258,-0.008771892603550706,47
Khanabad,Afghanistan,Kunduz,36.65,68.95,plains_irrigated,2022-10-08,2022-10-24,0.09006619623363049,0.07406468624632757,0.07354224232871664,-0.09631230039672804,44
Faizabad,Afghanistan,Badakhshan,37.1,70.55,highland_rainfed,2022-10-08,2022-10-24,0.26720740904244883,0.168991589359019,0.1672027620843805,0.0478952070437532,49
NadAli,Afghanistan,Helmand,31.55,64.25,arid_irrigated,2022-10-08,2022-10-24,0.1047533892135122,0.08706023836274993,0.08907229797204536,-0.0710030152010384,46
GhazniCity,Afghanistan,Ghazni,33.55,68.42,highland_rainfed,2022-10-08,2022-10-24,0.09355250722045715,0.08624038489017488,0.07166480120586392,-0.05939160976800543,46
Maimana,Afghanistan,Faryab,35.92,64.78,plains_rainfed,2022-10-08,2022-10-24,0.19549508803145077,0.13873491293651746,0.13026574948915173,-0.020758163431968093,48
Chaghcharan,Afghanistan,Ghor,34.52,65.25,highland_rainfed,2022-10-08,2022-10-24,0.16783332629316536,0.13095494786903858,0.12516761973799787,-0.037649903082022596,47
Zaranj,Afghanistan,Nimroz,31,61.87,arid_irrigated,2022-10-08,2022-10-24,0.15877606872557823,0.14312003520352165,0.13412663023332036,-0.030166098669613273,46
Dronten,Netherlands,Flevoland,52.53,5.72,temperate_arable,2022-10-08,2022-10-24,0.27757186118766436,0.17941426693812182,0.16153387267715985,0.0003284275147105012,63
Veendam,Netherlands,Groningen,53.1,6.87,temperate_arable,2022-10-08,2022-10-24,0.630099500851608,0.35624708840629626,0.34246740558922817,0.18940841444027062,62
Sneek,Netherlands,Friesland,53.03,5.65,temperate_dairy_pasture,2022-10-08,2022-10-24,0.58565970684131,0.33603300430920985,0.318936191444168,0.14225301227771492,64
Uden,Netherlands,Noord-Brabant,51.66,5.62,temperate_dairy_pasture,2022-10-08,2022-10-24,0.525339089745091,0.2866320716980774,0.267858843590637,0.11092818827522959,62
Tiel,Netherlands,Gelderland,51.9,5.6,temperate_horticulture,2022-10-08,2022-10-24,-0.4143633531261705,-0.07608961872354139,-0.07664033749577007,0.3259484071951754,60
Almelo,Netherlands,Overijssel,52.35,6.6,temperate_dairy_pasture,2022-10-08,2022-10-24,0.6835149310682327,0.4165471389063322,0.4005781322580814,0.156267609016971,62
Venlo,Netherlands,Limburg,51.37,6.17,temperate_horticulture,2022-10-08,2022-10-24,0.2316754489730562,0.07683773090397893,0.07988345629843517,-0.14447746025486324,58
Wieringermeer,Netherlands,Noord-Holland,52.85,5,temperate_arable,2022-10-08,2022-10-24,0.1936795485604839,0.1201094145537279,0.11392676566208054,-0.058805843021916986,62
Emmen,Netherlands,Drenthe,52.75,6.85,temperate_arable,2022-10-08,2022-10-24,0.7609399801661081,0.5962915333765268,0.5350632743879561,0.21601784928064816,59
Bunnik,Netherlands,Utrecht,52.05,5.2,temperate_dairy_pasture,2022-10-08,2022-10-24,0.851206119721056,0.626553560423522,0.5608795960571028,0.3525393741381202,56
Alblasserdam,Netherlands,Zuid-Holland,51.87,4.67,temperate_dairy_pasture,2022-10-08,2022-10-24,0.3930853503085838,0.21683469551969836,0.19820226098743057,0.10212187823981707,58
Ashburton,New Zealand,Canterbury,-43.9,171.75,maritime_arable,2022-10-08,2022-10-24,0.745157184715214,0.34340438287276215,0.3439832656110211,0.2767288027091881,53
Hamilton,New Zealand,Waikato,-37.78,175.28,maritime_dairy_pasture,2022-10-08,2022-10-24,0.5187880620130961,0.3085181751877727,0.2802553154615715,0.1700488184355647,43
Gore,New Zealand,Southland,-46.1,168.95,maritime_dairy_pasture,2022-10-08,2022-10-24,0.24819314307163445,0.2296215702271283,0.197008739037419,0.21849202204223309,54
PalmerstonN,New Zealand,Manawatu,-40.35,175.61,maritime_dairy_pasture,2022-10-08,2022-10-24,0.35378052259433007,0.26020998031807374,0.22972433838022357,0.03991702860955131,48
Hastings,New Zealand,HawkesBay,-39.64,176.84,maritime_horticulture,2022-10-08,2022-10-24,0.10413936686725389,0.06841599042263605,0.058543129085913866,-0.052295423064715775,49
Balclutha,New Zealand,Otago,-46.23,169.75,maritime_arable,2022-10-08,2022-10-24,0.41834007319885996,0.3014173342376044,0.2516326778659179,0.10239416225631714,52
TePuke,New Zealand,BayOfPlenty,-37.78,176.32,maritime_horticulture,2022-10-08,2022-10-24,0.515791790316719,0.3753432834644502,0.3234417367650441,0.1570098751414637,51
Blenheim,New Zealand,Marlborough,-41.51,173.96,maritime_horticulture,2022-10-08,2022-10-24,0.1862152586154024,0.1232378273118887,0.1057739467554157,-0.0359496414253459,51
Masterton,New Zealand,Wairarapa,-40.96,175.66,maritime_arable,2022-10-08,2022-10-24,0.6038227902726129,0.44134368355070364,0.38813366516300024,0.1594005895218125,51
Kerikeri,New Zealand,Northland,-35.22,173.95,maritime_horticulture,2022-10-08,2022-10-24,0.7149774010665032,0.4849751313854786,0.39600534995027825,0.4922009862468138,47
Motueka,New Zealand,Tasman,-41.11,173,maritime_horticulture,2022-10-08,2022-10-24,0.5430840031178337,0.4145131622225854,0.37734176706276995,0.11502119842396262,51
Shakardara,Afghanistan,Kabul,34.65,69.03,highland_irrigated,2022-10-24,2022-11-09,0.11541391193612478,0.09453206852701995,0.09233050424233184,-0.08519195415919652,44
Kama,Afghanistan,Nangarhar,34.42,70.55,lowland_irrigated,2022-10-24,2022-11-09,0.3614156261720264,0.19798943325517898,0.19230675093865043,0.046158288659763,47
Dawlatabad,Afghanistan,Balkh,36.85,66.85,plains_irrigated,2022-10-24,2022-11-09,0.14031539624640502,0.10681078488131229,0.10237790771837622,-0.048279810567571205,50
Injil,Afghanistan,Herat,34.28,62.15,plains_irrigated,2022-10-24,2022-11-09,0.10085696351791729,0.06933142316816286,0.07028801289360923,-0.04637701710670887,47
Arghandab,Afghanistan,Kandahar,31.72,65.65,arid_irrigated,2022-10-24,2022-11-09,0.1562898313170919,0.11672402671873937,0.11878438887628964,-0.03431440422417643,47
Khanabad,Afghanistan,Kunduz,36.65,68.95,plains_irrigated,2022-10-24,2022-11-09,0.07421652192045539,0.06718251345388401,0.062116954997516634,-0.12169593289450963,44
Faizabad,Afghanistan,Badakhshan,37.1,70.55,highland_rainfed,2022-10-24,2022-11-09,0.2224202975064239,0.15006886713294149,0.13814885238648983,0.07583446018595152,49
NadAli,Afghanistan,Helmand,31.55,64.25,arid_irrigated,2022-10-24,2022-11-09,0.08703498020100953,0.072102655779106,0.07413084493867321,-0.08852075093006025,46
GhazniCity,Afghanistan,Ghazni,33.55,68.42,highland_rainfed,2022-10-24,2022-11-09,0.08038298100967949,0.07544202073151399,0.0603558581945894,-0.06443205677659958,46
Maimana,Afghanistan,Faryab,35.92,64.78,plains_rainfed,2022-10-24,2022-11-09,0.19977167722534397,0.13499084263412087,0.12958155389106654,-0.01940531772255189,48
Chaghcharan,Afghanistan,Ghor,34.52,65.25,highland_rainfed,2022-10-24,2022-11-09,0.11617246084978626,0.08567146368626716,0.08399721564601237,-0.06779527225470053,47
Zaranj,Afghanistan,Nimroz,31,61.87,arid_irrigated,2022-10-24,2022-11-09,0.14762902861817817,0.12354188392635361,0.1220323390440815,-0.0581945621850913,46
Dronten,Netherlands,Flevoland,52.53,5.72,temperate_arable,2022-10-24,2022-11-09,0.2888756763202257,0.1790378578218523,0.1630359179105066,-0.014867765586113477,63
Goes,Netherlands,Zeeland,51.5,3.9,temperate_arable,2022-10-24,2022-11-09,0.1773374431668292,0.09521109003533823,0.09305676827332904,-0.14755378353639595,62
Uden,Netherlands,Noord-Brabant,51.66,5.62,temperate_dairy_pasture,2022-10-24,2022-11-09,0.5542528901017088,0.30900905368221643,0.29554699939315715,0.09277784189303453,62
Tiel,Netherlands,Gelderland,51.9,5.6,temperate_horticulture,2022-10-24,2022-11-09,-0.08223272391670577,0.044168905561281877,0.01932220153594438,0.16445117789137573,60
Almelo,Netherlands,Overijssel,52.35,6.6,temperate_dairy_pasture,2022-10-24,2022-11-09,0.8797193599584169,0.7488881421005951,0.6480188146156574,0.35459389155347865,62
Venlo,Netherlands,Limburg,51.37,6.17,temperate_horticulture,2022-10-24,2022-11-09,0.19445105270471102,0.09163593494114823,0.08360273921092641,-0.14151497073011632,6
Emmen,Netherlands,Drenthe,52.75,6.85,temperate_arable,2022-10-24,2022-11-09,0.6145150652467378,0.49300668980173595,0.4004504343309808,0.28755497901461097,59
Bunnik,Netherlands,Utrecht,52.05,5.2,temperate_dairy_pasture,2022-10-24,2022-11-09,0.8640287793109862,0.6142417182576361,0.556809797046271,0.3205792635671543,56
Alblasserdam,Netherlands,Zuid-Holland,51.87,4.67,temperate_dairy_pasture,2022-10-24,2022-11-09,0.34061839922216264,0.17465503817614564,0.16291569005353676,0.010061475415451535,58
Ashburton,New Zealand,Canterbury,-43.9,171.75,maritime_arable,2022-10-24,2022-11-09,0.7663892817655502,0.3785904933352939,0.3714351232544923,0.2997983110686526,53
Hamilton,New Zealand,Waikato,-37.78,175.28,maritime_dairy_pasture,2022-10-24,2022-11-09,0.5220845257347225,0.30645956473318003,0.28530525203227153,0.14471056898860618,43
PalmerstonN,New Zealand,Manawatu,-40.35,175.61,maritime_dairy_pasture,2022-10-24,2022-11-09,0.22772783636601507,0.2799252214898693,0.1719670035267904,0.08755279492014907,15
Hastings,New Zealand,HawkesBay,-39.64,176.84,maritime_horticulture,2022-10-24,2022-11-09,0.09898158353339614,0.08232702047936716,0.06198608951174866,-0.05531218489616431,49
Balclutha,New Zealand,Otago,-46.23,169.75,maritime_arable,2022-10-24,2022-11-09,0.46650675160239263,0.41648301671723514,0.32560128797076365,0.2023914945219206,50
TePuke,New Zealand,BayOfPlenty,-37.78,176.32,maritime_horticulture,2022-10-24,2022-11-09,0.4246585094713446,0.42010093861872083,0.30241934042692453,0.15663262241447573,46
Stratford,New Zealand,Taranaki,-39.34,174.28,maritime_dairy_pasture,2022-10-24,2022-11-09,0.5538426111382084,0.4558116628008517,0.397035958751628,0.10423901690342471,50
Blenheim,New Zealand,Marlborough,-41.51,173.96,maritime_horticulture,2022-10-24,2022-11-09,0.17571193007667266,0.11114340235008245,0.09304314971951712,-0.03274489032693077,51
Kerikeri,New Zealand,Northland,-35.22,173.95,maritime_horticulture,2022-10-24,2022-11-09,0.8602064531569404,0.6535411289964366,0.5879378025335585,0.49992135918320535,47
Motueka,New Zealand,Tasman,-41.11,173,maritime_horticulture,2022-10-24,2022-11-09,0.522304536445358,0.41522861837440855,0.3764445211942363,0.13332349418315387,51
Shakardara,Afghanistan,Kabul,34.65,69.03,highland_irrigated,2022-11-09,2022-11-25,0.09767309660965981,0.0812259303545744,0.07875175575772737,-0.08318042918800936,44
Kama,Afghanistan,Nangarhar,34.42,70.55,lowland_irrigated,2022-11-09,2022-11-25,0.2820352795841694,0.13996612718841725,0.1299988390329954,0.050966617757607593,47
Dawlatabad,Afghanistan,Balkh,36.85,66.85,plains_irrigated,2022-11-09,2022-11-25,0.1108767187901684,0.08009932306919888,0.07667251105361862,-0.1025984334680829,50
Injil,Afghanistan,Herat,34.28,62.15,plains_irrigated,2022-11-09,2022-11-25,0.12126227583861664,0.07674886170594382,0.07825931235727708,-0.016018459658688363,47
Arghandab,Afghanistan,Kandahar,31.72,65.65,arid_irrigated,2022-11-09,2022-11-25,0.1602499052729471,0.1103926655970546,0.11261846942672764,-0.02300323242827006,47
Khanabad,Afghanistan,Kunduz,36.65,68.95,plains_irrigated,2022-11-09,2022-11-25,0.10087971274888397,0.0668192366569981,0.06732343299882147,-0.1292583522690032,44
Faizabad,Afghanistan,Badakhshan,37.1,70.55,highland_rainfed,2022-11-09,2022-11-25,0.2054263305430955,0.1130059901174103,0.11133408828159298,-0.0076362428795448386,49
NadAli,Afghanistan,Helmand,31.55,64.25,arid_irrigated,2022-11-09,2022-11-25,0.10232863487770309,0.08089996247109692,0.08332635273461277,-0.09442751561038532,46
GhazniCity,Afghanistan,Ghazni,33.55,68.42,highland_rainfed,2022-11-09,2022-11-25,0.09378976693682299,0.08154315170891238,0.06937656040703907,-0.053646278699414386,46
Maimana,Afghanistan,Faryab,35.92,64.78,plains_rainfed,2022-11-09,2022-11-25,0.2080476302561499,0.1336707335251313,0.12280351172348104,-0.0032807885355662526,48
Chaghcharan,Afghanistan,Ghor,34.52,65.25,highland_rainfed,2022-11-09,2022-11-25,0.13167475482064955,0.07350283084545407,0.07438102230687976,-0.00539865070637946,47
Zaranj,Afghanistan,Nimroz,31,61.87,arid_irrigated,2022-11-09,2022-11-25,0.15184679625180306,0.12706298185508152,0.12158885558513603,-0.04040151305364052,46
Dronten,Netherlands,Flevoland,52.53,5.72,temperate_arable,2022-11-09,2022-11-25,0.32717908724638184,0.19827208608784427,0.17732880079089555,0.04206099283442698,63
Sneek,Netherlands,Friesland,53.03,5.65,temperate_dairy_pasture,2022-11-09,2022-11-25,0.5731315164128185,0.35249595330172934,0.33276071986244715,0.1685649793236916,9
Goes,Netherlands,Zeeland,51.5,3.9,temperate_arable,2022-11-09,2022-11-25,0.13743188394438008,0.047133160846095104,0.045374328808455405,-0.04162555719783136,28
Uden,Netherlands,Noord-Brabant,51.66,5.62,temperate_dairy_pasture,2022-11-09,2022-11-25,0.5336277958263644,0.21627212760514855,0.2298282443701639,0.056923401487750214,62
Tiel,Netherlands,Gelderland,51.9,5.6,temperate_horticulture,2022-11-09,2022-11-25,-0.4343679128449097,-0.04915599861587493,-0.05479573159020404,0.12295584659664399,60
Almelo,Netherlands,Overijssel,52.35,6.6,temperate_dairy_pasture,2022-11-09,2022-11-25,0.8315896488624076,0.6185442328635806,0.5764523079103893,0.3610352843923316,62
Venlo,Netherlands,Limburg,51.37,6.17,temperate_horticulture,2022-11-09,2022-11-25,0.22124427842935945,0.053188611069438126,0.06083568809241213,-0.2090455415458269,58
Wieringermeer,Netherlands,Noord-Holland,52.85,5,temperate_arable,2022-11-09,2022-11-25,0.4972413352762884,0.29970862700540646,0.2840289647758575,0.1573618699071928,62
Emmen,Netherlands,Drenthe,52.75,6.85,temperate_arable,2022-11-09,2022-11-25,0.8126115688509418,0.576768165722394,0.5539747215745836,0.31907824416459735,59
Bunnik,Netherlands,Utrecht,52.05,5.2,temperate_dairy_pasture,2022-11-09,2022-11-25,0.8509970328967625,0.566003965861093,0.534459644498995,0.3929058912343029,56
Alblasserdam,Netherlands,Zuid-Holland,51.87,4.67,temperate_dairy_pasture,2022-11-09,2022-11-25,0.3816037672945204,0.17621953998141704,0.17392281176304672,0.021667845065853508,58
Ashburton,New Zealand,Canterbury,-43.9,171.75,maritime_arable,2022-11-09,2022-11-25,0.819976065820055,0.39307615408205837,0.40112394566572285,0.2860328351008236,53
Hastings,New Zealand,HawkesBay,-39.64,176.84,maritime_horticulture,2022-11-09,2022-11-25,0.09366315302541352,0.06659234908233734,0.055074318280006807,-0.04791996907508452,49
Balclutha,New Zealand,Otago,-46.23,169.75,maritime_arable,2022-11-09,2022-11-25,0.3550452722443475,0.2774492921707998,0.23794012733564474,0.09923487404982251,2
TePuke,New Zealand,BayOfPlenty,-37.78,176.32,maritime_horticulture,2022-11-09,2022-11-25,0.5005780452460812,0.40351059434505226,0.32459395799616814,0.16145572255355958,51
Stratford,New Zealand,Taranaki,-39.34,174.28,maritime_dairy_pasture,2022-11-09,2022-11-25,0.5402537729066333,0.45453023081882654,0.37417736559005615,0.06215936602335175,50
Blenheim,New Zealand,Marlborough,-41.51,173.96,maritime_horticulture,2022-11-09,2022-11-25,0.1736758958919898,0.11947540550676478,0.10307911919697685,-0.030745704340004624,51
Masterton,New Zealand,Wairarapa,-40.96,175.66,maritime_arable,2022-11-09,2022-11-25,0.596161183336179,0.42751767312198663,0.3859871564592136,0.14582833677574505,51
Kerikeri,New Zealand,Northland,-35.22,173.95,maritime_horticulture,2022-11-09,2022-11-25,0.8778039911632243,0.4060641407399754,0.3934982387375572,0.5265331354654043,47
Motueka,New Zealand,Tasman,-41.11,173,maritime_horticulture,2022-11-09,2022-11-25,0.7065343501362318,0.5335773141237222,0.4823447293089519,0.23225593239859227,51
Shakardara,Afghanistan,Kabul,34.65,69.03,highland_irrigated,2022-11-25,2022-12-11,0.08711412736786547,0.07337643085975723,0.07102673164956526,-0.09384734437886627,44
Kama,Afghanistan,Nangarhar,34.42,70.55,lowland_irrigated,2022-11-25,2022-12-11,0.19640880834071858,0.09237155879975485,0.08882872038613517,0.026070416617042323,47
Dawlatabad,Afghanistan,Balkh,36.85,66.85,plains_irrigated,2022-11-25,2022-12-11,0.123554932083132,0.1017081594923676,0.09319185433481124,-0.0665094549700792,50
Injil,Afghanistan,Herat,34.28,62.15,plains_irrigated,2022-11-25,2022-12-11,0.12993838732288326,0.08629298770758444,0.08590519664311877,-0.02752016910872185,47
Arghandab,Afghanistan,Kandahar,31.72,65.65,arid_irrigated,2022-11-25,2022-12-11,0.14718152325058304,0.1000332514785912,0.10198037475138645,-0.0456335864693632,47
Khanabad,Afghanistan,Kunduz,36.65,68.95,plains_irrigated,2022-11-25,2022-12-11,0.1066717477138456,0.07538151047166843,0.07279789529341518,-0.14188811429374246,44
Faizabad,Afghanistan,Badakhshan,37.1,70.55,highland_rainfed,2022-11-25,2022-12-11,0.13567619992135357,0.08992547778833113,0.07900632599021049,-0.010452691461554767,49
NadAli,Afghanistan,Helmand,31.55,64.25,arid_irrigated,2022-11-25,2022-12-11,0.08813117752591176,0.060137857662090524,0.06414429614482138,-0.11534535141066832,46
GhazniCity,Afghanistan,Ghazni,33.55,68.42,highland_rainfed,2022-11-25,2022-12-11,0.09212324336252561,0.07816543419144316,0.06685082728639465,-0.06603620473576359,46
Maimana,Afghanistan,Faryab,35.92,64.78,plains_rainfed,2022-11-25,2022-12-11,0.19095686552864122,0.12343885560015805,0.11400384935540338,-0.02085018187352464,48
Chaghcharan,Afghanistan,Ghor,34.52,65.25,highland_rainfed,2022-11-25,2022-12-11,0.1134876499883615,0.08642605139388207,0.07967484921254547,-0.04837156076587354,47
Zaranj,Afghanistan,Nimroz,31,61.87,arid_irrigated,2022-11-25,2022-12-11,0.13382252772101214,0.11044403026367015,0.10651358653257299,-0.06117668625913432,46
Dronten,Netherlands,Flevoland,52.53,5.72,temperate_arable,2022-11-25,2022-12-11,0.24629307608832665,0.1968251198973722,0.14487662230386308,0.08441664226145643,63
Veendam,Netherlands,Groningen,53.1,6.87,temperate_arable,2022-11-25,2022-12-11,0.4484803543838486,0.2574537404472366,0.22769302800984106,0.10763244417750421,62
Sneek,Netherlands,Friesland,53.03,5.65,temperate_dairy_pasture,2022-11-25,2022-12-11,0.4913873366944402,0.2879486112050431,0.24686376805858196,0.15600849175238393,64
Goes,Netherlands,Zeeland,51.5,3.9,temperate_arable,2022-11-25,2022-12-11,0.15430641490020697,0.07024749923282587,0.06732513614959854,-0.1504857049974099,62
Uden,Netherlands,Noord-Brabant,51.66,5.62,temperate_dairy_pasture,2022-11-25,2022-12-11,0.5462171988909225,0.22201129071750209,0.22018564707107843,0.055294107635988916,62
Tiel,Netherlands,Gelderland,51.9,5.6,temperate_horticulture,2022-11-25,2022-12-11,-0.2244452229874715,0.017737461478493963,0.0033554228491325185,0.1261107507999446,60
Venlo,Netherlands,Limburg,51.37,6.17,temperate_horticulture,2022-11-25,2022-12-11,0.08915918804027578,0.035480684929764326,0.030064338531053034,-0.07038487514457167,58
Wieringermeer,Netherlands,Noord-Holland,52.85,5,temperate_arable,2022-11-25,2022-12-11,0.43330054333791684,0.37837571977661527,0.2860934773739206,0.25128499746937794,62
Emmen,Netherlands,Drenthe,52.75,6.85,temperate_arable,2022-11-25,2022-12-11,0.7221798635048953,0.6747086690605204,0.548176827571597,0.3260060244425467,59
Bunnik,Netherlands,Utrecht,52.05,5.2,temperate_dairy_pasture,2022-11-25,2022-12-11,0.7430173902574035,0.5050613663823413,0.4301447188025305,0.3850042577589034,56
Alblasserdam,Netherlands,Zuid-Holland,51.87,4.67,temperate_dairy_pasture,2022-11-25,2022-12-11,0.3229718743203338,0.265203799820561,0.1630101464531192,-0.10978566428019981,58
Gore,New Zealand,Southland,-46.1,168.95,maritime_dairy_pasture,2022-11-25,2022-12-11,0.21470487800581786,0.21949087758192773,0.19674874080158145,0.15636086774367572,54
Balclutha,New Zealand,Otago,-46.23,169.75,maritime_arable,2022-11-25,2022-12-11,0.4134649797349938,0.3096120174093916,0.259731711953013,0.05931013261690887,52
TePuke,New Zealand,BayOfPlenty,-37.78,176.32,maritime_horticulture,2022-11-25,2022-12-11,0.4926545126274526,0.41712456639007517,0.34428856553918197,0.16069721238408147,42
Stratford,New Zealand,Taranaki,-39.34,174.28,maritime_dairy_pasture,2022-11-25,2022-12-11,0.49049077456931583,0.36783434813407184,0.3000839903779437,0.164092419397856,23
Blenheim,New Zealand,Marlborough,-41.51,173.96,maritime_horticulture,2022-11-25,2022-12-11,0.17202440571786223,0.11179980010110294,0.09791934164862172,-0.04070940647245521,51
Kerikeri,New Zealand,Northland,-35.22,173.95,maritime_horticulture,2022-11-25,2022-12-11,0.8569431743779025,0.5121246334072393,0.4766216187175789,0.5317850757472136,47
Motueka,New Zealand,Tasman,-41.11,173,maritime_horticulture,2022-11-25,2022-12-11,0.6488226509115649,0.45403275655976205,0.43541901405981265,0.16558010809808732,51
Shakardara,Afghanistan,Kabul,34.65,69.03,highland_irrigated,2022-12-11,2022-12-27,0.08698862894565547,0.07199164014333474,0.06918222671776324,-0.10142460506317498,44
Kama,Afghanistan,Nangarhar,34.42,70.55,lowland_irrigated,2022-12-11,2022-12-27,0.2736218314681597,0.14284186881206232,0.12931322828384792,0.08046941686506348,47
Dawlatabad,Afghanistan,Balkh,36.85,66.85,plains_irrigated,2022-12-11,2022-12-27,0.1595965384520738,0.11807782739176108,0.1120656677997324,-0.06996618452063082,50
Injil,Afghanistan,Herat,34.28,62.15,plains_irrigated,2022-12-11,2022-12-27,0.17813905552486697,0.10023864768416918,0.10322024507336516,0.00017277438534544977,47
Arghandab,Afghanistan,Kandahar,31.72,65.65,arid_irrigated,2022-12-11,2022-12-27,0.1435243508153302,0.09336228421500407,0.0973523208712515,-0.03838116947556979,47
Khanabad,Afghanistan,Kunduz,36.65,68.95,plains_irrigated,2022-12-11,2022-12-27,0.13984650032923113,0.07085407400998896,0.06894452888435162,-0.10901466463005721,44
Faizabad,Afghanistan,Badakhshan,37.1,70.55,highland_rainfed,2022-12-11,2022-12-27,0.14999329448998036,0.08092616276374043,0.0770912055463055,-0.028841388407498128,49
NadAli,Afghanistan,Helmand,31.55,64.25,arid_irrigated,2022-12-11,2022-12-27,0.0875391270607265,0.05836355052124003,0.06103325947347593,-0.111657274666562,46
GhazniCity,Afghanistan,Ghazni,33.55,68.42,highland_rainfed,2022-12-11,2022-12-27,0.08857474253602492,0.0720900699538897,0.06269064644637702,-0.0769377134381624,46
Maimana,Afghanistan,Faryab,35.92,64.78,plains_rainfed,2022-12-11,2022-12-27,0.18696109226049504,0.11365955528608777,0.10658098387831877,-0.05134340992967255,48
Chaghcharan,Afghanistan,Ghor,34.52,65.25,highland_rainfed,2022-12-11,2022-12-27,0.0845798550059081,0.07103746683395826,0.06093016324580728,0.003185185319229638,47
Zaranj,Afghanistan,Nimroz,31,61.87,arid_irrigated,2022-12-11,2022-12-27,0.11951694507630822,0.09963854119756138,0.09534391494066063,-0.06294225083523164,46
Dronten,Netherlands,Flevoland,52.53,5.72,temperate_arable,2022-12-11,2022-12-27,0.2535291183537457,0.17928710611089269,0.1517734507441763,0.2616491224920035,63
Veendam,Netherlands,Groningen,53.1,6.87,temperate_arable,2022-12-11,2022-12-27,0.3045585169157635,0.16596867925485367,0.13582962481514693,0.19249628297671234,62
Sneek,Netherlands,Friesland,53.03,5.65,temperate_dairy_pasture,2022-12-11,2022-12-27,0.4472538426783255,0.27122824622480063,0.23416126188273537,0.18035183221323822,64
Goes,Netherlands,Zeeland,51.5,3.9,temperate_arable,2022-12-11,2022-12-27,0.19146315029715716,0.07259473193933433,0.0728430163386289,-0.12073546744758851,62
Tiel,Netherlands,Gelderland,51.9,5.6,temperate_horticulture,2022-12-11,2022-12-27,-0.2661613856372635,-0.06409260186626359,-0.057163210942570014,0.42123536646865944,58
Almelo,Netherlands,Overijssel,52.35,6.6,temperate_dairy_pasture,2022-12-11,2022-12-27,0.6481835015577404,0.6560644202395122,0.5088754692717827,0.6864228279419141,62
Wieringermeer,Netherlands,Noord-Holland,52.85,5,temperate_arable,2022-12-11,2022-12-27,0.4950655040445187,0.3778816457627804,0.2912495935559479,0.21102022019461292,62
Emmen,Netherlands,Drenthe,52.75,6.85,temperate_arable,2022-12-11,2022-12-27,0.5834086309201619,0.5991089889285551,0.4652548439214059,0.7039754343470225,57
Bunnik,Netherlands,Utrecht,52.05,5.2,temperate_dairy_pasture,2022-12-11,2022-12-27,0.5422362644022536,0.2833450471850101,0.2471929761621495,0.3584175478258805,56
Alblasserdam,Netherlands,Zuid-Holland,51.87,4.67,temperate_dairy_pasture,2022-12-11,2022-12-27,0.09904774285425097,0.05470395734476935,0.0435534158057973,0.02454516358906483,58
Ashburton,New Zealand,Canterbury,-43.9,171.75,maritime_arable,2022-12-11,2022-12-27,0.8986651824504084,0.41789140887677206,0.4213628450659491,0.29327396142986384,53
Hamilton,New Zealand,Waikato,-37.78,175.28,maritime_dairy_pasture,2022-12-11,2022-12-27,0.4949252026011083,0.29041804449378184,0.26433796871398785,0.1614426480797685,46
Gore,New Zealand,Southland,-46.1,168.95,maritime_dairy_pasture,2022-12-11,2022-12-27,0.1341462269641993,0.21887623710606907,0.16336496478021542,0.32995641656051006,54
PalmerstonN,New Zealand,Manawatu,-40.35,175.61,maritime_dairy_pasture,2022-12-11,2022-12-27,0.2925890844006758,0.22592405648100133,0.18854646465006944,-0.020539901906809745,48
Hastings,New Zealand,HawkesBay,-39.64,176.84,maritime_horticulture,2022-12-11,2022-12-27,0.08984261593609688,0.06562088546427589,0.05292648294112433,-0.05242592097037328,49
Balclutha,New Zealand,Otago,-46.23,169.75,maritime_arable,2022-12-11,2022-12-27,0.3982651721873833,0.2709656835404937,0.2373020423225692,0.0196696198543817,52
TePuke,New Zealand,BayOfPlenty,-37.78,176.32,maritime_horticulture,2022-12-11,2022-12-27,0.5446641325807073,0.4369639198322458,0.3647292408894848,0.17410103878438019,51
Blenheim,New Zealand,Marlborough,-41.51,173.96,maritime_horticulture,2022-12-11,2022-12-27,0.18409007910470152,0.12891332117184123,0.104715439531694,-0.05252809225541417,51
Masterton,New Zealand,Wairarapa,-40.96,175.66,maritime_arable,2022-12-11,2022-12-27,0.5512873942870213,0.47988702885772294,0.3810963414033634,0.142948315802495,51
Kerikeri,New Zealand,Northland,-35.22,173.95,maritime_horticulture,2022-12-11,2022-12-27,0.8526850060761083,0.6211813455509313,0.5451563791339642,0.512700857874347,47
Motueka,New Zealand,Tasman,-41.11,173,maritime_horticulture,2022-12-11,2022-12-27,0.7767359569791554,0.55125187245428,0.5066873185204359,0.25675801781848157,51
Shakardara,Afghanistan,Kabul,34.65,69.03,highland_irrigated,2022-12-27,2023-01-12,0.08416399384183297,0.07177176586223466,0.06684912950110528,-0.08329471243695304,44
Kama,Afghanistan,Nangarhar,34.42,70.55,lowland_irrigated,2022-12-27,2023-01-12,0.40128024704616577,0.205519332494134,0.1947968128235134,0.14676466236714575,47
Dawlatabad,Afghanistan,Balkh,36.85,66.85,plains_irrigated,2022-12-27,2023-01-12,0.19528579525482348,0.12959179277501204,0.12541906351375026,-0.050680744611192395,50
Injil,Afghanistan,Herat,34.28,62.15,plains_irrigated,2022-12-27,2023-01-12,0.21520082882623492,0.12971075951211927,0.12610517602649823,0.07860199655860571,47
Arghandab,Afghanistan,Kandahar,31.72,65.65,arid_irrigated,2022-12-27,2023-01-12,0.13244611418296234,0.08562981924156102,0.0892624480839167,-0.015400545960379897,47
Faizabad,Afghanistan,Badakhshan,37.1,70.55,highland_rainfed,2022-12-27,2023-01-12,0.1369901352271356,0.08393362282805981,0.07737207485701784,-0.04960025103532492,49
NadAli,Afghanistan,Helmand,31.55,64.25,arid_irrigated,2022-12-27,2023-01-12,0.10018858530806074,0.06210256848404197,0.06685739101560687,-0.10153957282179106,46
GhazniCity,Afghanistan,Ghazni,33.55,68.42,highland_rainfed,2022-12-27,2023-01-12,0.08385835206818518,0.07228208470328933,0.06069574126285624,-0.06720268444067909,46
Maimana,Afghanistan,Faryab,35.92,64.78,plains_rainfed,2022-12-27,2023-01-12,0.1968703886344428,0.11782744193632252,0.11068326133103644,-0.01475477531541721,48
Chaghcharan,Afghanistan,Ghor,34.52,65.25,highland_rainfed,2022-12-27,2023-01-12,0.0327441022295246,0.062173731037976784,0.03673022349274998,0.35574387464548524,16
Zaranj,Afghanistan,Nimroz,31,61.87,arid_irrigated,2022-12-27,2023-01-12,0.13616538230787245,0.11873519383351812,0.10858249520569739,-0.04161415178804039,46
Sneek,Netherlands,Friesland,53.03,5.65,temperate_dairy_pasture,2022-12-27,2023-01-12,0.45230339404078995,0.058141089620237,0.06151088772362807,0.21182672349519754,64
Goes,Netherlands,Zeeland,51.5,3.9,temperate_arable,2022-12-27,2023-01-12,0.09847464198104774,0.058297927650043616,0.05072887827934395,-0.053770667953690905,20
Alblasserdam,Netherlands,Zuid-Holland,51.87,4.67,temperate_dairy_pasture,2022-12-27,2023-01-12,0.26586819774894493,0.22649305541962902,0.13899281308627146,-0.20418258190087746,15
Ashburton,New Zealand,Canterbury,-43.9,171.75,maritime_arable,2022-12-27,2023-01-12,0.7882975385408318,0.4140280225013157,0.4024191306337767,0.3245252240449191,53
Gore,New Zealand,Southland,-46.1,168.95,maritime_dairy_pasture,2022-12-27,2023-01-12,0.23382307289321433,0.21109873888155534,0.1890128754800795,0.19661021138340934,54
Balclutha,New Zealand,Otago,-46.23,169.75,maritime_arable,2022-12-27,2023-01-12,0.37577808066307355,0.25590062768466604,0.2198596887140036,0.01803389957509466,52
TePuke,New Zealand,BayOfPlenty,-37.78,176.32,maritime_horticulture,2022-12-27,2023-01-12,0.45732253789901733,0.4464129084441717,0.32310622394789673,0.09520595520734787,1
Stratford,New Zealand,Taranaki,-39.34,174.28,maritime_dairy_pasture,2022-12-27,2023-01-12,0.5977030800494488,0.46563135894294244,0.4105536315332563,0.0987192479880031,50
Blenheim,New Zealand,Marlborough,-41.51,173.96,maritime_horticulture,2022-12-27,2023-01-12,0.1840473152190816,0.12632022072408852,0.10777084877937496,-0.0320728914621134,51
Masterton,New Zealand,Wairarapa,-40.96,175.66,maritime_arable,2022-12-27,2023-01-12,0.010751666714242967,0.046635964476031355,0.011027548009657676,0.5344802657392581,51
Motueka,New Zealand,Tasman,-41.11,173,maritime_horticulture,2022-12-27,2023-01-12,0.8020765310282842,0.6047165199322452,0.5404442369308843,0.3033679544708454,51
Kama,Afghanistan,Nangarhar,34.42,70.55,lowland_irrigated,2023-01-12,2023-01-28,0.5295435776301091,0.2691398253193982,0.2638356955649153,0.19584154813381205,47
Dawlatabad,Afghanistan,Balkh,36.85,66.85,plains_irrigated,2023-01-12,2023-01-28,0.13561555949211973,0.10932075146663293,0.09449266465693891,0.00013411815307074726,50
Injil,Afghanistan,Herat,34.28,62.15,plains_irrigated,2023-01-12,2023-01-28,0.217309412725519,0.11897025890381947,0.12236740142383037,0.04987790280234693,47
Arghandab,Afghanistan,Kandahar,31.72,65.65,arid_irrigated,2023-01-12,2023-01-28,0.12759827407164193,0.09070528105500997,0.08775510072995933,-0.016623818193395222,47
Faizabad,Afghanistan,Badakhshan,37.1,70.55,highland_rainfed,2023-01-12,2023-01-28,0.0650187911176047,0.05910579416308569,0.042995224279493885,0.11507111545504267,49
NadAli,Afghanistan,Helmand,31.55,64.25,arid_irrigated,2023-01-12,2023-01-28,0.09165669914057006,0.07185763330247125,0.0710511091691969,-0.052439626767536385,46
GhazniCity,Afghanistan,Ghazni,33.55,68.42,highland_rainfed,2023-01-12,2023-01-28,0.061377189640958445,0.06933021921801895,0.04671343577293844,0.05228982500046767,22
Maimana,Afghanistan,Faryab,35.92,64.78,plains_rainfed,2023-01-12,2023-01-28,0.11941805934684573,0.0865955670116606,0.06952834629397445,0.09867019613911039,48
Chaghcharan,Afghanistan,Ghor,34.52,65.25,highland_rainfed,2023-01-12,2023-01-28,0.039069775298537744,0.06486574478644426,0.03462024482523523,0.3565170300071654,10
Zaranj,Afghanistan,Nimroz,31,61.87,arid_irrigated,2023-01-12,2023-01-28,0.1245695425054684,0.10197929754059455,0.09854708148077064,-0.03867610987020179,46
Veendam,Netherlands,Groningen,53.1,6.87,temperate_arable,2023-01-12,2023-01-28,0.4064004600516862,0.19419346713793656,0.17082901683699253,0.06719755984501333,62
Almelo,Netherlands,Overijssel,52.35,6.6,temperate_dairy_pasture,2023-01-12,2023-01-28,0.6884033108155612,0.7101911495316774,0.4825641382775644,0.38481022136872767,62
Emmen,Netherlands,Drenthe,52.75,6.85,temperate_arable,2023-01-12,2023-01-28,0.7615765677519281,0.5013544506488842,0.4442138964964639,0.4215584651969137,59
Bunnik,Netherlands,Utrecht,52.05,5.2,temperate_dairy_pasture,2023-01-12,2023-01-28,0.6072840859521719,0.2544843882853263,0.21801492343253676,0.39913356604297184,56
Alblasserdam,Netherlands,Zuid-Holland,51.87,4.67,temperate_dairy_pasture,2023-01-12,2023-01-28,0.14216298790985543,0.020386207667385168,0.02090652276111409,0.17468200823018631,58
Ashburton,New Zealand,Canterbury,-43.9,171.75,maritime_arable,2023-01-12,2023-01-28,0.7832898130272222,0.394854657152399,0.38645048954338035,0.3114025937019124,53
Hamilton,New Zealand,Waikato,-37.78,175.28,maritime_dairy_pasture,2023-01-12,2023-01-28,0.5092022931749601,0.2692124888133618,0.2510064613638379,0.17538853842125823,46
Gore,New Zealand,Southland,-46.1,168.95,maritime_dairy_pasture,2023-01-12,2023-01-28,0.2654629647731781,0.3719661922102737,0.20999121205809204,0.011107386089861393,1
PalmerstonN,New Zealand,Manawatu,-40.35,175.61,maritime_dairy_pasture,2023-01-12,2023-01-28,0.3912669023185482,0.34276664011166375,0.2689960060746707,0.07689997590783039,27
Hastings,New Zealand,HawkesBay,-39.64,176.84,maritime_horticulture,2023-01-12,2023-01-28,0.09011333190955327,0.05648290135249405,0.04925002115290183,-0.075948283852824,49
Balclutha,New Zealand,Otago,-46.23,169.75,maritime_arable,2023-01-12,2023-01-28,0.33988584980022074,0.22308449966285085,0.19608265143089096,-0.029337106426873667,52
TePuke,New Zealand,BayOfPlenty,-37.78,176.32,maritime_horticulture,2023-01-12,2023-01-28,0.49612907176215904,0.3838942052900497,0.3235568870542147,0.10570273573037314,51
Stratford,New Zealand,Taranaki,-39.34,174.28,maritime_dairy_pasture,2023-01-12,2023-01-28,0.5677447032060996,0.45148618428452303,0.40153109270741244,0.06363997750136571,50
Blenheim,New Zealand,Marlborough,-41.51,173.96,maritime_horticulture,2023-01-12,2023-01-28,0.17190785020232505,0.11854836624120502,0.09897781392679965,-0.05402036773776645,51
Masterton,New Zealand,Wairarapa,-40.96,175.66,maritime_arable,2023-01-12,2023-01-28,0.5764869256793899,0.40306870586248883,0.3549916300589234,0.09906339140521263,51
Kerikeri,New Zealand,Northland,-35.22,173.95,maritime_horticulture,2023-01-12,2023-01-28,0.7982016665103671,0.5325495285580745,0.41936468088873485,0.4974169243304501,47
Motueka,New Zealand,Tasman,-41.11,173,maritime_horticulture,2023-01-12,2023-01-28,0.7773930562832078,0.5925167920356352,0.5285126297686072,0.27455388372002487,51
Kama,Afghanistan,Nangarhar,34.42,70.55,lowland_irrigated,2023-01-28,2023-02-13,0.5439043135411946,0.29584317360539336,0.2915834966210277,0.2366898291981321,47
Dawlatabad,Afghanistan,Balkh,36.85,66.85,plains_irrigated,2023-01-28,2023-02-13,0.18409557674411195,0.1166100186685794,0.11829375702262825,-0.05859177472490795,50
Injil,Afghanistan,Herat,34.28,62.15,plains_irrigated,2023-01-28,2023-02-13,0.22887805878722783,0.13997223514628812,0.13793389364643271,0.06598084146760905,47
Khanabad,Afghanistan,Kunduz,36.65,68.95,plains_irrigated,2023-01-28,2023-02-13,0.18695771209594103,0.09846701320612343,0.10437449163064186,-0.09119959197194726,44
Faizabad,Afghanistan,Badakhshan,37.1,70.55,highland_rainfed,2023-01-28,2023-02-13,0.10626786181434632,0.06965674645171316,0.06168462734382023,-0.006343166690432143,49
GhazniCity,Afghanistan,Ghazni,33.55,68.42,highland_rainfed,2023-01-28,2023-02-13,0.03737904817739908,0.04117802697394612,0.02773134269885793,-0.0022455671451948613,16
Maimana,Afghanistan,Faryab,35.92,64.78,plains_rainfed,2023-01-28,2023-02-13,0.17215606518165105,0.10203963806740776,0.09431151348792213,-0.025533432294227557,48
Zaranj,Afghanistan,Nimroz,31,61.87,arid_irrigated,2023-01-28,2023-02-13,0.09943899049606497,0.0869800274302491,0.08285281521980183,-0.07800663571960989,46
Dronten,Netherlands,Flevoland,52.53,5.72,temperate_arable,2023-01-28,2023-02-13,0.22886964097630488,0.20127163569244655,0.14576767399422966,0.021335987492060622,63
Veendam,Netherlands,Groningen,53.1,6.87,temperate_arable,2023-01-28,2023-02-13,0.479275272017242,0.23375702294986125,0.22164337859216174,0.02313033042872704,62
Sneek,Netherlands,Friesland,53.03,5.65,temperate_dairy_pasture,2023-01-28,2023-02-13,0.4355168748647917,0.22153275860982358,0.20100698103529885,0.09631025212775608,64
Goes,Netherlands,Zeeland,51.5,3.9,temperate_arable,2023-01-28,2023-02-13,0.18992381190974292,0.09582071442720859,0.09484372186107164,-0.1368170706749171,62
Uden,Netherlands,Noord-Brabant,51.66,5.62,temperate_dairy_pasture,2023-01-28,2023-02-13,0.47124050223311525,0.21793003850665343,0.1988026933022688,0.10463047657446466,62
Tiel,Netherlands,Gelderland,51.9,5.6,temperate_horticulture,2023-01-28,2023-02-13,-0.3684863595608186,-0.060482885250155397,-0.06135969750843236,0.10795386813753031,60
Almelo,Netherlands,Overijssel,52.35,6.6,temperate_dairy_pasture,2023-01-28,2023-02-13,0.588955253505303,0.5923602770976334,0.4243239196003613,0.2780313222245238,29
Wieringermeer,Netherlands,Noord-Holland,52.85,5,temperate_arable,2023-01-28,2023-02-13,0.565165800124034,0.3397388083938288,0.30282319906033767,0.18893950004384888,13
Emmen,Netherlands,Drenthe,52.75,6.85,temperate_arable,2023-01-28,2023-02-13,0.4492844106855308,0.3815884008614007,0.2887126516417299,0.19452827425770466,59
Bunnik,Netherlands,Utrecht,52.05,5.2,temperate_dairy_pasture,2023-01-28,2023-02-13,0.7840871284545741,0.5266005223980614,0.47142513142381276,0.32248775195779683,56
Alblasserdam,Netherlands,Zuid-Holland,51.87,4.67,temperate_dairy_pasture,2023-01-28,2023-02-13,0.3436987824861729,0.16948114651263163,0.15552392547128582,-0.015414848745821417,58
Ashburton,New Zealand,Canterbury,-43.9,171.75,maritime_arable,2023-01-28,2023-02-13,0.8493545971270793,0.3862996581078339,0.3946403269788875,0.2940312474495969,53
Hamilton,New Zealand,Waikato,-37.78,175.28,maritime_dairy_pasture,2023-01-28,2023-02-13,0.571711498215526,0.29194472132374105,0.2765934397224934,0.16048345788971813,41
Gore,New Zealand,Southland,-46.1,168.95,maritime_dairy_pasture,2023-01-28,2023-02-13,0.19829720749413648,0.13781751017507765,0.13383025177590552,0.04654341802316449,54
Hastings,New Zealand,HawkesBay,-39.64,176.84,maritime_horticulture,2023-01-28,2023-02-13,0.07359664415090932,0.04658813689233864,0.041035119315961224,-0.07788096426563212,49
Balclutha,New Zealand,Otago,-46.23,169.75,maritime_arable,2023-01-28,2023-02-13,0.31848018806023426,0.18593381081926352,0.16770214263229644,-0.03600652316023863,52
TePuke,New Zealand,BayOfPlenty,-37.78,176.32,maritime_horticulture,2023-01-28,2023-02-13,0.5115428762076261,0.3561296832475629,0.31117993050355663,0.111758242897137,51
Blenheim,New Zealand,Marlborough,-41.51,173.96,maritime_horticulture,2023-01-28,2023-02-13,0.18988878822356994,0.13816241850174465,0.10957498297030613,0.01880520365932194,51
Masterton,New Zealand,Wairarapa,-40.96,175.66,maritime_arable,2023-01-28,2023-02-13,0.5820425470636374,0.4233921285757147,0.36741185611241134,0.08944549091099499,51
Kerikeri,New Zealand,Northland,-35.22,173.95,maritime_horticulture,2023-01-28,2023-02-13,0.2604767382144928,0.26762403649109345,0.15944172332733603,0.29039815068244934,1
Motueka,New Zealand,Tasman,-41.11,173,maritime_horticulture,2023-01-28,2023-02-13,0.8104199336165989,0.7096059797727433,0.5828023215834806,0.35289161738158603,51
Shakardara,Afghanistan,Kabul,34.65,69.03,highland_irrigated,2023-02-13,2023-03-01,0.09933519704666367,0.064775241108551,0.06649717532147195,-0.09604957680878674,44
Kama,Afghanistan,Nangarhar,34.42,70.55,lowland_irrigated,2023-02-13,2023-03-01,0.4879904636356272,0.2598304445095351,0.2589864673352218,0.20002230694416315,47
Dawlatabad,Afghanistan,Balkh,36.85,66.85,plains_irrigated,2023-02-13,2023-03-01,0.2259686756987773,0.15217139515072087,0.14482985491224803,-0.030293355303922506,50
Injil,Afghanistan,Herat,34.28,62.15,plains_irrigated,2023-02-13,2023-03-01,0.2832676557135576,0.18752747006561404,0.18289269040109785,0.09133622238980846,47
Arghandab,Afghanistan,Kandahar,31.72,65.65,arid_irrigated,2023-02-13,2023-03-01,0.3073343030256859,0.22381523424056748,0.21440563697706858,0.06096287437238708,47
Khanabad,Afghanistan,Kunduz,36.65,68.95,plains_irrigated,2023-02-13,2023-03-01,0.21204853964895817,0.1114812047256685,0.1199588075900239,-0.05440873759700297,44
Faizabad,Afghanistan,Badakhshan,37.1,70.55,highland_rainfed,2023-02-13,2023-03-01,0.12990265088073596,0.07267145910919129,0.06838850434320938,-0.0157146229109071,49
NadAli,Afghanistan,Helmand,31.55,64.25,arid_irrigated,2023-02-13,2023-03-01,0.0962589012847018,0.07669407487102328,0.07591257588086929,-0.09061210170032376,46
GhazniCity,Afghanistan,Ghazni,33.55,68.42,highland_rainfed,2023-02-13,2023-03-01,0.07419096581684441,0.06825934079249882,0.05411065843074461,-0.04225724549392456,46
Maimana,Afghanistan,Faryab,35.92,64.78,plains_rainfed,2023-02-13,2023-03-01,0.17479024967686582,0.1234534444799703,0.10631273335983352,-0.014989232240428835,48
Chaghcharan,Afghanistan,Ghor,34.52,65.25,highland_rainfed,2023-02-13,2023-03-01,0.07494326932121155,0.061560180439199884,0.054494181997537354,-0.01780858089792937,47
Zaranj,Afghanistan,Nimroz,31,61.87,arid_irrigated,2023-02-13,2023-03-01,0.09409254636437353,0.08239158657963865,0.07930913225415426,-0.09133838882951376,46
Dronten,Netherlands,Flevoland,52.53,5.72,temperate_arable,2023-02-13,2023-03-01,0.2635103347461584,0.15684887739790343,0.14356883040911586,0.033031563667145276,63
Veendam,Netherlands,Groningen,53.1,6.87,temperate_arable,2023-02-13,2023-03-01,0.47970530134782424,0.22141110298197741,0.2191553607263185,-0.012862934204257782,62
Sneek,Netherlands,Friesland,53.03,5.65,temperate_dairy_pasture,2023-02-13,2023-03-01,0.4625845269243488,0.2281418355179906,0.22052961864570636,0.026634567156978435,64
Goes,Netherlands,Zeeland,51.5,3.9,temperate_arable,2023-02-13,2023-03-01,0.16840734703215438,0.08317963351951485,0.08066183033504444,-0.1381365632027843,62
Uden,Netherlands,Noord-Brabant,51.66,5.62,temperate_dairy_pasture,2023-02-13,2023-03-01,0.5174761525564783,0.27285839359054814,0.2610360998193907,0.04759061774872443,62
Tiel,Netherlands,Gelderland,51.9,5.6,temperate_horticulture,2023-02-13,2023-03-01,-0.5106002074055561,-0.08308920317703887,-0.08450433890444266,0.3249291218688365,60
Almelo,Netherlands,Overijssel,52.35,6.6,temperate_dairy_pasture,2023-02-13,2023-03-01,0.8266927294075899,0.6340615051745414,0.5674335901678328,0.3119997552328118,62
Venlo,Netherlands,Limburg,51.37,6.17,temperate_horticulture,2023-02-13,2023-03-01,0.20206297079153973,0.05110246733490053,0.055430412808114074,-0.20611265475085458,58
Wieringermeer,Netherlands,Noord-Holland,52.85,5,temperate_arable,2023-02-13,2023-03-01,0.5694960536133185,0.3875845679529459,0.35215296593578854,0.19419176889552425,62
Emmen,Netherlands,Drenthe,52.75,6.85,temperate_arable,2023-02-13,2023-03-01,0.7463813051777333,0.5048540352967567,0.46754942543121203,0.25377987775109506,59
Bunnik,Netherlands,Utrecht,52.05,5.2,temperate_dairy_pasture,2023-02-13,2023-03-01,0.7019079462576949,0.4453708133921545,0.41477545338199767,0.21658248418196266,56
Alblasserdam,Netherlands,Zuid-Holland,51.87,4.67,temperate_dairy_pasture,2023-02-13,2023-03-01,0.32228247683066186,0.15605192094812598,0.14637877889680787,-0.016249328528985557,58
Ashburton,New Zealand,Canterbury,-43.9,171.75,maritime_arable,2023-02-13,2023-03-01,0.8142694350886341,0.3544313680251618,0.355839307834636,0.31300694998820044,53
Hamilton,New Zealand,Waikato,-37.78,175.28,maritime_dairy_pasture,2023-02-13,2023-03-01,0.4858445164743101,0.2660247872591914,0.2487363251142166,0.17484655470126645,48
Hastings,New Zealand,HawkesBay,-39.64,176.84,maritime_horticulture,2023-02-13,2023-03-01,0.06869474261030818,0.03747568135286721,0.03774291861404487,-0.07569076540448931,49
Balclutha,New Zealand,Otago,-46.23,169.75,maritime_arable,2023-02-13,2023-03-01,0.32356170131861006,0.19210351821221472,0.17194997388741265,-0.03791022202574879,52
TePuke,New Zealand,BayOfPlenty,-37.78,176.32,maritime_horticulture,2023-02-13,2023-03-01,0.5239823680590083,0.3663614938679249,0.3172278038953775,0.1349014514503321,51
Stratford,New Zealand,Taranaki,-39.34,174.28,maritime_dairy_pasture,2023-02-13,2023-03-01,0.5678720966170556,0.41793369818335785,0.37846123180060215,0.07828358451704587,50
Blenheim,New Zealand,Marlborough,-41.51,173.96,maritime_horticulture,2023-02-13,2023-03-01,0.1929862732264153,0.11363719761509433,0.10431508267379071,-0.042144764818564655,51
Masterton,New Zealand,Wairarapa,-40.96,175.66,maritime_arable,2023-02-13,2023-03-01,0.6055244249104188,0.4043634763592269,0.3674257260817816,0.13430333888527976,51
Kerikeri,New Zealand,Northland,-35.22,173.95,maritime_horticulture,2023-02-13,2023-03-01,0.8798571422614234,0.5929027084220521,0.5354921175736315,0.538487565618404,47
Motueka,New Zealand,Tasman,-41.11,173,maritime_horticulture,2023-02-13,2023-03-01,0.8810663326217789,0.6786822770927755,0.6028403044509099,0.4361869966630551,51
Shakardara,Afghanistan,Kabul,34.65,69.03,highland_irrigated,2023-03-01,2023-03-17,0.11757374049548952,0.08986335272202656,0.08579898573600815,-0.09398042280652132,44
Kama,Afghanistan,Nangarhar,34.42,70.55,lowland_irrigated,2023-03-01,2023-03-17,0.5986645408921974,0.3810470138617861,0.34840264211849814,0.3102888851699954,47
Dawlatabad,Afghanistan,Balkh,36.85,66.85,plains_irrigated,2023-03-01,2023-03-17,0.32182237795425367,0.23692912327747842,0.2296694875077063,0.018448804450514812,50
Injil,Afghanistan,Herat,34.28,62.15,plains_irrigated,2023-03-01,2023-03-17,0.32184419267906716,0.251940599163642,0.23409610248928403,0.10745961388637948,47
Arghandab,Afghanistan,Kandahar,31.72,65.65,arid_irrigated,2023-03-01,2023-03-17,0.4642101539303996,0.30825594226213215,0.29756018592249334,0.1720011891855899,47
Khanabad,Afghanistan,Kunduz,36.65,68.95,plains_irrigated,2023-03-01,2023-03-17,0.20946666578889533,0.17477873800390373,0.16383703588309642,-0.05641864836358352,44
Faizabad,Afghanistan,Badakhshan,37.1,70.55,highland_rainfed,2023-03-01,2023-03-17,0.1219923524369822,0.07881275413754316,0.07311196398547998,-0.03276532894285962,49
NadAli,Afghanistan,Helmand,31.55,64.25,arid_irrigated,2023-03-01,2023-03-17,0.0782392592519077,0.05556604330314283,0.05922899484915881,-0.11892313331832638,46
GhazniCity,Afghanistan,Ghazni,33.55,68.42,highland_rainfed,2023-03-01,2023-03-17,0.08845985352172811,0.07948474487086352,0.06598875836828055,-0.07423286617772613,46
Maimana,Afghanistan,Faryab,35.92,64.78,plains_rainfed,2023-03-01,2023-03-17,0.19684744752502084,0.133371895390206,0.12406312311757332,-0.019993953510740733,48
Chaghcharan,Afghanistan,Ghor,34.52,65.25,highland_rainfed,2023-03-01,2023-03-17,0.06526247648337584,0.05486717030482484,0.049467462969253334,-0.0192501303084125,47
Zaranj,Afghanistan,Nimroz,31,61.87,arid_irrigated,2023-03-01,2023-03-17,0.0905631326203434,0.0747487750045867,0.07315983006011606,-0.10771652106692571,46
Dronten,Netherlands,Flevoland,52.53,5.72,temperate_arable,2023-03-01,2023-03-17,0.2981879949231818,0.18410129645596202,0.1680355906300978,0.004747121808166835,63
Veendam,Netherlands,Groningen,53.1,6.87,temperate_arable,2023-03-01,2023-03-17,0.4361986711490924,0.22194638675788692,0.20856185809024175,0.03437744193841765,62
Sneek,Netherlands,Friesland,53.03,5.65,temperate_dairy_pasture,2023-03-01,2023-03-17,0.4791210565863811,0.24321030626307394,0.23901655593580853,0.003720309296495787,64
Goes,Netherlands,Zeeland,51.5,3.9,temperate_arable,2023-03-01,2023-03-17,0.16114155848209713,0.1226154697728404,0.09487328389029406,0.07775514250066161,62
Uden,Netherlands,Noord-Brabant,51.66,5.62,temperate_dairy_pasture,2023-03-01,2023-03-17,0.5242085141928565,0.2826804491919996,0.26931284266521527,0.07596659531629062,62
Tiel,Netherlands,Gelderland,51.9,5.6,temperate_horticulture,2023-03-01,2023-03-17,-0.43640176208099746,-0.0669554113048509,-0.0654928608083037,0.29344275610961684,60
Almelo,Netherlands,Overijssel,52.35,6.6,temperate_dairy_pasture,2023-03-01,2023-03-17,0.7907567103584743,0.5667604210532341,0.5149288152532747,0.24181431142409168,62
Venlo,Netherlands,Limburg,51.37,6.17,temperate_horticulture,2023-03-01,2023-03-17,0.19155242221495736,0.058911417884535085,0.06007222582307876,-0.17988528164607562,58
Wieringermeer,Netherlands,Noord-Holland,52.85,5,temperate_arable,2023-03-01,2023-03-17,0.50900921632963,0.38622968680014724,0.33513207893284663,0.19256740769976624,62
Emmen,Netherlands,Drenthe,52.75,6.85,temperate_arable,2023-03-01,2023-03-17,0.5917858108897098,0.5164208756703748,0.39534965797627064,0.31061519335419185,59
Bunnik,Netherlands,Utrecht,52.05,5.2,temperate_dairy_pasture,2023-03-01,2023-03-17,0.7660607510881128,0.4584191254373757,0.44111309535140636,0.30980105143551334,56
Alblasserdam,Netherlands,Zuid-Holland,51.87,4.67,temperate_dairy_pasture,2023-03-01,2023-03-17,0.34040391162316175,0.15775971151862583,0.15099676026113162,-0.017109211298118994,58
Hamilton,New Zealand,Waikato,-37.78,175.28,maritime_dairy_pasture,2023-03-01,2023-03-17,0.5367770442660659,0.2581263237903998,0.24837019232476296,0.15948993596206143,47
Gore,New Zealand,Southland,-46.1,168.95,maritime_dairy_pasture,2023-03-01,2023-03-17,0.1969458442754937,0.12061784281930472,0.1221636833559743,0.01621045740288117,54
PalmerstonN,New Zealand,Manawatu,-40.35,175.61,maritime_dairy_pasture,2023-03-01,2023-03-17,0.3419938080582763,0.2393047158284592,0.20818396809487316,0.010828920092340487,48
Hastings,New Zealand,HawkesBay,-39.64,176.84,maritime_horticulture,2023-03-01,2023-03-17,0.08381246905390433,0.04318218148546313,0.042496897135995276,-0.0754512862773301,49
Balclutha,New Zealand,Otago,-46.23,169.75,maritime_arable,2023-03-01,2023-03-17,0.3456662754975837,0.19738605506884355,0.17748398354276956,-0.0023265635161326733,52
TePuke,New Zealand,BayOfPlenty,-37.78,176.32,maritime_horticulture,2023-03-01,2023-03-17,0.5246532746381225,0.35282305211448395,0.31403704608287625,0.14302229286223986,51
Stratford,New Zealand,Taranaki,-39.34,174.28,maritime_dairy_pasture,2023-03-01,2023-03-17,0.5387650116940353,0.40999982272401025,0.3531407998761232,0.09395745523056186,50
Blenheim,New Zealand,Marlborough,-41.51,173.96,maritime_horticulture,2023-03-01,2023-03-17,0.19991563502665904,0.11273235751223315,0.10472974018499841,-0.02899171335131839,51
Masterton,New Zealand,Wairarapa,-40.96,175.66,maritime_arable,2023-03-01,2023-03-17,0.6220172336510605,0.4284439199981986,0.38573301759977957,0.16430258473976364,51
Kerikeri,New Zealand,Northland,-35.22,173.95,maritime_horticulture,2023-03-01,2023-03-17,0.8851650429978255,0.5333719252363766,0.5061043098368275,0.545458887744654,47
Motueka,New Zealand,Tasman,-41.11,173,maritime_horticulture,2023-03-01,2023-03-17,0.8763999243241497,0.6152024385340801,0.5617832580444859,0.44225326978408486,51
Shakardara,Afghanistan,Kabul,34.65,69.03,highland_irrigated,2023-03-17,2023-04-02,0.16069200797298958,0.11326068732898817,0.10999013819293058,-0.05534269139335996,44
Kama,Afghanistan,Nangarhar,34.42,70.55,lowland_irrigated,2023-03-17,2023-04-02,0.6522425161678927,0.44303744183269556,0.3967216607853369,0.32944716155611703,47
Dawlatabad,Afghanistan,Balkh,36.85,66.85,plains_irrigated,2023-03-17,2023-04-02,0.3493859857183679,0.26851586042658554,0.25384954743471316,0.03475656966863036,50
Injil,Afghanistan,Herat,34.28,62.15,plains_irrigated,2023-03-17,2023-04-02,0.51662359443517,0.35732518982678757,0.34305147325149565,0.23663815349924305,47
Arghandab,Afghanistan,Kandahar,31.72,65.65,arid_irrigated,2023-03-17,2023-04-02,0.47975113046455536,0.3901394915373501,0.35471769516817997,0.19887781193377055,47
Khanabad,Afghanistan,Kunduz,36.65,68.95,plains_irrigated,2023-03-17,2023-04-02,0.35612581632093354,0.293432645307455,0.2724362565562456,0.04781935583207951,44
Faizabad,Afghanistan,Badakhshan,37.1,70.55,highland_rainfed,2023-03-17,2023-04-02,0.23423770029169855,0.139839262283552,0.13472772896949536,0.045905243025003956,49
NadAli,Afghanistan,Helmand,31.55,64.25,arid_irrigated,2023-03-17,2023-04-02,0.07349130672572265,0.05100149114488438,0.05482456920709237,-0.11704956674042033,46
GhazniCity,Afghanistan,Ghazni,33.55,68.42,highland_rainfed,2023-03-17,2023-04-02,0.08973555788722125,0.08181922933718268,0.06708610422506095,-0.058288825755364565,46
Maimana,Afghanistan,Faryab,35.92,64.78,plains_rainfed,2023-03-17,2023-04-02,0.22969385757643437,0.16479419035357537,0.150977896694006,-0.025529500812775007,48
Chaghcharan,Afghanistan,Ghor,34.52,65.25,highland_rainfed,2023-03-17,2023-04-02,0.10158283104902677,0.0833500081083066,0.07771407812898101,-0.0521160045111408,47
Zaranj,Afghanistan,Nimroz,31,61.87,arid_irrigated,2023-03-17,2023-04-02,0.0895916623943229,0.07562007964353264,0.07227724920068782,-0.10272851275677179,46
Veendam,Netherlands,Groningen,53.1,6.87,temperate_arable,2023-03-17,2023-04-02,0.45167741282720214,0.16586014628823575,0.16908408144905485,0.029035259065453147,62
Sneek,Netherlands,Friesland,53.03,5.65,temperate_dairy_pasture,2023-03-17,2023-04-02,0.47675657445660713,0.2583339329957752,0.2464062197449074,-0.010039064892318492,64
Tiel,Netherlands,Gelderland,51.9,5.6,temperate_horticulture,2023-03-17,2023-04-02,-0.4421959825481271,-0.1272301592274323,-0.12389128245214419,0.2280365565631169,12
Almelo,Netherlands,Overijssel,52.35,6.6,temperate_dairy_pasture,2023-03-17,2023-04-02,0.8198259460114657,0.6851582595079906,0.58822326844318,0.35176182867614686,62
Venlo,Netherlands,Limburg,51.37,6.17,temperate_horticulture,2023-03-17,2023-04-02,0.15081913347560263,0.03326134862142267,0.034817716938362615,-0.1563504190380359,58
Emmen,Netherlands,Drenthe,52.75,6.85,temperate_arable,2023-03-17,2023-04-02,0.42395216839263583,0.2749094144449477,0.2185542742674554,0.24369445046779525,25
Bunnik,Netherlands,Utrecht,52.05,5.2,temperate_dairy_pasture,2023-03-17,2023-04-02,0.5998846106035799,0.5114029335143916,0.4243665459730163,0.20857310238612736,12
Hamilton,New Zealand,Waikato,-37.78,175.28,maritime_dairy_pasture,2023-03-17,2023-04-02,0.54167255540284,0.24946313351217486,0.24050512693744613,0.19831008748032247,48
Gore,New Zealand,Southland,-46.1,168.95,maritime_dairy_pasture,2023-03-17,2023-04-02,0.2106093241686562,0.13002413868968465,0.13141559101550188,0.07249171535777668,54
PalmerstonN,New Zealand,Manawatu,-40.35,175.61,maritime_dairy_pasture,2023-03-17,2023-04-02,0.2800437116559584,0.19877620655745742,0.15802371463001194,0.10431794906844999,47
Hastings,New Zealand,HawkesBay,-39.64,176.84,maritime_horticulture,2023-03-17,2023-04-02,0.10077849359775039,0.06282566838534195,0.05627631324619357,-0.05157546845228348,49
Balclutha,New Zealand,Otago,-46.23,169.75,maritime_arable,2023-03-17,2023-04-02,0.3758158501013826,0.18763814473534662,0.1774824489192061,0.07131466747833733,52
TePuke,New Zealand,BayOfPlenty,-37.78,176.32,maritime_horticulture,2023-03-17,2023-04-02,0.5295002621239321,0.400042597574546,0.33939715480563837,0.17456604179470114,39
Stratford,New Zealand,Taranaki,-39.34,174.28,maritime_dairy_pasture,2023-03-17,2023-04-02,0.598454588489087,0.4372630799859191,0.38735681035657227,0.09602690556349654,50
Blenheim,New Zealand,Marlborough,-41.51,173.96,maritime_horticulture,2023-03-17,2023-04-02,0.21043398626928528,0.12774135105342338,0.11354695068896986,-0.020160258385135917,51
Kerikeri,New Zealand,Northland,-35.22,173.95,maritime_horticulture,2023-03-17,2023-04-02,0.8940810758020085,0.5767928105841107,0.5377931345222489,0.5482442007458088,47
Motueka,New Zealand,Tasman,-41.11,173,maritime_horticulture,2023-03-17,2023-04-02,0.8151739693181651,0.6821160902182056,0.5955498838582245,0.33752125030638874,51
Shakardara,Afghanistan,Kabul,34.65,69.03,highland_irrigated,2023-04-02,2023-04-18,0.1565303000663801,0.1268390048550073,0.11621283799454427,-0.03795247183719051,44
Kama,Afghanistan,Nangarhar,34.42,70.55,lowland_irrigated,2023-04-02,2023-04-18,0.7296600643230213,0.4786630829209037,0.456145886396323,0.3544681051447196,47
Dawlatabad,Afghanistan,Balkh,36.85,66.85,plains_irrigated,2023-04-02,2023-04-18,0.24222160702240209,0.23245319224000882,0.19241622395630367,0.05343513528601546,50
Injil,Afghanistan,Herat,34.28,62.15,plains_irrigated,2023-04-02,2023-04-18,0.5405975774815408,0.4487702424924738,0.399482579145358,0.28219168112936777,47
Arghandab,Afghanistan,Kandahar,31.72,65.65,arid_irrigated,2023-04-02,2023-04-18,0.4960879948664557,0.3950107073167349,0.3690667098086612,0.1975159127160439,47
Khanabad,Afghanistan,Kunduz,36.65,68.95,plains_irrigated,2023-04-02,2023-04-18,0.34385504240920545,0.2637850194421582,0.24146903569808323,0.07992085967574725,44
Faizabad,Afghanistan,Badakhshan,37.1,70.55,highland_rainfed,2023-04-02,2023-04-18,0.30488138012217275,0.22887119791020025,0.2050402368076389,0.121630291266437,49
NadAli,Afghanistan,Helmand,31.55,64.25,arid_irrigated,2023-04-02,2023-04-18,0.08953828139892266,0.06819078959497027,0.07130465767300975,-0.0788633008698808,46
GhazniCity,Afghanistan,Ghazni,33.55,68.42,highland_rainfed,2023-04-02,2023-04-18,0.09212223958442607,0.0887716658249457,0.07176311217744327,-0.038664596115505726,46
Maimana,Afghanistan,Faryab,35.92,64.78,plains_rainfed,2023-04-02,2023-04-18,0.25567928553124325,0.1993815130711409,0.17677995361083745,0.003320450395728924,48
Chaghcharan,Afghanistan,Ghor,34.52,65.25,highland_rainfed,2023-04-02,2023-04-18,0.10324386402302527,0.08716085843045993,0.07935921187634735,-0.02271526054332176,47
Zaranj,Afghanistan,Nimroz,31,61.87,arid_irrigated,2023-04-02,2023-04-18,0.09717093935431957,0.08916167736256612,0.08251400918539561,-0.08112611116541961,46
Dronten,Netherlands,Flevoland,52.53,5.72,temperate_arable,2023-04-02,2023-04-18,0.30297071938598635,0.21253653384096274,0.18704092276626025,0.02493553001754107,63
Veendam,Netherlands,Groningen,53.1,6.87,temperate_arable,2023-04-02,2023-04-18,0.43310100515529715,0.27118101752731993,0.23139653427487358,0.011086371142723822,62
Sneek,Netherlands,Friesland,53.03,5.65,temperate_dairy_pasture,2023-04-02,2023-04-18,0.4989061284115953,0.28408710517087216,0.27146121971747145,0.04241402725232041,64
Goes,Netherlands,Zeeland,51.5,3.9,temperate_arable,2023-04-02,2023-04-18,0.19310645016551312,0.11678484050410269,0.11184036303282509,-0.09270124176598905,62
Uden,Netherlands,Noord-Brabant,51.66,5.62,temperate_dairy_pasture,2023-04-02,2023-04-18,0.4836899341356847,0.2955807513588558,0.2777430265748342,0.0769102267601314,62
Tiel,Netherlands,Gelderland,51.9,5.6,temperate_horticulture,2023-04-02,2023-04-18,-0.322516592238319,-0.07314650202722374,-0.0816617336930973,0.5418820812979919,60
Almelo,Netherlands,Overijssel,52.35,6.6,temperate_dairy_pasture,2023-04-02,2023-04-18,0.8749891220170953,0.7394239090793727,0.6462170009565147,0.4430067177485572,62
Venlo,Netherlands,Limburg,51.37,6.17,temperate_horticulture,2023-04-02,2023-04-18,0.2044035288843711,0.07326432490044957,0.07431267465645636,-0.15442009872781978,58
Wieringermeer,Netherlands,Noord-Holland,52.85,5,temperate_arable,2023-04-02,2023-04-18,0.6039110349412297,0.4161816068227718,0.3715802763605142,0.3483034987623415,62
Emmen,Netherlands,Drenthe,52.75,6.85,temperate_arable,2023-04-02,2023-04-18,0.7821757166078397,0.490085815549097,0.46099159414254637,0.29927087744537206,59
Bunnik,Netherlands,Utrecht,52.05,5.2,temperate_dairy_pasture,2023-04-02,2023-04-18,0.8378098106986076,0.6779409308828153,0.5872412735952827,0.3964772995620412,56
Alblasserdam,Netherlands,Zuid-Holland,51.87,4.67,temperate_dairy_pasture,2023-04-02,2023-04-18,0.26694357179527933,0.17866932586770148,0.13966227630799877,0.060386520389678115,58
Ashburton,New Zealand,Canterbury,-43.9,171.75,maritime_arable,2023-04-02,2023-04-18,0.8221123961729162,0.31409608362605546,0.3263195189710604,0.33111047881375044,53
Hamilton,New Zealand,Waikato,-37.78,175.28,maritime_dairy_pasture,2023-04-02,2023-04-18,0.5542576292459781,0.2426401166251641,0.23937796415163698,0.19066683379655827,48
PalmerstonN,New Zealand,Manawatu,-40.35,175.61,maritime_dairy_pasture,2023-04-02,2023-04-18,0.3216825584825675,0.1830665353928055,0.17003917848456815,0.04754351174782359,46
Balclutha,New Zealand,Otago,-46.23,169.75,maritime_arable,2023-04-02,2023-04-18,0.4277576287847388,0.26220632399223,0.23234890103270744,0.08102364937602019,52
Stratford,New Zealand,Taranaki,-39.34,174.28,maritime_dairy_pasture,2023-04-02,2023-04-18,0.5790293360561886,0.41885968764636966,0.38178959474719865,0.09985462031153972,50
Blenheim,New Zealand,Marlborough,-41.51,173.96,maritime_horticulture,2023-04-02,2023-04-18,0.20901802360701874,0.11117857209982329,0.10481915175746742,-0.02693801925823335,51
Kerikeri,New Zealand,Northland,-35.22,173.95,maritime_horticulture,2023-04-02,2023-04-18,0.9043069815829451,0.552072988907087,0.5332865253143846,0.5576776870911865,47
Motueka,New Zealand,Tasman,-41.11,173,maritime_horticulture,2023-04-02,2023-04-18,0.7656217826903813,0.5643318767319758,0.524972051455023,0.25008771490113224,51
Shakardara,Afghanistan,Kabul,34.65,69.03,highland_irrigated,2023-04-18,2023-05-04,0.16566486225985477,0.14190611414558277,0.1325996903460212,-0.04596647138187457,44
Kama,Afghanistan,Nangarhar,34.42,70.55,lowland_irrigated,2023-04-18,2023-05-04,0.5288807102136738,0.36004148470153496,0.3465489187305947,0.1862634894880176,47
Dawlatabad,Afghanistan,Balkh,36.85,66.85,plains_irrigated,2023-04-18,2023-05-04,0.2979291925546204,0.2376853063204517,0.2243692007614086,0.042406602687972784,50
Injil,Afghanistan,Herat,34.28,62.15,plains_irrigated,2023-04-18,2023-05-04,0.4764566500473386,0.3833927646031845,0.3441719159017707,0.2370859347268747,47
Arghandab,Afghanistan,Kandahar,31.72,65.65,arid_irrigated,2023-04-18,2023-05-04,0.41162750779154633,0.32585905374074,0.30913704015325394,0.15011618810424696,47
Khanabad,Afghanistan,Kunduz,36.65,68.95,plains_irrigated,2023-04-18,2023-05-04,0.22249090735693364,0.18467616264088568,0.17989775678610562,-0.021847668738197212,44
Faizabad,Afghanistan,Badakhshan,37.1,70.55,highland_rainfed,2023-04-18,2023-05-04,0.353747567593317,0.25707091750710426,0.2368182065255713,0.08981083581813722,49
NadAli,Afghanistan,Helmand,31.55,64.25,arid_irrigated,2023-04-18,2023-05-04,0.06908125251931932,0.05530547736533542,0.05662339189453317,-0.08445149077497312,46
GhazniCity,Afghanistan,Ghazni,33.55,68.42,highland_rainfed,2023-04-18,2023-05-04,0.08803466756020445,0.08784043364956612,0.06924795578607588,-0.05478555302757,46
Maimana,Afghanistan,Faryab,35.92,64.78,plains_rainfed,2023-04-18,2023-05-04,0.23285480636103012,0.19123874410450778,0.16992544990121233,-0.001118720297909067,48
Chaghcharan,Afghanistan,Ghor,34.52,65.25,highland_rainfed,2023-04-18,2023-05-04,0.155508954797275,0.13456259108711907,0.12483915542995863,0.0017045030845432485,47
Zaranj,Afghanistan,Nimroz,31,61.87,arid_irrigated,2023-04-18,2023-05-04,0.09748413450648884,0.09481703209116485,0.08594382128303414,-0.080390710752512,46
Dronten,Netherlands,Flevoland,52.53,5.72,temperate_arable,2023-04-18,2023-05-04,0.27797522254852813,0.191716634430773,0.1723483936617845,0.0209234305686771,63
Veendam,Netherlands,Groningen,53.1,6.87,temperate_arable,2023-04-18,2023-05-04,0.4682019204502954,0.2718796696063147,0.25342233924557744,-0.007557013262773568,62
Sneek,Netherlands,Friesland,53.03,5.65,temperate_dairy_pasture,2023-04-18,2023-05-04,0.5422506701029572,0.3952749134086101,0.34414054155671103,0.14594698046681343,64
Goes,Netherlands,Zeeland,51.5,3.9,temperate_arable,2023-04-18,2023-05-04,0.21762353585355196,0.14546031164770135,0.13202617263984515,-0.06015824947297766,62
Uden,Netherlands,Noord-Brabant,51.66,5.62,temperate_dairy_pasture,2023-04-18,2023-05-04,0.4862922555919536,0.45409557536483974,0.3475423239023122,0.12023888060905459,62
Tiel,Netherlands,Gelderland,51.9,5.6,temperate_horticulture,2023-04-18,2023-05-04,-0.3470931830546554,-0.041716001364809616,-0.04257981531991166,0.3601992497299407,60
Almelo,Netherlands,Overijssel,52.35,6.6,temperate_dairy_pasture,2023-04-18,2023-05-04,0.8701218097011418,0.8157188549757861,0.6902929937053545,0.4628869226808367,62
Venlo,Netherlands,Limburg,51.37,6.17,temperate_horticulture,2023-04-18,2023-05-04,0.2225691658985775,0.10238558589607377,0.09410542535452968,-0.13318293214174895,58
Wieringermeer,Netherlands,Noord-Holland,52.85,5,temperate_arable,2023-04-18,2023-05-04,0.6203479730780882,0.49145046356984257,0.4317660769008199,0.3555142038840813,62
Emmen,Netherlands,Drenthe,52.75,6.85,temperate_arable,2023-04-18,2023-05-04,0.7290289771711592,0.5336931285758792,0.4811171720260088,0.4112457473558242,59
Bunnik,Netherlands,Utrecht,52.05,5.2,temperate_dairy_pasture,2023-04-18,2023-05-04,0.8233107807028712,0.7350154602360776,0.6057086112021184,0.4558928535312807,56
Alblasserdam,Netherlands,Zuid-Holland,51.87,4.67,temperate_dairy_pasture,2023-04-18,2023-05-04,0.33880227742589736,0.22266710151612013,0.19025006486024437,0.05982179584591533,58
Ashburton,New Zealand,Canterbury,-43.9,171.75,maritime_arable,2023-04-18,2023-05-04,0.48591894524346096,0.23599501203601866,0.2110456090089641,0.22539467827651344,53
Hamilton,New Zealand,Waikato,-37.78,175.28,maritime_dairy_pasture,2023-04-18,2023-05-04,0.442144680618491,0.26662584916489773,0.2357948117708119,0.11066952019218525,10
Gore,New Zealand,Southland,-46.1,168.95,maritime_dairy_pasture,2023-04-18,2023-05-04,0.3276601925690755,0.17455405663327295,0.156407462686367,0.1712082491368388,54
Balclutha,New Zealand,Otago,-46.23,169.75,maritime_arable,2023-04-18,2023-05-04,0.40857375965908516,0.19621561102569485,0.18648369575553064,0.08380714307673177,52
Stratford,New Zealand,Taranaki,-39.34,174.28,maritime_dairy_pasture,2023-04-18,2023-05-04,0.5580823957053895,0.3257936923324247,0.2657818023867892,0.29064333295614647,50
Blenheim,New Zealand,Marlborough,-41.51,173.96,maritime_horticulture,2023-04-18,2023-05-04,0.23592489500836855,0.12970187901306268,0.11946978731120458,-0.008143655774931742,51
Motueka,New Zealand,Tasman,-41.11,173,maritime_horticulture,2023-04-18,2023-05-04,0.7547733260717298,0.5430867300707303,0.5012644296060326,0.2727930487798456,51
Shakardara,Afghanistan,Kabul,34.65,69.03,highland_irrigated,2023-05-04,2023-05-20,0.17725486247178618,0.17502421478500862,0.15034922148857843,-0.017268746154333863,44
Kama,Afghanistan,Nangarhar,34.42,70.55,lowland_irrigated,2023-05-04,2023-05-20,0.4303325436857775,0.2930140197109795,0.2948283889507894,0.09532846864058853,47
Dawlatabad,Afghanistan,Balkh,36.85,66.85,plains_irrigated,2023-05-04,2023-05-20,0.20463893839193228,0.1804834675846306,0.16213251886973837,0.02170557462748979,50
Injil,Afghanistan,Herat,34.28,62.15,plains_irrigated,2023-05-04,2023-05-20,0.3019053450341315,0.2447080372347376,0.22427767491221273,0.11481771261424482,47
Arghandab,Afghanistan,Kandahar,31.72,65.65,arid_irrigated,2023-05-04,2023-05-20,0.20548267045239552,0.16491920152635073,0.16463593619484673,0.01860941679217767,47
Khanabad,Afghanistan,Kunduz,36.65,68.95,plains_irrigated,2023-05-04,2023-05-20,0.13067953459707635,0.13302914835986696,0.11583566969963886,-0.0042986633264040135,12
Faizabad,Afghanistan,Badakhshan,37.1,70.55,highland_rainfed,2023-05-04,2023-05-20,0.33478134324440684,0.2701669304522215,0.23672346025034013,0.11309850874502617,49
NadAli,Afghanistan,Helmand,31.55,64.25,arid_irrigated,2023-05-04,2023-05-20,0.08553089546445591,0.07306783912304113,0.07256121348913798,-0.07990626358585576,46
GhazniCity,Afghanistan,Ghazni,33.55,68.42,highland_rainfed,2023-05-04,2023-05-20,0.1012492847183855,0.10162268461439386,0.080179651388042,-0.05252628419538479,46
Maimana,Afghanistan,Faryab,35.92,64.78,plains_rainfed,2023-05-04,2023-05-20,0.21533461397945736,0.18014675682075162,0.16242517879636068,-0.02118762134141149,48
Chaghcharan,Afghanistan,Ghor,34.52,65.25,highland_rainfed,2023-05-04,2023-05-20,0.19625188676571081,0.177376884006381,0.1611427018818358,0.003730265851193271,47
Zaranj,Afghanistan,Nimroz,31,61.87,arid_irrigated,2023-05-04,2023-05-20,0.09324276368331805,0.09444954217043657,0.08265957208591013,-0.075813623792963,46
Veendam,Netherlands,Groningen,53.1,6.87,temperate_arable,2023-05-04,2023-05-20,0.38766216292155053,0.20872261220579558,0.17549381037799416,0.13136196865171065,62
Uden,Netherlands,Noord-Brabant,51.66,5.62,temperate_dairy_pasture,2023-05-04,2023-05-20,0.6377179863044498,0.558051970680087,0.4563754785745128,0.24661416358905425,62
Tiel,Netherlands,Gelderland,51.9,5.6,temperate_horticulture,2023-05-04,2023-05-20,-0.2100343676350111,-0.037537783306747556,-0.03707647724359931,0.38033387470687574,14
Almelo,Netherlands,Overijssel,52.35,6.6,temperate_dairy_pasture,2023-05-04,2023-05-20,0.8257304103917456,0.6950003022084279,0.6074618911147205,0.3743657247315652,62
Venlo,Netherlands,Limburg,51.37,6.17,temperate_horticulture,2023-05-04,2023-05-20,0.2834913116671605,0.15762907806013834,0.13924247259256323,-0.018409776023149756,58
Emmen,Netherlands,Drenthe,52.75,6.85,temperate_arable,2023-05-04,2023-05-20,0.4457946034968331,0.3108442195233511,0.2731406412458024,0.04408730696714529,59
Bunnik,Netherlands,Utrecht,52.05,5.2,temperate_dairy_pasture,2023-05-04,2023-05-20,0.7833627194607776,0.7104953775659388,0.5748582098025484,0.3732859771146724,56
Alblasserdam,Netherlands,Zuid-Holland,51.87,4.67,temperate_dairy_pasture,2023-05-04,2023-05-20,0.37324428537732296,0.2777139301560281,0.23134979475148715,0.048215862141170664,58
Hamilton,New Zealand,Waikato,-37.78,175.28,maritime_dairy_pasture,2023-05-04,2023-05-20,0.08742964388758301,0.152869325611512,0.07059359982046402,0.015198101795966019,48
Hastings,New Zealand,HawkesBay,-39.64,176.84,maritime_horticulture,2023-05-04,2023-05-20,0.06313262812976887,0.02818138907642034,0.029804808035714794,-0.0734074508474847,49
Balclutha,New Zealand,Otago,-46.23,169.75,maritime_arable,2023-05-04,2023-05-20,0.4262988546198999,0.24492684095246506,0.21719443794864665,0.1122332667047519,52
Stratford,New Zealand,Taranaki,-39.34,174.28,maritime_dairy_pasture,2023-05-04,2023-05-20,0.5511758502238665,0.22544871477608602,0.2046711143562767,0.3040407679529824,50
Blenheim,New Zealand,Marlborough,-41.51,173.96,maritime_horticulture,2023-05-04,2023-05-20,0.21516194331776067,0.12600252394601313,0.11345207791083102,-0.00950082794088088,51
Kerikeri,New Zealand,Northland,-35.22,173.95,maritime_horticulture,2023-05-04,2023-05-20,0.9059590894537858,0.5175823941121698,0.5074871411103863,0.55465583296172,47
Motueka,New Zealand,Tasman,-41.11,173,maritime_horticulture,2023-05-04,2023-05-20,0.7360455644903944,0.5187574984596668,0.4825582265671362,0.2957746601324492,51
Shakardara,Afghanistan,Kabul,34.65,69.03,highland_irrigated,2023-05-20,2023-06-05,0.1619480170957196,0.1591836347954156,0.13861733201948825,-0.028797560017320537,44
Kama,Afghanistan,Nangarhar,34.42,70.55,lowland_irrigated,2023-05-20,2023-06-05,0.4247729173941961,0.2798839161766673,0.2729009330714399,0.08639271779677354,47
Dawlatabad,Afghanistan,Balkh,36.85,66.85,plains_irrigated,2023-05-20,2023-06-05,0.20577378392794723,0.16592763686328021,0.15901377456633162,0.01785889261610175,50
Injil,Afghanistan,Herat,34.28,62.15,plains_irrigated,2023-05-20,2023-06-05,0.17280914345464024,0.1523442334710495,0.1434875042888934,0.008078467453473542,47
Arghandab,Afghanistan,Kandahar,31.72,65.65,arid_irrigated,2023-05-20,2023-06-05,0.14849537351822312,0.12707639013534058,0.12546747900068245,-0.03128130741709812,47
Khanabad,Afghanistan,Kunduz,36.65,68.95,plains_irrigated,2023-05-20,2023-06-05,0.09348847961435161,0.08279246995741257,0.07939137768023619,-0.0879597355366229,44
Faizabad,Afghanistan,Badakhshan,37.1,70.55,highland_rainfed,2023-05-20,2023-06-05,0.32026998059324024,0.25331606040734905,0.22848377618584076,0.08866617852517739,49
NadAli,Afghanistan,Helmand,31.55,64.25,arid_irrigated,2023-05-20,2023-06-05,0.0961979552765391,0.08399219045487331,0.08264949382508065,-0.06322854468671243,46
GhazniCity,Afghanistan,Ghazni,33.55,68.42,highland_rainfed,2023-05-20,2023-06-05,0.10917059871574576,0.1105184072282109,0.08744270603922524,-0.05510978006301876,46
Maimana,Afghanistan,Faryab,35.92,64.78,plains_rainfed,2023-05-20,2023-06-05,0.2160043510895657,0.17711671613267235,0.15999333898829213,-0.03420834028888117,48
Chaghcharan,Afghanistan,Ghor,34.52,65.25,highland_rainfed,2023-05-20,2023-06-05,0.1908333847406405,0.17232759182954413,0.15828406225670663,-0.003997136919191746,47
Dronten,Netherlands,Flevoland,52.53,5.72,temperate_arable,2023-05-20,2023-06-05,0.27251486385825624,0.2154975954082308,0.17735342328293066,0.0068907432292901905,63
Veendam,Netherlands,Groningen,53.1,6.87,temperate_arable,2023-05-20,2023-06-05,0.5946827105159996,0.40355966890858963,0.363346965823197,0.12063810995711464,62
Sneek,Netherlands,Friesland,53.03,5.65,temperate_dairy_pasture,2023-05-20,2023-06-05,0.5360961054052267,0.35913477817790324,0.322861270990739,0.12973485643508947,64
Goes,Netherlands,Zeeland,51.5,3.9,temperate_arable,2023-05-20,2023-06-05,0.24670296359735397,0.18286667962925165,0.16322981470618753,-0.045558262023835665,62
Uden,Netherlands,Noord-Brabant,51.66,5.62,temperate_dairy_pasture,2023-05-20,2023-06-05,0.5537344241097732,0.42418043158739743,0.36570414483526453,0.15378578259715728,62
Tiel,Netherlands,Gelderland,51.9,5.6,temperate_horticulture,2023-05-20,2023-06-05,-0.20107252653751015,-0.05247073748414711,-0.04870716214511421,0.2527173137781808,60
Almelo,Netherlands,Overijssel,52.35,6.6,temperate_dairy_pasture,2023-05-20,2023-06-05,0.790022331066685,0.7758684136548247,0.6086456658226628,0.3674253868015663,62
Venlo,Netherlands,Limburg,51.37,6.17,temperate_horticulture,2023-05-20,2023-06-05,0.22637987268965484,0.1050448067692182,0.10153021902427467,-0.13939692570023945,58
Wieringermeer,Netherlands,Noord-Holland,52.85,5,temperate_arable,2023-05-20,2023-06-05,0.6537979057008428,0.5254278482745407,0.46319744404836244,0.3679938278795685,62
Emmen,Netherlands,Drenthe,52.75,6.85,temperate_arable,2023-05-20,2023-06-05,0.47005349127625523,0.299589580125092,0.2729657357588391,-0.020612054508325754,59
Bunnik,Netherlands,Utrecht,52.05,5.2,temperate_dairy_pasture,2023-05-20,2023-06-05,0.7380966485460654,0.6341302778650344,0.5446214133631053,0.30156800987713717,56
Alblasserdam,Netherlands,Zuid-Holland,51.87,4.67,temperate_dairy_pasture,2023-05-20,2023-06-05,0.3674255056079284,0.2455689199882595,0.21352126645342226,0.05573549443715425,58
Hamilton,New Zealand,Waikato,-37.78,175.28,maritime_dairy_pasture,2023-05-20,2023-06-05,0.4672622552896214,0.25143155205664064,0.23852717841487592,0.18586660858365697,48
Gore,New Zealand,Southland,-46.1,168.95,maritime_dairy_pasture,2023-05-20,2023-06-05,-0.022880454375672064,0.09261024497094253,0.08312979638473128,0.031705817564885136,54
PalmerstonN,New Zealand,Manawatu,-40.35,175.61,maritime_dairy_pasture,2023-05-20,2023-06-05,0.38310776683899694,0.2310246848061962,0.2181380882813905,0.05971886849568281,48
Hastings,New Zealand,HawkesBay,-39.64,176.84,maritime_horticulture,2023-05-20,2023-06-05,0.07378825021421606,0.031570172025642704,0.03326405402818303,-0.0745305238422246,49
Balclutha,New Zealand,Otago,-46.23,169.75,maritime_arable,2023-05-20,2023-06-05,0.4116573152659361,0.22138210834219516,0.19338493730059933,0.11522390808681812,52
TePuke,New Zealand,BayOfPlenty,-37.78,176.32,maritime_horticulture,2023-05-20,2023-06-05,0.5282393861432074,0.3418538839633986,0.29721968539980054,0.18137474539035386,51
Stratford,New Zealand,Taranaki,-39.34,174.28,maritime_dairy_pasture,2023-05-20,2023-06-05,0.6555625616860948,0.4175308781716555,0.39049049355956317,0.17664974593425,50
Blenheim,New Zealand,Marlborough,-41.51,173.96,maritime_horticulture,2023-05-20,2023-06-05,0.21482118342694537,0.11938311912511035,0.10936740665048643,-0.02185068932060973,51
Kerikeri,New Zealand,Northland,-35.22,173.95,maritime_horticulture,2023-05-20,2023-06-05,0.8977460109939177,0.5204163849139468,0.5110358098200934,0.5650382668441741,47
Motueka,New Zealand,Tasman,-41.11,173,maritime_horticulture,2023-05-20,2023-06-05,0.6052294857697686,0.3620465761949761,0.3591068756705782,0.1720557941516207,51
Shakardara,Afghanistan,Kabul,34.65,69.03,highland_irrigated,2023-06-05,2023-06-21,0.1418902660456566,0.1324176243769086,0.119203885995516,-0.05291646292507441,44
Kama,Afghanistan,Nangarhar,34.42,70.55,lowland_irrigated,2023-06-05,2023-06-21,0.3894771283205687,0.26783218488532473,0.25234259866514486,0.12238699054410937,47
Dawlatabad,Afghanistan,Balkh,36.85,66.85,plains_irrigated,2023-06-05,2023-06-21,0.1785750139213737,0.16007345490202493,0.14935564712419733,-0.024491562149588152,50
Injil,Afghanistan,Herat,34.28,62.15,plains_irrigated,2023-06-05,2023-06-21,0.11889282627705415,0.11307148913979496,0.10157906203348405,-0.020180160521329444,47
Arghandab,Afghanistan,Kandahar,31.72,65.65,arid_irrigated,2023-06-05,2023-06-21,0.14855303514818508,0.12996626151634944,0.12388174847015841,-0.03134584408727361,47
Khanabad,Afghanistan,Kunduz,36.65,68.95,plains_irrigated,2023-06-05,2023-06-21,0.08535846757112919,0.07422899220913864,0.07178355108052534,-0.10830764749829437,44
Faizabad,Afghanistan,Badakhshan,37.1,70.55,highland_rainfed,2023-06-05,2023-06-21,0.30046850676659465,0.22994115325649211,0.21610032540070764,0.08087094041624203,49
NadAli,Afghanistan,Helmand,31.55,64.25,arid_irrigated,2023-06-05,2023-06-21,0.13308992353037224,0.11594513228725917,0.11349237657105207,-0.043024402344098954,46
GhazniCity,Afghanistan,Ghazni,33.55,68.42,highland_rainfed,2023-06-05,2023-06-21,0.09634323252010833,0.10064651834874216,0.07790290963238962,-0.05916570252418367,46
Maimana,Afghanistan,Faryab,35.92,64.78,plains_rainfed,2023-06-05,2023-06-21,0.1945605429132858,0.16320074295331155,0.1478324064242324,-0.04221387315686251,48
Chaghcharan,Afghanistan,Ghor,34.52,65.25,highland_rainfed,2023-06-05,2023-06-21,0.1939072194568397,0.17640679448958663,0.15737564628162512,-0.0047093499704777,47
Zaranj,Afghanistan,Nimroz,31,61.87,arid_irrigated,2023-06-05,2023-06-21,0.09592260561419691,0.09686594099652443,0.08635719624178491,-0.07987622328181375,46
Dronten,Netherlands,Flevoland,52.53,5.72,temperate_arable,2023-06-05,2023-06-21,0.20506443925485793,0.14518508484323778,0.1293347398995288,-0.07501805725153916,63
Veendam,Netherlands,Groningen,53.1,6.87,temperate_arable,2023-06-05,2023-06-21,0.5773217983588996,0.37674703561094663,0.3469600457186146,0.08960991434326451,62
Sneek,Netherlands,Friesland,53.03,5.65,temperate_dairy_pasture,2023-06-05,2023-06-21,0.4859131099608376,0.3452465411359958,0.30813659183696523,0.054383132286129524,64
Goes,Netherlands,Zeeland,51.5,3.9,temperate_arable,2023-06-05,2023-06-21,0.2153382049466216,0.15330188833664435,0.13840200578690887,-0.07363864302623731,62
Uden,Netherlands,Noord-Brabant,51.66,5.62,temperate_dairy_pasture,2023-06-05,2023-06-21,0.47729167807256523,0.3115111832298539,0.2925339526230607,0.060346079331811596,62
Tiel,Netherlands,Gelderland,51.9,5.6,temperate_horticulture,2023-06-05,2023-06-21,-0.2190248642322896,-0.04255007595661874,-0.04205419861993856,0.2906699728774517,60
Almelo,Netherlands,Overijssel,52.35,6.6,temperate_dairy_pasture,2023-06-05,2023-06-21,0.5919259699495282,0.42464938466486357,0.3996169049294856,0.05005669927077303,62
Venlo,Netherlands,Limburg,51.37,6.17,temperate_horticulture,2023-06-05,2023-06-21,0.1940523114181787,0.08741286543806556,0.08532244683295802,-0.16195733300577972,58
Wieringermeer,Netherlands,Noord-Holland,52.85,5,temperate_arable,2023-06-05,2023-06-21,0.6566942048366782,0.561334798524027,0.482136274190443,0.37706472935382845,62
Emmen,Netherlands,Drenthe,52.75,6.85,temperate_arable,2023-06-05,2023-06-21,0.43338149385243124,0.2823134235621504,0.2584520199311149,-0.0649097626034053,59
Bunnik,Netherlands,Utrecht,52.05,5.2,temperate_dairy_pasture,2023-06-05,2023-06-21,0.8118053885378321,0.7098629858937859,0.6039588938779485,0.330445802775048,56
Alblasserdam,Netherlands,Zuid-Holland,51.87,4.67,temperate_dairy_pasture,2023-06-05,2023-06-21,0.3545508998301523,0.23476262544514637,0.2078853958946713,0.026703709482937907,58
Ashburton,New Zealand,Canterbury,-43.9,171.75,maritime_arable,2023-06-05,2023-06-21,0.7698630314871637,0.27088481426040345,0.2722896649101031,0.35673816045392726,53
Hamilton,New Zealand,Waikato,-37.78,175.28,maritime_dairy_pasture,2023-06-05,2023-06-21,0.6089366922649403,0.2598266650041979,0.255684660566911,0.1975712389279416,48
Gore,New Zealand,Southland,-46.1,168.95,maritime_dairy_pasture,2023-06-05,2023-06-21,0.02940228959372013,0.09450271397609439,0.08777932761392093,0.1399299383718298,54
PalmerstonN,New Zealand,Manawatu,-40.35,175.61,maritime_dairy_pasture,2023-06-05,2023-06-21,0.38315326966323077,0.24744677369063994,0.22837800068631053,0.037958147907651,48
Hastings,New Zealand,HawkesBay,-39.64,176.84,maritime_horticulture,2023-06-05,2023-06-21,0.07247044933094351,0.031414981639217056,0.029033430998911106,-0.08659251989674537,49
Balclutha,New Zealand,Otago,-46.23,169.75,maritime_arable,2023-06-05,2023-06-21,0.40451249985832916,0.21139681641539573,0.1855638208074314,0.1175526156258055,52
TePuke,New Zealand,BayOfPlenty,-37.78,176.32,maritime_horticulture,2023-06-05,2023-06-21,0.5277803597130087,0.29062349795571396,0.2675597807213975,0.16134332911425273,51
Stratford,New Zealand,Taranaki,-39.34,174.28,maritime_dairy_pasture,2023-06-05,2023-06-21,0.6170759743865121,0.405547843962014,0.38042974335343505,0.1797360333227927,50
Blenheim,New Zealand,Marlborough,-41.51,173.96,maritime_horticulture,2023-06-05,2023-06-21,0.21567290383162863,0.12623837946724561,0.11265749458447652,0.007263258470120514,51
Masterton,New Zealand,Wairarapa,-40.96,175.66,maritime_arable,2023-06-05,2023-06-21,0.6247530820486958,0.3647891798090257,0.3436974188272181,0.199021591468013,51
Kerikeri,New Zealand,Northland,-35.22,173.95,maritime_horticulture,2023-06-05,2023-06-21,0.9023362497352198,0.5240382025012427,0.5067367824687813,0.5424470133062846,47
Motueka,New Zealand,Tasman,-41.11,173,maritime_horticulture,2023-06-05,2023-06-21,0.587761080295899,0.358083726543446,0.3540511152072515,0.19698598925492594,51
Shakardara,Afghanistan,Kabul,34.65,69.03,highland_irrigated,2023-06-21,2023-07-07,0.12715143543651558,0.117750947658628,0.1082673548250312,-0.06045614790660131,44
Kama,Afghanistan,Nangarhar,34.42,70.55,lowland_irrigated,2023-06-21,2023-07-07,0.45037342649481954,0.3095995628416447,0.2953255745646175,0.22328457454675005,47
Dawlatabad,Afghanistan,Balkh,36.85,66.85,plains_irrigated,2023-06-21,2023-07-07,0.23088851040714095,0.2165290351265528,0.1941546304970706,0.02784779647287483,50
Injil,Afghanistan,Herat,34.28,62.15,plains_irrigated,2023-06-21,2023-07-07,0.11144577700005234,0.10417627324971857,0.09448830159223442,-0.02159641235998901,47
Arghandab,Afghanistan,Kandahar,31.72,65.65,arid_irrigated,2023-06-21,2023-07-07,0.17071281040084893,0.1526451484873901,0.1427633241647876,-0.0075499893494879134,47
Khanabad,Afghanistan,Kunduz,36.65,68.95,plains_irrigated,2023-06-21,2023-07-07,0.07687206410554993,0.06931408693936748,0.0650680855094573,-0.10154655938984815,44
Faizabad,Afghanistan,Badakhshan,37.1,70.55,highland_rainfed,2023-06-21,2023-07-07,0.25615273659937826,0.20757134383964695,0.1863556116910353,0.08111420634650095,49
NadAli,Afghanistan,Helmand,31.55,64.25,arid_irrigated,2023-06-21,2023-07-07,0.16233893712065117,0.14573026381381923,0.13859640244379173,-0.027382006650762777,46
GhazniCity,Afghanistan,Ghazni,33.55,68.42,highland_rainfed,2023-06-21,2023-07-07,0.09937296794672806,0.1038047573440196,0.08096408670531882,-0.059332077648795334,46
Maimana,Afghanistan,Faryab,35.92,64.78,plains_rainfed,2023-06-21,2023-07-07,0.1921051519935239,0.1585979283137087,0.14510002861141044,-0.05076748266070139,48
Chaghcharan,Afghanistan,Ghor,34.52,65.25,highland_rainfed,2023-06-21,2023-07-07,0.20269132208364066,0.18459683895005463,0.16554867381382937,0.004043698509830237,47
Zaranj,Afghanistan,Nimroz,31,61.87,arid_irrigated,2023-06-21,2023-07-07,0.09527750719026197,0.09968660947311918,0.0876369720134846,-0.06336070310545569,46
Dronten,Netherlands,Flevoland,52.53,5.72,temperate_arable,2023-06-21,2023-07-07,0.17899408108761483,0.15138773055026378,0.12048188069479977,-0.07658668281889955,59
Veendam,Netherlands,Groningen,53.1,6.87,temperate_arable,2023-06-21,2023-07-07,0.5277178451596868,0.3897842205325055,0.3359692313433731,0.10763066923341368,62
Sneek,Netherlands,Friesland,53.03,5.65,temperate_dairy_pasture,2023-06-21,2023-07-07,0.4691831645794487,0.3360371243685673,0.29707473784664307,0.039839711385764955,64
Goes,Netherlands,Zeeland,51.5,3.9,temperate_arable,2023-06-21,2023-07-07,0.22485376694829426,0.1727883630399302,0.15216383006318035,-0.05051881079069401,62
Uden,Netherlands,Noord-Brabant,51.66,5.62,temperate_dairy_pasture,2023-06-21,2023-07-07,0.42420122790387355,0.28774690256436336,0.26833298000955114,0.02923522082679618,62
Tiel,Netherlands,Gelderland,51.9,5.6,temperate_horticulture,2023-06-21,2023-07-07,-0.42098273929557445,-0.06517380642204539,-0.06983646566939475,0.0797214770283185,60
Almelo,Netherlands,Overijssel,52.35,6.6,temperate_dairy_pasture,2023-06-21,2023-07-07,0.7603803179877466,0.6269248588667001,0.546441894678126,0.28060110103999175,62
Venlo,Netherlands,Limburg,51.37,6.17,temperate_horticulture,2023-06-21,2023-07-07,0.16157834317135136,0.07576675276913453,0.06947268611989452,-0.1860934338174387,58
Wieringermeer,Netherlands,Noord-Holland,52.85,5,temperate_arable,2023-06-21,2023-07-07,0.652136330404476,0.514949210414219,0.4590129047409935,0.36191218599227054,62
Emmen,Netherlands,Drenthe,52.75,6.85,temperate_arable,2023-06-21,2023-07-07,0.7326911575710814,0.6204872920487646,0.5424102037216635,0.29601738006257966,14
Bunnik,Netherlands,Utrecht,52.05,5.2,temperate_dairy_pasture,2023-06-21,2023-07-07,0.8267497547859165,0.6653957190922206,0.581855369884927,0.3169245578061089,56
Alblasserdam,Netherlands,Zuid-Holland,51.87,4.67,temperate_dairy_pasture,2023-06-21,2023-07-07,0.3387778509364423,0.23609365636870985,0.20391965714458202,0.04603178570965658,58
Hamilton,New Zealand,Waikato,-37.78,175.28,maritime_dairy_pasture,2023-06-21,2023-07-07,0.48860507461005886,0.22520075541266762,0.20675895151809673,0.2357965079150114,48
PalmerstonN,New Zealand,Manawatu,-40.35,175.61,maritime_dairy_pasture,2023-06-21,2023-07-07,0.37991765839107766,0.25867174193026654,0.21219744320914463,0.09286066072356296,48
Hastings,New Zealand,HawkesBay,-39.64,176.84,maritime_horticulture,2023-06-21,2023-07-07,0.0653983301129791,0.03243932787376868,0.030562524682754163,-0.07966743144295296,37
TePuke,New Zealand,BayOfPlenty,-37.78,176.32,maritime_horticulture,2023-06-21,2023-07-07,0.5375243852257581,0.29356066218537175,0.2732167373839232,0.14977670799973408,51
Stratford,New Zealand,Taranaki,-39.34,174.28,maritime_dairy_pasture,2023-06-21,2023-07-07,0.6145670273281747,0.39038535612601155,0.36350789753931245,0.17517548410088407,50
Blenheim,New Zealand,Marlborough,-41.51,173.96,maritime_horticulture,2023-06-21,2023-07-07,0.20276644341987737,0.10483484031179675,0.10177925631401265,-0.03900154442423899,51
Kerikeri,New Zealand,Northland,-35.22,173.95,maritime_horticulture,2023-06-21,2023-07-07,0.8769666630256195,0.5437449479346522,0.495637275615652,0.5420768763733541,47
Motueka,New Zealand,Tasman,-41.11,173,maritime_horticulture,2023-06-21,2023-07-07,0.49229417374830226,0.30619796469323457,0.2882167821712243,0.14399735365864208,51
Shakardara,Afghanistan,Kabul,34.65,69.03,highland_irrigated,2023-07-07,2023-07-23,0.11067072719899032,0.10901656190656737,0.09487116520193117,-0.06172862182207472,44
Kama,Afghanistan,Nangarhar,34.42,70.55,lowland_irrigated,2023-07-07,2023-07-23,0.5449598561119852,0.3975145737804386,0.3582132893633884,0.2459037680815263,47
Dawlatabad,Afghanistan,Balkh,36.85,66.85,plains_irrigated,2023-07-07,2023-07-23,0.2176827063392748,0.2097901769590459,0.18055908729766507,0.030478125208189558,50
Injil,Afghanistan,Herat,34.28,62.15,plains_irrigated,2023-07-07,2023-07-23,0.13998298266703552,0.12665791655352843,0.11514211213853176,-0.007060920647334972,47
Arghandab,Afghanistan,Kandahar,31.72,65.65,arid_irrigated,2023-07-07,2023-07-23,0.1971802000906893,0.16876727997741225,0.16178657475244715,0.00844136488378572,47
Khanabad,Afghanistan,Kunduz,36.65,68.95,plains_irrigated,2023-07-07,2023-07-23,0.08262668643063002,0.07104112201782642,0.06932909732063015,-0.11050322098220304,44
Faizabad,Afghanistan,Badakhshan,37.1,70.55,highland_rainfed,2023-07-07,2023-07-23,0.2167542862526661,0.187439952706669,0.16072639972853245,0.05252088171425349,49
NadAli,Afghanistan,Helmand,31.55,64.25,arid_irrigated,2023-07-07,2023-07-23,0.23908739816786645,0.2080824582891552,0.19966425625579529,0.032376319365172816,46
GhazniCity,Afghanistan,Ghazni,33.55,68.42,highland_rainfed,2023-07-07,2023-07-23,0.08609252287153506,0.08816730015980487,0.06987641180501764,-0.06206640725749884,46
Maimana,Afghanistan,Faryab,35.92,64.78,plains_rainfed,2023-07-07,2023-07-23,0.18638223064602036,0.15349934042409513,0.13808746868903443,-0.04240380191881995,48
Chaghcharan,Afghanistan,Ghor,34.52,65.25,highland_rainfed,2023-07-07,2023-07-23,0.21571388704474537,0.19610827378352363,0.17482061483694497,0.015483522573934733,47
Zaranj,Afghanistan,Nimroz,31,61.87,arid_irrigated,2023-07-07,2023-07-23,0.10440442606813921,0.10337896984508568,0.09495377320205277,-0.06574702057521903,46
Dronten,Netherlands,Flevoland,52.53,5.72,temperate_arable,2023-07-07,2023-07-23,0.20136577297834404,0.1572081277686422,0.13028626090244977,-0.06324749893276874,63
Sneek,Netherlands,Friesland,53.03,5.65,temperate_dairy_pasture,2023-07-07,2023-07-23,0.463596519757058,0.2945853690904254,0.2695832590287588,0.06433201386463425,64
Tiel,Netherlands,Gelderland,51.9,5.6,temperate_horticulture,2023-07-07,2023-07-23,-0.2336382394638149,-0.022894743326653005,-0.027728812399948868,0.013904668365197654,58
Venlo,Netherlands,Limburg,51.37,6.17,temperate_horticulture,2023-07-07,2023-07-23,0.19945896017727066,0.08847106611501165,0.08544606874265002,-0.16493293047182572,58
Emmen,Netherlands,Drenthe,52.75,6.85,temperate_arable,2023-07-07,2023-07-23,0.7937268817092034,0.7653258415205544,0.6054117965515045,0.39838016283990474,59
Bunnik,Netherlands,Utrecht,52.05,5.2,temperate_dairy_pasture,2023-07-07,2023-07-23,0.36912304233560594,0.2868722621617895,0.17415103724109837,0.30233901766788424,26
Alblasserdam,Netherlands,Zuid-Holland,51.87,4.67,temperate_dairy_pasture,2023-07-07,2023-07-23,0.33729644361606353,0.20532273127807985,0.18244178849356865,0.008625486950525016,58
Ashburton,New Zealand,Canterbury,-43.9,171.75,maritime_arable,2023-07-07,2023-07-23,0.7393161769758543,0.24361958172240242,0.2499940328975703,0.1984395161675365,53
Hamilton,New Zealand,Waikato,-37.78,175.28,maritime_dairy_pasture,2023-07-07,2023-07-23,0.5997876986199576,0.25068729384068716,0.25082905330948013,0.18648538560737604,48
Gore,New Zealand,Southland,-46.1,168.95,maritime_dairy_pasture,2023-07-07,2023-07-23,0.08030860739282578,0.0877692976773132,0.07909023488134144,0.08644852462769187,54
Hastings,New Zealand,HawkesBay,-39.64,176.84,maritime_horticulture,2023-07-07,2023-07-23,0.06182635685455312,0.024829030208158204,0.026195279815411372,-0.093404850673864,49
Balclutha,New Zealand,Otago,-46.23,169.75,maritime_arable,2023-07-07,2023-07-23,0.42248518553439746,0.21496288504144212,0.18700303399635435,0.12395128639288112,52
TePuke,New Zealand,BayOfPlenty,-37.78,176.32,maritime_horticulture,2023-07-07,2023-07-23,0.4461888076937378,0.23557759783101448,0.2104333352464043,0.1342218473966983,51
Stratford,New Zealand,Taranaki,-39.34,174.28,maritime_dairy_pasture,2023-07-07,2023-07-23,0.5205206709787962,0.3912320423708202,0.33591655116160674,0.15960634106372418,50
Blenheim,New Zealand,Marlborough,-41.51,173.96,maritime_horticulture,2023-07-07,2023-07-23,0.1976837406396437,0.11613844391092139,0.10130216810151119,-0.014703437830664048,51
Masterton,New Zealand,Wairarapa,-40.96,175.66,maritime_arable,2023-07-07,2023-07-23,0.5682267833464779,0.36574952964761914,0.33193397435725286,0.18965170911513077,51
Kerikeri,New Zealand,Northland,-35.22,173.95,maritime_horticulture,2023-07-07,2023-07-23,0.903542080205002,0.5208182851825158,0.5041557835526889,0.5531149762631443,47
Motueka,New Zealand,Tasman,-41.11,173,maritime_horticulture,2023-07-07,2023-07-23,0.49900264504997077,0.31679894624720795,0.29675279228161405,0.1082109934456541,51
Shakardara,Afghanistan,Kabul,34.65,69.03,highland_irrigated,2023-07-23,2023-08-08,0.1113206910522187,0.10006311571751321,0.094052819583127,-0.07802137517552166,44
Kama,Afghanistan,Nangarhar,34.42,70.55,lowland_irrigated,2023-07-23,2023-08-08,0.6408946106586672,0.4475796605759281,0.42018534816602415,0.263853163651679,47
Dawlatabad,Afghanistan,Balkh,36.85,66.85,plains_irrigated,2023-07-23,2023-08-08,0.24242425505640378,0.2344595883161647,0.2024823423479219,0.04919245578088427,50
Injil,Afghanistan,Herat,34.28,62.15,plains_irrigated,2023-07-23,2023-08-08,0.15631011252271337,0.141349244900384,0.12814564320560792,0.0036200007229926084,47
Arghandab,Afghanistan,Kandahar,31.72,65.65,arid_irrigated,2023-07-23,2023-08-08,0.24252212152884828,0.2083167413823805,0.19721298364722692,0.02288114345606299,47
Khanabad,Afghanistan,Kunduz,36.65,68.95,plains_irrigated,2023-07-23,2023-08-08,0.0827567975695091,0.06899994344484003,0.06721473901971328,-0.11035838461876346,44
Faizabad,Afghanistan,Badakhshan,37.1,70.55,highland_rainfed,2023-07-23,2023-08-08,0.24629305285018088,0.1913423949293087,0.17514304343705145,0.05757389579709344,49
NadAli,Afghanistan,Helmand,31.55,64.25,arid_irrigated,2023-07-23,2023-08-08,0.21633650353506428,0.19531369493580264,0.182511338681703,0.009428950059227649,46
GhazniCity,Afghanistan,Ghazni,33.55,68.42,highland_rainfed,2023-07-23,2023-08-08,0.07890883794173459,0.08105508526896184,0.06473754580310492,-0.053513429874639834,46
Maimana,Afghanistan,Faryab,35.92,64.78,plains_rainfed,2023-07-23,2023-08-08,0.16940854550560952,0.13552663723146016,0.12631912463257514,-0.05730068277678407,48
Chaghcharan,Afghanistan,Ghor,34.52,65.25,highland_rainfed,2023-07-23,2023-08-08,0.21055109675363246,0.18862469560148296,0.16897903083365262,0.008002521936576804,47
Zaranj,Afghanistan,Nimroz,31,61.87,arid_irrigated,2023-07-23,2023-08-08,0.09153852491453558,0.09375929489524751,0.08263761077228847,-0.07226969204651452,46
Dronten,Netherlands,Flevoland,52.53,5.72,temperate_arable,2023-07-23,2023-08-08,0.23684294725554783,0.20178043836149984,0.15926546968083297,-0.03591925633894231,63
Veendam,Netherlands,Groningen,53.1,6.87,temperate_arable,2023-07-23,2023-08-08,0.544033445377457,0.4851395914764142,0.3421345579852691,0.1744406615509034,62
Sneek,Netherlands,Friesland,53.03,5.65,temperate_dairy_pasture,2023-07-23,2023-08-08,0.5719244817727881,0.3812801144375951,0.34158401079145256,0.1493011200427554,64
Tiel,Netherlands,Gelderland,51.9,5.6,temperate_horticulture,2023-07-23,2023-08-08,-0.015081448614297584,-0.013229673758471441,-0.008889443770146362,-0.07675187246895385,2
Venlo,Netherlands,Limburg,51.37,6.17,temperate_horticulture,2023-07-23,2023-08-08,0.11850576515381153,0.088716941071736,0.06125349650103721,0.12109791171536716,16
Emmen,Netherlands,Drenthe,52.75,6.85,temperate_arable,2023-07-23,2023-08-08,0.9011743035674082,0.9673067960990186,0.7165293298055168,0.4614624615701451,59
Alblasserdam,Netherlands,Zuid-Holland,51.87,4.67,temperate_dairy_pasture,2023-07-23,2023-08-08,0.3583284210721663,0.2610099924431297,0.21940324809439363,0.043150482971533226,58
Ashburton,New Zealand,Canterbury,-43.9,171.75,maritime_arable,2023-07-23,2023-08-08,0.6624637357416767,0.2461772190072163,0.25889766128275427,0.23387834587644024,53
Hamilton,New Zealand,Waikato,-37.78,175.28,maritime_dairy_pasture,2023-07-23,2023-08-08,0.573151564039723,0.2494074266189703,0.24197303688847102,0.2262380122264442,48
Gore,New Zealand,Southland,-46.1,168.95,maritime_dairy_pasture,2023-07-23,2023-08-08,0.07359046385962688,0.09626370909932759,0.09452894950977327,0.054123347292663444,54
PalmerstonN,New Zealand,Manawatu,-40.35,175.61,maritime_dairy_pasture,2023-07-23,2023-08-08,0.3738756406726469,0.24240911193509657,0.21573669587723904,0.06871400354166204,48
Hastings,New Zealand,HawkesBay,-39.64,176.84,maritime_horticulture,2023-07-23,2023-08-08,0.0728194963735335,0.036292494504481514,0.033601562698559004,-0.07291186644520861,49
Balclutha,New Zealand,Otago,-46.23,169.75,maritime_arable,2023-07-23,2023-08-08,0.47386324634385674,0.23038566725614365,0.2109398688360491,0.12157512552378105,52
TePuke,New Zealand,BayOfPlenty,-37.78,176.32,maritime_horticulture,2023-07-23,2023-08-08,0.5377534528617353,0.3292129830889329,0.2899832739687097,0.15974800055397972,51
Stratford,New Zealand,Taranaki,-39.34,174.28,maritime_dairy_pasture,2023-07-23,2023-08-08,0.49835329527141814,0.4059293752301067,0.31137278677179936,0.2201289809765971,50
Blenheim,New Zealand,Marlborough,-41.51,173.96,maritime_horticulture,2023-07-23,2023-08-08,0.19526908795863093,0.12040430609186979,0.10128233819545843,0.002093363962199146,51
Masterton,New Zealand,Wairarapa,-40.96,175.66,maritime_arable,2023-07-23,2023-08-08,0.6211767472412032,0.3040223835121687,0.29574654731331795,0.2152749425789832,51
Kerikeri,New Zealand,Northland,-35.22,173.95,maritime_horticulture,2023-07-23,2023-08-08,0.8887625984206196,0.5267409318533894,0.504628168172864,0.544457916010021,47
Motueka,New Zealand,Tasman,-41.11,173,maritime_horticulture,2023-07-23,2023-08-08,0.5338678462558737,0.3188015890354006,0.30982010616542077,0.10300844303965287,51
Shakardara,Afghanistan,Kabul,34.65,69.03,highland_irrigated,2023-08-08,2023-08-24,0.11311288773824549,0.10023861442793816,0.0951813781975512,-0.08040938704195784,44
Kama,Afghanistan,Nangarhar,34.42,70.55,lowland_irrigated,2023-08-08,2023-08-24,0.6620139525036431,0.45829345385844256,0.42816204617469866,0.2697190749499873,47
Dawlatabad,Afghanistan,Balkh,36.85,66.85,plains_irrigated,2023-08-08,2023-08-24,0.2906336258107017,0.265856385477244,0.2363356871462227,0.0849227487431259,50
Injil,Afghanistan,Herat,34.28,62.15,plains_irrigated,2023-08-08,2023-08-24,0.19561411940757564,0.16896327061469274,0.15402100408156874,0.03255269409880219,47
Arghandab,Afghanistan,Kandahar,31.72,65.65,arid_irrigated,2023-08-08,2023-08-24,0.26099241158399233,0.22168044565822573,0.2081022524568578,0.03573719785795658,47
Khanabad,Afghanistan,Kunduz,36.65,68.95,plains_irrigated,2023-08-08,2023-08-24,0.08912877660753915,0.07272906862693002,0.07137149382438975,-0.10763273033415632,44
Faizabad,Afghanistan,Badakhshan,37.1,70.55,highland_rainfed,2023-08-08,2023-08-24,0.255432489423166,0.198889507494994,0.178437953567086,0.08153487976123824,49
NadAli,Afghanistan,Helmand,31.55,64.25,arid_irrigated,2023-08-08,2023-08-24,0.23627375797905142,0.20595675469166275,0.1953418368978151,0.016140682351705973,46
GhazniCity,Afghanistan,Ghazni,33.55,68.42,highland_rainfed,2023-08-08,2023-08-24,0.09585325914449566,0.09582497711149413,0.07797487256024159,-0.05766537596509266,46
Maimana,Afghanistan,Faryab,35.92,64.78,plains_rainfed,2023-08-08,2023-08-24,0.17551768495125866,0.13659927527106488,0.1272756628638236,-0.04964811953521716,48
Chaghcharan,Afghanistan,Ghor,34.52,65.25,highland_rainfed,2023-08-08,2023-08-24,0.21376351727982443,0.18146460017538701,0.16656030122665597,0.009164499367278624,47
Zaranj,Afghanistan,Nimroz,31,61.87,arid_irrigated,2023-08-08,2023-08-24,0.09303340123332025,0.09677292140108051,0.08323266680562617,-0.061313476505702985,46
Dronten,Netherlands,Flevoland,52.53,5.72,temperate_arable,2023-08-08,2023-08-24,0.24869458681202194,0.16887475700781568,0.14564881181691272,-0.03292159972849424,63
Veendam,Netherlands,Groningen,53.1,6.87,temperate_arable,2023-08-08,2023-08-24,0.56394163149498,0.373066059952334,0.31315329542220344,0.14953967128597667,62
Sneek,Netherlands,Friesland,53.03,5.65,temperate_dairy_pasture,2023-08-08,2023-08-24,0.5317768941007528,0.39842117678026345,0.348526052812026,0.10326834405623116,64
Goes,Netherlands,Zeeland,51.5,3.9,temperate_arable,2023-08-08,2023-08-24,0.2369739632629866,0.16524284910158352,0.1524157104690738,-0.05957389464918088,62
Uden,Netherlands,Noord-Brabant,51.66,5.62,temperate_dairy_pasture,2023-08-08,2023-08-24,0.5901338935146966,0.3609621733416589,0.3384067984905985,0.12702914041116056,62
Tiel,Netherlands,Gelderland,51.9,5.6,temperate_horticulture,2023-08-08,2023-08-24,-0.31302210918526113,-0.0459504529058175,-0.04719334428628813,0.17621358487831415,60
Almelo,Netherlands,Overijssel,52.35,6.6,temperate_dairy_pasture,2023-08-08,2023-08-24,0.7756130698660058,0.6185450334822077,0.544721804782647,0.21503868740409202,62
Venlo,Netherlands,Limburg,51.37,6.17,temperate_horticulture,2023-08-08,2023-08-24,0.2047927063909672,0.08580285975664308,0.08427386196254807,-0.16775583831434424,58
Wieringermeer,Netherlands,Noord-Holland,52.85,5,temperate_arable,2023-08-08,2023-08-24,0.43570634158530874,0.35204592619341263,0.30717273908828047,0.09939439433652547,47
Emmen,Netherlands,Drenthe,52.75,6.85,temperate_arable,2023-08-08,2023-08-24,0.8976618960642619,0.8060220395976097,0.6813685702773337,0.4283011808461731,59
Bunnik,Netherlands,Utrecht,52.05,5.2,temperate_dairy_pasture,2023-08-08,2023-08-24,0.7667592237944194,0.5861324756785223,0.5139029849768703,0.23289618049802807,56
Alblasserdam,Netherlands,Zuid-Holland,51.87,4.67,temperate_dairy_pasture,2023-08-08,2023-08-24,0.3760429646669066,0.2300323316689005,0.20876266776591584,0.03348251424357302,58
Ashburton,New Zealand,Canterbury,-43.9,171.75,maritime_arable,2023-08-08,2023-08-24,0.7361335961906664,0.25660920280480287,0.2734142321249417,0.240670945430543,53
Hamilton,New Zealand,Waikato,-37.78,175.28,maritime_dairy_pasture,2023-08-08,2023-08-24,0.5144002624058192,0.23163434214191903,0.22759757825793778,0.18926975875802216,48
Gore,New Zealand,Southland,-46.1,168.95,maritime_dairy_pasture,2023-08-08,2023-08-24,-0.08801461628672796,0.043638031002654,0.034953397931130954,0.31707133152340145,54
PalmerstonN,New Zealand,Manawatu,-40.35,175.61,maritime_dairy_pasture,2023-08-08,2023-08-24,0.3661966983323118,0.2569193306821448,0.22558935168053082,0.09559165955467194,48
Hastings,New Zealand,HawkesBay,-39.64,176.84,maritime_horticulture,2023-08-08,2023-08-24,0.06385698359845192,0.037220676631961776,0.03266228005064307,-0.07266399548534253,49
Balclutha,New Zealand,Otago,-46.23,169.75,maritime_arable,2023-08-08,2023-08-24,0.43943495511171204,0.21577346230229386,0.1906735110055985,0.16205948236463374,52
TePuke,New Zealand,BayOfPlenty,-37.78,176.32,maritime_horticulture,2023-08-08,2023-08-24,0.5329649446084773,0.31164953629021913,0.28893285478698044,0.16564149137174058,51
Stratford,New Zealand,Taranaki,-39.34,174.28,maritime_dairy_pasture,2023-08-08,2023-08-24,0.5520831103141827,0.4310024967786029,0.37655355335644586,0.1148846244685468,50
Blenheim,New Zealand,Marlborough,-41.51,173.96,maritime_horticulture,2023-08-08,2023-08-24,0.18801791654839706,0.11362120487899985,0.10076683060149386,-0.02249786110265695,51
Masterton,New Zealand,Wairarapa,-40.96,175.66,maritime_arable,2023-08-08,2023-08-24,0.6237844511039079,0.37694869481183224,0.35171487696218556,0.21381569830153965,51
Kerikeri,New Zealand,Northland,-35.22,173.95,maritime_horticulture,2023-08-08,2023-08-24,0.832746136919919,0.5699586332851289,0.5189142321854331,0.5286927131471999,47
Motueka,New Zealand,Tasman,-41.11,173,maritime_horticulture,2023-08-08,2023-08-24,0.5365812961423773,0.33672267220557645,0.3262089232351632,0.11718713890537505,51
Shakardara,Afghanistan,Kabul,34.65,69.03,highland_irrigated,2023-08-24,2023-09-09,0.10532000568816263,0.09388836527688973,0.08995189212511566,-0.07836645423029463,44
Kama,Afghanistan,Nangarhar,34.42,70.55,lowland_irrigated,2023-08-24,2023-09-09,0.7657686418823993,0.5237346119916648,0.5008229092521942,0.32581854011765304,47
Dawlatabad,Afghanistan,Balkh,36.85,66.85,plains_irrigated,2023-08-24,2023-09-09,0.3245288208929599,0.2738132330663665,0.2557875705737909,0.101208080000581,50
Injil,Afghanistan,Herat,34.28,62.15,plains_irrigated,2023-08-24,2023-09-09,0.22445547563125304,0.17548414649383984,0.16570346211411435,0.034603127486113223,47
Arghandab,Afghanistan,Kandahar,31.72,65.65,arid_irrigated,2023-08-24,2023-09-09,0.2720650484635156,0.22623198181398424,0.21313417441829535,0.033941926154176606,47
Khanabad,Afghanistan,Kunduz,36.65,68.95,plains_irrigated,2023-08-24,2023-09-09,0.08163454915437071,0.06612602047962947,0.06441394208272555,-0.1178009595877739,44
Faizabad,Afghanistan,Badakhshan,37.1,70.55,highland_rainfed,2023-08-24,2023-09-09,0.2534049624179558,0.193063762280405,0.17705379403547264,0.07178900007524021,49
NadAli,Afghanistan,Helmand,31.55,64.25,arid_irrigated,2023-08-24,2023-09-09,0.3041224120864228,0.24189221492028343,0.247169167291376,0.04852354391080454,46
GhazniCity,Afghanistan,Ghazni,33.55,68.42,highland_rainfed,2023-08-24,2023-09-09,0.09188521167193078,0.09084208829427519,0.07452680985323565,-0.06276372113467862,46
Maimana,Afghanistan,Faryab,35.92,64.78,plains_rainfed,2023-08-24,2023-09-09,0.15794611928876706,0.12870888936361946,0.11518148587696397,-0.052910516773929515,48
Chaghcharan,Afghanistan,Ghor,34.52,65.25,highland_rainfed,2023-08-24,2023-09-09,0.2151172921364566,0.17939097570144344,0.1657865867149346,-0.001842913403509815,47
Zaranj,Afghanistan,Nimroz,31,61.87,arid_irrigated,2023-08-24,2023-09-09,0.08995914403094005,0.08845848120621559,0.07903515917794048,-0.07197962403771925,46
Dronten,Netherlands,Flevoland,52.53,5.72,temperate_arable,2023-08-24,2023-09-09,0.2777913669299697,0.1885328711665627,0.16665590545706857,-0.018953090836536138,63
Veendam,Netherlands,Groningen,53.1,6.87,temperate_arable,2023-08-24,2023-09-09,0.6313937478629851,0.3582260155975176,0.34220750757094687,0.1181616377061005,62
Sneek,Netherlands,Friesland,53.03,5.65,temperate_dairy_pasture,2023-08-24,2023-09-09,0.5554096126987127,0.34310419410466186,0.3186845515738795,0.09703352169913342,64
Goes,Netherlands,Zeeland,51.5,3.9,temperate_arable,2023-08-24,2023-09-09,0.2693051406924269,0.16674236711373427,0.15625793531355175,-0.05278830663440866,62
Uden,Netherlands,Noord-Brabant,51.66,5.62,temperate_dairy_pasture,2023-08-24,2023-09-09,0.6214801125692567,0.3975601396545657,0.35980055959293633,0.18578425082393057,62
Tiel,Netherlands,Gelderland,51.9,5.6,temperate_horticulture,2023-08-24,2023-09-09,-0.5220175604701227,-0.06550702116582162,-0.06826468303172252,0.3944131782593987,60
Almelo,Netherlands,Overijssel,52.35,6.6,temperate_dairy_pasture,2023-08-24,2023-09-09,0.9273397672819355,0.8034095097928493,0.6952610819721688,0.4356913703366196,62
Venlo,Netherlands,Limburg,51.37,6.17,temperate_horticulture,2023-08-24,2023-09-09,0.24929654732966763,0.10000336395402179,0.09864499107053368,-0.12094965274205467,58
Wieringermeer,Netherlands,Noord-Holland,52.85,5,temperate_arable,2023-08-24,2023-09-09,0.5387909619091792,0.3856831299455839,0.35779933377428674,0.053738746017302094,62
Emmen,Netherlands,Drenthe,52.75,6.85,temperate_arable,2023-08-24,2023-09-09,0.8824046039749183,0.7395280756562347,0.6356310277005379,0.38920384110956985,59
Bunnik,Netherlands,Utrecht,52.05,5.2,temperate_dairy_pasture,2023-08-24,2023-09-09,0.8457128790474862,0.6850807201680603,0.585738546028596,0.327045839305564,56
Alblasserdam,Netherlands,Zuid-Holland,51.87,4.67,temperate_dairy_pasture,2023-08-24,2023-09-09,0.3791700712189629,0.21839918363576116,0.19938350226112483,0.03197630811906691,58
Ashburton,New Zealand,Canterbury,-43.9,171.75,maritime_arable,2023-08-24,2023-09-09,0.7135825863188141,0.2589452973512043,0.27768573207582736,0.21085204525747114,53
Hamilton,New Zealand,Waikato,-37.78,175.28,maritime_dairy_pasture,2023-08-24,2023-09-09,0.48497739160507025,0.24084004769352121,0.22993371048184036,0.1609013434282939,48
Gore,New Zealand,Southland,-46.1,168.95,maritime_dairy_pasture,2023-08-24,2023-09-09,0.27078409192734326,0.17332762281924705,0.16121058029188656,0.1610043930396115,54
PalmerstonN,New Zealand,Manawatu,-40.35,175.61,maritime_dairy_pasture,2023-08-24,2023-09-09,0.35538084847311086,0.24194075774931842,0.2182464303454732,0.033756445992240015,48
Hastings,New Zealand,HawkesBay,-39.64,176.84,maritime_horticulture,2023-08-24,2023-09-09,0.06421473049283488,0.03405867629775333,0.032569221051170334,-0.06287974722523995,49
Balclutha,New Zealand,Otago,-46.23,169.75,maritime_arable,2023-08-24,2023-09-09,0.38408501512522614,0.23547938264206802,0.20802914054304372,0.09710565779119906,52
TePuke,New Zealand,BayOfPlenty,-37.78,176.32,maritime_horticulture,2023-08-24,2023-09-09,0.5169066433030535,0.3185353960270722,0.29265834919190564,0.14990780592390004,51
Blenheim,New Zealand,Marlborough,-41.51,173.96,maritime_horticulture,2023-08-24,2023-09-09,0.1664334314771509,0.10129104924007719,0.08944047070090029,-0.03894711069310973,51
Masterton,New Zealand,Wairarapa,-40.96,175.66,maritime_arable,2023-08-24,2023-09-09,0.6191842931292355,0.3887784322161689,0.36583768318495813,0.17780817662217294,51
Kerikeri,New Zealand,Northland,-35.22,173.95,maritime_horticulture,2023-08-24,2023-09-09,0.7198914570440519,0.4598207142517229,0.4113268808292075,0.46296446991490786,47
Motueka,New Zealand,Tasman,-41.11,173,maritime_horticulture,2023-08-24,2023-09-09,0.49916314943670953,0.3384467177997624,0.3215585541828614,0.09106560064364204,51
Shakardara,Afghanistan,Kabul,34.65,69.03,highland_irrigated,2023-09-09,2023-09-25,0.116030165026725,0.09994978957826671,0.09627054630633032,-0.07909139595687018,44
Kama,Afghanistan,Nangarhar,34.42,70.55,lowland_irrigated,2023-09-09,2023-09-25,0.6671108962917188,0.447649422621668,0.41946829020585874,0.2422929466773088,47
Dawlatabad,Afghanistan,Balkh,36.85,66.85,plains_irrigated,2023-09-09,2023-09-25,0.2936796610054679,0.2613111977281701,0.23217091300891676,0.08772829707054725,50
Injil,Afghanistan,Herat,34.28,62.15,plains_irrigated,2023-09-09,2023-09-25,0.25463037471646904,0.19568846549199276,0.18513797785712888,0.0626588116712927,47
Arghandab,Afghanistan,Kandahar,31.72,65.65,arid_irrigated,2023-09-09,2023-09-25,0.2339873904187621,0.1926791337497931,0.18080312491513295,0.013093342814457318,47
Khanabad,Afghanistan,Kunduz,36.65,68.95,plains_irrigated,2023-09-09,2023-09-25,0.0812850290844083,0.06620578357696287,0.06422584985292373,-0.11681279066276719,44
Faizabad,Afghanistan,Badakhshan,37.1,70.55,highland_rainfed,2023-09-09,2023-09-25,0.21837071843868522,0.16318455986727182,0.14601312195993252,0.052062894163595344,49
NadAli,Afghanistan,Helmand,31.55,64.25,arid_irrigated,2023-09-09,2023-09-25,0.24870861576208433,0.22636213206667027,0.20279507033610616,0.047992454703619236,46
GhazniCity,Afghanistan,Ghazni,33.55,68.42,highland_rainfed,2023-09-09,2023-09-25,0.09599676461074277,0.09359328918072969,0.07690723526122911,-0.06357932687466367,46
Maimana,Afghanistan,Faryab,35.92,64.78,plains_rainfed,2023-09-09,2023-09-25,0.16517367973814487,0.12485249279437419,0.11530225103177841,-0.04677729860261986,48
Chaghcharan,Afghanistan,Ghor,34.52,65.25,highland_rainfed,2023-09-09,2023-09-25,0.1828178509472354,0.1485711588175125,0.13862247785456933,-0.017661025939453213,47
Zaranj,Afghanistan,Nimroz,31,61.87,arid_irrigated,2023-09-09,2023-09-25,0.08538422488773764,0.09257384773234736,0.07726511039334469,-0.05726699218936435,46
Dronten,Netherlands,Flevoland,52.53,5.72,temperate_arable,2023-09-09,2023-09-25,0.2785816082103551,0.20527094599577475,0.176222975140119,-0.02244200531033495,63
Veendam,Netherlands,Groningen,53.1,6.87,temperate_arable,2023-09-09,2023-09-25,0.5806899357018026,0.3607753063511671,0.3225973179213667,0.11190492676352913,62
Sneek,Netherlands,Friesland,53.03,5.65,temperate_dairy_pasture,2023-09-09,2023-09-25,0.5539349667645741,0.36224391830855796,0.33155802757123576,0.09517602591077944,64
Uden,Netherlands,Noord-Brabant,51.66,5.62,temperate_dairy_pasture,2023-09-09,2023-09-25,0.6014944150783648,0.35234800205430983,0.32750922408619976,0.14022843603108515,62
Tiel,Netherlands,Gelderland,51.9,5.6,temperate_horticulture,2023-09-09,2023-09-25,-0.24734354957076063,-0.03690544913812902,-0.038055485193290974,0.1628329629631196,60
Almelo,Netherlands,Overijssel,52.35,6.6,temperate_dairy_pasture,2023-09-09,2023-09-25,0.7957712436681739,0.8064192494257681,0.6274936490025028,0.35972837264943003,62
Venlo,Netherlands,Limburg,51.37,6.17,temperate_horticulture,2023-09-09,2023-09-25,0.21630263763169438,0.08412491063162703,0.08309655296966943,-0.14714318935958232,58
Emmen,Netherlands,Drenthe,52.75,6.85,temperate_arable,2023-09-09,2023-09-25,0.8307109627750393,0.7255288831916121,0.6062334279377354,0.35361534227110847,59
Bunnik,Netherlands,Utrecht,52.05,5.2,temperate_dairy_pasture,2023-09-09,2023-09-25,0.784990340861512,0.6869603440135591,0.5600308362345575,0.336029975612787,56
Alblasserdam,Netherlands,Zuid-Holland,51.87,4.67,temperate_dairy_pasture,2023-09-09,2023-09-25,0.35676514433612444,0.22021352828429658,0.1976509031002247,0.029825243346168574,58
Hamilton,New Zealand,Waikato,-37.78,175.28,maritime_dairy_pasture,2023-09-09,2023-09-25,0.47020060485640347,0.23692802250605893,0.22373520892842955,0.1668645267671504,48
Gore,New Zealand,Southland,-46.1,168.95,maritime_dairy_pasture,2023-09-09,2023-09-25,-0.044075277789879595,0.053631146085208234,0.034921564410614725,0.39272308072041556,54
Hastings,New Zealand,HawkesBay,-39.64,176.84,maritime_horticulture,2023-09-09,2023-09-25,0.0744159488021397,0.044698266900281815,0.03941998588402075,-0.05824243998338779,49
Balclutha,New Zealand,Otago,-46.23,169.75,maritime_arable,2023-09-09,2023-09-25,0.40530368730772376,0.2965571337798371,0.24758047367743613,0.10506719784962752,52
TePuke,New Zealand,BayOfPlenty,-37.78,176.32,maritime_horticulture,2023-09-09,2023-09-25,0.4204251817656501,0.30088040350465706,0.272920326120551,0.10681298299718965,13
Stratford,New Zealand,Taranaki,-39.34,174.28,maritime_dairy_pasture,2023-09-09,2023-09-25,0.5168252348990336,0.4305639949349785,0.3504284790875066,0.12751408245100584,50
Blenheim,New Zealand,Marlborough,-41.51,173.96,maritime_horticulture,2023-09-09,2023-09-25,0.17115894161999026,0.1090750055593893,0.09531570089233382,-0.03462243160121092,51
Masterton,New Zealand,Wairarapa,-40.96,175.66,maritime_arable,2023-09-09,2023-09-25,0.5960214997990346,0.4010395874467178,0.36466620015471024,0.1486390341343117,51
Kerikeri,New Zealand,Northland,-35.22,173.95,maritime_horticulture,2023-09-09,2023-09-25,0.8629623998447759,0.491026561775209,0.47690228651840205,0.48916457383637557,47
Motueka,New Zealand,Tasman,-41.11,173,maritime_horticulture,2023-09-09,2023-09-25,0.43608056395118855,0.38262095685166486,0.313326500654023,0.07060481107964289,51
Shakardara,Afghanistan,Kabul,34.65,69.03,highland_irrigated,2023-09-25,2023-10-11,0.10107781460342495,0.08350943209231206,0.0816275457237702,-0.09894199198739359,44
Kama,Afghanistan,Nangarhar,34.42,70.55,lowland_irrigated,2023-09-25,2023-10-11,0.551427827225727,0.3381669548884583,0.3347201643640016,0.15968303388365482,47
Dawlatabad,Afghanistan,Balkh,36.85,66.85,plains_irrigated,2023-09-25,2023-10-11,0.3042974948341318,0.2507836441768345,0.230490320643019,0.08436261787781739,50
Injil,Afghanistan,Herat,34.28,62.15,plains_irrigated,2023-09-25,2023-10-11,0.2437141704780454,0.18649840782528496,0.1767368814852215,0.05359156018105567,47
Arghandab,Afghanistan,Kandahar,31.72,65.65,arid_irrigated,2023-09-25,2023-10-11,0.2510501351649237,0.1960815514383442,0.19091563451578988,0.018602586208226468,47
Khanabad,Afghanistan,Kunduz,36.65,68.95,plains_irrigated,2023-09-25,2023-10-11,0.07706586985091725,0.06125107105145631,0.05999469329821697,-0.12172040227874312,44
Faizabad,Afghanistan,Badakhshan,37.1,70.55,highland_rainfed,2023-09-25,2023-10-11,0.23732219731832363,0.16710567572711943,0.1542289229043258,0.04349306733393296,49
NadAli,Afghanistan,Helmand,31.55,64.25,arid_irrigated,2023-09-25,2023-10-11,0.31333308524338177,0.23843995762637324,0.23270201276591765,0.04286633843811814,46
GhazniCity,Afghanistan,Ghazni,33.55,68.42,highland_rainfed,2023-09-25,2023-10-11,0.09265065936579998,0.08680531935991448,0.07303815079572526,-0.06032432850192985,46
Maimana,Afghanistan,Faryab,35.92,64.78,plains_rainfed,2023-09-25,2023-10-11,0.16802979207742,0.12497078555911201,0.115913465579668,-0.040966315740854665,48
Chaghcharan,Afghanistan,Ghor,34.52,65.25,highland_rainfed,2023-09-25,2023-10-11,0.17639461217216948,0.13974616882844318,0.13289788192051868,-0.021742809978633364,47
Zaranj,Afghanistan,Nimroz,31,61.87,arid_irrigated,2023-09-25,2023-10-11,0.09387201453968469,0.09292828061628153,0.08280128764384763,-0.0895709804747396,46
Dronten,Netherlands,Flevoland,52.53,5.72,temperate_arable,2023-09-25,2023-10-11,0.32399194110578844,0.26648354011492825,0.23022831395373738,-0.00624803010994056,56
Goes,Netherlands,Zeeland,51.5,3.9,temperate_arable,2023-09-25,2023-10-11,0.25495428405458254,0.14415608312573078,0.14525449203009227,-0.07412487290623386,62
Uden,Netherlands,Noord-Brabant,51.66,5.62,temperate_dairy_pasture,2023-09-25,2023-10-11,0.4689557965728924,0.2780973645715847,0.25982395788984086,0.10384845421853398,59
Almelo,Netherlands,Overijssel,52.35,6.6,temperate_dairy_pasture,2023-09-25,2023-10-11,0.44279250674257425,0.3616363944193162,0.2777593437473143,0.17593876046259152,55
Venlo,Netherlands,Limburg,51.37,6.17,temperate_horticulture,2023-09-25,2023-10-11,0.22265455148392255,0.08554854207976999,0.08634708667755062,-0.1506622923542893,58
Wieringermeer,Netherlands,Noord-Holland,52.85,5,temperate_arable,2023-09-25,2023-10-11,0.4867466348420745,0.33821785084963607,0.3431536834869664,0.09836208473604398,62
Ashburton,New Zealand,Canterbury,-43.9,171.75,maritime_arable,2023-09-25,2023-10-11,0.7440247948909684,0.31060652644004033,0.31529552312878517,0.263126876281359,53
Hamilton,New Zealand,Waikato,-37.78,175.28,maritime_dairy_pasture,2023-09-25,2023-10-11,0.45891301883284286,0.242390981087645,0.21620431010302799,0.1750047393143177,8
PalmerstonN,New Zealand,Manawatu,-40.35,175.61,maritime_dairy_pasture,2023-09-25,2023-10-11,0.32045975610862726,0.3061340503196509,0.22563179378210735,0.06265657712611568,44
Hastings,New Zealand,HawkesBay,-39.64,176.84,maritime_horticulture,2023-09-25,2023-10-11,0.09127786239670833,0.08215737427667186,0.058641263677917235,-0.026516412837453342,49
Balclutha,New Zealand,Otago,-46.23,169.75,maritime_arable,2023-09-25,2023-10-11,0.42114627473778277,0.35240927099321234,0.2676337300264723,0.11472989773863292,52
TePuke,New Zealand,BayOfPlenty,-37.78,176.32,maritime_horticulture,2023-09-25,2023-10-11,0.4974953985952773,0.37930604382159705,0.31733672311858485,0.16541547585448282,51
Stratford,New Zealand,Taranaki,-39.34,174.28,maritime_dairy_pasture,2023-09-25,2023-10-11,0.5740744752896062,0.47088009087406557,0.4084470854072768,0.10955388373695817,50
Blenheim,New Zealand,Marlborough,-41.51,173.96,maritime_horticulture,2023-09-25,2023-10-11,0.17284379388657337,0.11163644470392552,0.09437756781509739,-0.021541799304399718,51
Kerikeri,New Zealand,Northland,-35.22,173.95,maritime_horticulture,2023-09-25,2023-10-11,0.8561940849400481,0.550512053694429,0.5143695162353114,0.49734445437174885,47
Motueka,New Zealand,Tasman,-41.11,173,maritime_horticulture,2023-09-25,2023-10-11,0.5580370577928662,0.4366455790977176,0.3914397553415913,0.11958955631947739,51
Shakardara,Afghanistan,Kabul,34.65,69.03,highland_irrigated,2023-10-11,2023-10-27,0.08886640226687048,0.0765501506722447,0.07286296133239463,-0.0923839573556648,44
Kama,Afghanistan,Nangarhar,34.42,70.55,lowland_irrigated,2023-10-11,2023-10-27,0.43341951707392684,0.24946860887629269,0.2437942108731885,0.079719952988655,47
Dawlatabad,Afghanistan,Balkh,36.85,66.85,plains_irrigated,2023-10-11,2023-10-27,0.26096931116444794,0.21852128337457158,0.1982162850947287,0.06915749440396445,50
Injil,Afghanistan,Herat,34.28,62.15,plains_irrigated,2023-10-11,2023-10-27,0.20514595231819874,0.16361968148605258,0.15308702107780076,0.010830013917239223,47
Arghandab,Afghanistan,Kandahar,31.72,65.65,arid_irrigated,2023-10-11,2023-10-27,0.2209938276976883,0.1656792375849834,0.160715731658475,-0.021087977161992587,47
Faizabad,Afghanistan,Badakhshan,37.1,70.55,highland_rainfed,2023-10-11,2023-10-27,0.22163960005078687,0.15807903061511328,0.14429957547943648,0.034131194108573924,49
NadAli,Afghanistan,Helmand,31.55,64.25,arid_irrigated,2023-10-11,2023-10-27,0.2681810716034761,0.19971435013883088,0.1968098112158467,0.0015602478524843779,46
GhazniCity,Afghanistan,Ghazni,33.55,68.42,highland_rainfed,2023-10-11,2023-10-27,0.09298825345801089,0.08871302892510556,0.07235430803421554,-0.05927641655534372,46
Maimana,Afghanistan,Faryab,35.92,64.78,plains_rainfed,2023-10-11,2023-10-27,0.1587166696718317,0.11739580645507715,0.10703940831858899,-0.05087246358956147,48
Chaghcharan,Afghanistan,Ghor,34.52,65.25,highland_rainfed,2023-10-11,2023-10-27,0.16079296117555072,0.12299495382654872,0.118510464009153,-0.02413993748658219,47
Zaranj,Afghanistan,Nimroz,31,61.87,arid_irrigated,2023-10-11,2023-10-27,0.09241726164762233,0.08235394234274748,0.0784716900340678,-0.09795621370216727,46
Dronten,Netherlands,Flevoland,52.53,5.72,temperate_arable,2023-10-11,2023-10-27,0.3185351844373673,0.20199697041941492,0.1848028599799417,0.014207156541828818,63
Veendam,Netherlands,Groningen,53.1,6.87,temperate_arable,2023-10-11,2023-10-27,0.6691166535771952,0.33562448970098296,0.3214232213961454,0.1896796494768568,62
Sneek,Netherlands,Friesland,53.03,5.65,temperate_dairy_pasture,2023-10-11,2023-10-27,0.5707175463079092,0.3851950447507284,0.3323960852000512,0.16233296984459794,64
Goes,Netherlands,Zeeland,51.5,3.9,temperate_arable,2023-10-11,2023-10-27,0.3845786081175534,0.103211519915468,0.108383882265502,-0.014878683040624776,62
Uden,Netherlands,Noord-Brabant,51.66,5.62,temperate_dairy_pasture,2023-10-11,2023-10-27,0.6015964777807924,0.34740080987936184,0.3265587067385418,0.15927878315173308,62
Tiel,Netherlands,Gelderland,51.9,5.6,temperate_horticulture,2023-10-11,2023-10-27,-0.33778327175498285,-0.09545592674799651,-0.05720532441539189,0.28476739038353166,60
Almelo,Netherlands,Overijssel,52.35,6.6,temperate_dairy_pasture,2023-10-11,2023-10-27,0.7186419448521858,0.5562558066643162,0.4975105235162679,0.22666635681262667,62
Venlo,Netherlands,Limburg,51.37,6.17,temperate_horticulture,2023-10-11,2023-10-27,0.2893323181122124,0.08244557422881922,0.08730847539908511,-0.13677462137341054,58
Wieringermeer,Netherlands,Noord-Holland,52.85,5,temperate_arable,2023-10-11,2023-10-27,0.267004451677033,0.14691124858966015,0.14806041502181838,-0.15479745478015156,62
Emmen,Netherlands,Drenthe,52.75,6.85,temperate_arable,2023-10-11,2023-10-27,0.576966059832938,0.27042810831217773,0.27149557486615106,0.012031470784144571,59
Bunnik,Netherlands,Utrecht,52.05,5.2,temperate_dairy_pasture,2023-10-11,2023-10-27,0.877022937166124,0.6568692729170452,0.5859417774496437,0.3934728823702329,56
Alblasserdam,Netherlands,Zuid-Holland,51.87,4.67,temperate_dairy_pasture,2023-10-11,2023-10-27,0.3763827455266458,0.3261728995846652,0.22771026993119126,0.09026915098144887,58
Ashburton,New Zealand,Canterbury,-43.9,171.75,maritime_arable,2023-10-11,2023-10-27,0.7460434803385315,0.37590922662550486,0.3726152980384795,0.2653792050561622,53
Hamilton,New Zealand,Waikato,-37.78,175.28,maritime_dairy_pasture,2023-10-11,2023-10-27,0.4951633893918072,0.32760575712826456,0.2940139502125215,0.13771364761942348,7
PalmerstonN,New Zealand,Manawatu,-40.35,175.61,maritime_dairy_pasture,2023-10-11,2023-10-27,0.36932806839151183,0.2834619019403245,0.2370508509301122,0.028809937455698452,48
Hastings,New Zealand,HawkesBay,-39.64,176.84,maritime_horticulture,2023-10-11,2023-10-27,0.07993927942928644,0.04920479064043519,0.04386483831476387,-0.053965845612240465,49
Balclutha,New Zealand,Otago,-46.23,169.75,maritime_arable,2023-10-11,2023-10-27,0.43667703979006117,0.1799980243278863,0.16352840208926073,0.23519772868982494,52
TePuke,New Zealand,BayOfPlenty,-37.78,176.32,maritime_horticulture,2023-10-11,2023-10-27,0.4776508786124969,0.38327386685767645,0.3137039044945974,0.1284324445858368,51
Stratford,New Zealand,Taranaki,-39.34,174.28,maritime_dairy_pasture,2023-10-11,2023-10-27,0.48176963147385565,0.4851127452035039,0.36132849168488007,0.1537892572117192,50
Blenheim,New Zealand,Marlborough,-41.51,173.96,maritime_horticulture,2023-10-11,2023-10-27,0.1919482279889874,0.131810128538265,0.11299287955788236,-0.015923610730260888,51
Masterton,New Zealand,Wairarapa,-40.96,175.66,maritime_arable,2023-10-11,2023-10-27,0.6142562638799258,0.44224356449967117,0.39200597125181336,0.16681209863797172,51
Motueka,New Zealand,Tasman,-41.11,173,maritime_horticulture,2023-10-11,2023-10-27,0.6065448593405722,0.460165286228486,0.419881362500777,0.1664195285151321,51
Shakardara,Afghanistan,Kabul,34.65,69.03,highland_irrigated,2023-10-27,2023-11-12,0.0881719004430679,0.07604804724190695,0.07299036312342538,-0.09387308936536048,44
Kama,Afghanistan,Nangarhar,34.42,70.55,lowland_irrigated,2023-10-27,2023-11-12,0.4229539359919297,0.2332979597839338,0.22427731005480933,0.090592006266166,47
Dawlatabad,Afghanistan,Balkh,36.85,66.85,plains_irrigated,2023-10-27,2023-11-12,0.18102947165320085,0.15870180461746913,0.1396490469728745,0.021101442571529485,50
Injil,Afghanistan,Herat,34.28,62.15,plains_irrigated,2023-10-27,2023-11-12,0.2111665905246388,0.1570203108897944,0.1479106152972895,0.026499867890323797,47
Arghandab,Afghanistan,Kandahar,31.72,65.65,arid_irrigated,2023-10-27,2023-11-12,0.21960498674054235,0.16115526659819016,0.1580140441368855,-0.014255586485369008,47
Khanabad,Afghanistan,Kunduz,36.65,68.95,plains_irrigated,2023-10-27,2023-11-12,0.06888778590791515,0.05484421637550527,0.054023238368007015,-0.12426878010482265,44
Faizabad,Afghanistan,Badakhshan,37.1,70.55,highland_rainfed,2023-10-27,2023-11-12,0.16916602629331612,0.11478825534791158,0.10952456387710746,0.011649842362614415,49
NadAli,Afghanistan,Helmand,31.55,64.25,arid_irrigated,2023-10-27,2023-11-12,0.18644480887455725,0.1393853948462,0.14084054210508848,-0.049377365839584235,46
GhazniCity,Afghanistan,Ghazni,33.55,68.42,highland_rainfed,2023-10-27,2023-11-12,0.09840883052594104,0.08842718363725889,0.07425651195843602,-0.07420685235768733,46
Maimana,Afghanistan,Faryab,35.92,64.78,plains_rainfed,2023-10-27,2023-11-12,0.15795165263251798,0.1081440416663357,0.10239243418228652,-0.054558980761188626,48
Chaghcharan,Afghanistan,Ghor,34.52,65.25,highland_rainfed,2023-10-27,2023-11-12,0.13252268472752268,0.09812755393089234,0.0948960541829616,-0.054866772321471906,47
Zaranj,Afghanistan,Nimroz,31,61.87,arid_irrigated,2023-10-27,2023-11-12,0.08757775031859212,0.07739715041005174,0.07187833315766738,-0.11509596297776604,46
Dronten,Netherlands,Flevoland,52.53,5.72,temperate_arable,2023-10-27,2023-11-12,0.31876726491728624,0.21193602188590932,0.1911753515374499,0.08146888879426405,61
Veendam,Netherlands,Groningen,53.1,6.87,temperate_arable,2023-10-27,2023-11-12,0.5822252239104396,0.28971815332954876,0.2920822457110244,0.08348650831134877,62
Uden,Netherlands,Noord-Brabant,51.66,5.62,temperate_dairy_pasture,2023-10-27,2023-11-12,0.33523498060199053,0.22795255072722367,0.17712932513218435,0.1620197777610211,62
Tiel,Netherlands,Gelderland,51.9,5.6,temperate_horticulture,2023-10-27,2023-11-12,0.06921835921011281,0.07470085732185562,0.05503840825648932,0.05981105749246521,49
Wieringermeer,Netherlands,Noord-Holland,52.85,5,temperate_arable,2023-10-27,2023-11-12,0.2134056968250494,0.0550035076580766,0.057960672119651245,0.3264359389628031,6
Emmen,Netherlands,Drenthe,52.75,6.85,temperate_arable,2023-10-27,2023-11-12,0.5124240298592192,0.3210436592086057,0.2910924241272521,0.1236361096107609,5
Bunnik,Netherlands,Utrecht,52.05,5.2,temperate_dairy_pasture,2023-10-27,2023-11-12,0.6027626719410505,0.5059904275786442,0.40101468440917537,0.3647939340948935,56
Alblasserdam,Netherlands,Zuid-Holland,51.87,4.67,temperate_dairy_pasture,2023-10-27,2023-11-12,0.3314161030546639,0.2854797804372989,0.21565948103286345,0.11766370504917988,58
Ashburton,New Zealand,Canterbury,-43.9,171.75,maritime_arable,2023-10-27,2023-11-12,0.6930952344714767,0.4089820512273299,0.3948895465193696,0.22091742953854943,53
Hamilton,New Zealand,Waikato,-37.78,175.28,maritime_dairy_pasture,2023-10-27,2023-11-12,0.49890855306939114,0.2820493770389241,0.2627544294263234,0.17046894599573098,47
Gore,New Zealand,Southland,-46.1,168.95,maritime_dairy_pasture,2023-10-27,2023-11-12,0.11466158424246412,0.1931102179171022,0.17047172142541042,0.06612120369206799,54
PalmerstonN,New Zealand,Manawatu,-40.35,175.61,maritime_dairy_pasture,2023-10-27,2023-11-12,0.31635035841858655,0.2793854147229762,0.21118483333154867,0.0068856952807745675,43
Hastings,New Zealand,HawkesBay,-39.64,176.84,maritime_horticulture,2023-10-27,2023-11-12,0.1026964831999094,0.06829865936622026,0.05892985929694058,-0.033191620728241014,49
Balclutha,New Zealand,Otago,-46.23,169.75,maritime_arable,2023-10-27,2023-11-12,0.4259645866172373,0.2979169951557934,0.2532367764464708,0.0926645694569348,52
TePuke,New Zealand,BayOfPlenty,-37.78,176.32,maritime_horticulture,2023-10-27,2023-11-12,0.5546843523693604,0.4140065341996043,0.35636573896518536,0.1567126146391159,51
Stratford,New Zealand,Taranaki,-39.34,174.28,maritime_dairy_pasture,2023-10-27,2023-11-12,0.5819802169359086,0.45822064034867865,0.4092255167187531,0.09356404014603198,50
Blenheim,New Zealand,Marlborough,-41.51,173.96,maritime_horticulture,2023-10-27,2023-11-12,0.1804009483521594,0.1198698684765364,0.1026627846681468,-0.0242935583597014,51
Masterton,New Zealand,Wairarapa,-40.96,175.66,maritime_arable,2023-10-27,2023-11-12,0.612041226407768,0.4569572612933733,0.39941590602189075,0.15045131383473215,51
Kerikeri,New Zealand,Northland,-35.22,173.95,maritime_horticulture,2023-10-27,2023-11-12,0.7951850860522662,0.28370624238458775,0.2748235393627309,0.5179887085717703,27
Motueka,New Zealand,Tasman,-41.11,173,maritime_horticulture,2023-10-27,2023-11-12,0.6037194646584819,0.3952780250239393,0.3632772939241259,0.1665542161580354,51
Shakardara,Afghanistan,Kabul,34.65,69.03,highland_irrigated,2023-11-12,2023-11-28,0.0852741800808662,0.07513497770816457,0.07124693593231514,-0.09277453583789527,44
Kama,Afghanistan,Nangarhar,34.42,70.55,lowland_irrigated,2023-11-12,2023-11-28,0.3868774841563244,0.22013574874564631,0.20368002521522968,0.11385725097884901,47
Dawlatabad,Afghanistan,Balkh,36.85,66.85,plains_irrigated,2023-11-12,2023-11-28,0.15922370716625128,0.14974850004049853,0.12653396119729848,0.015716948202213216,50
Injil,Afghanistan,Herat,34.28,62.15,plains_irrigated,2023-11-12,2023-11-28,0.2016408375628997,0.1546007395140854,0.1466409795488399,0.03550717102518727,47
Arghandab,Afghanistan,Kandahar,31.72,65.65,arid_irrigated,2023-11-12,2023-11-28,0.2253319769502822,0.1563958021945849,0.15748098860610707,-0.01040547758195937,47
Khanabad,Afghanistan,Kunduz,36.65,68.95,plains_irrigated,2023-11-12,2023-11-28,0.06071381145299298,0.05565060760499971,0.04861397389436078,-0.09567641938882444,44
Faizabad,Afghanistan,Badakhshan,37.1,70.55,highland_rainfed,2023-11-12,2023-11-28,0.1635610830822386,0.09862592567227126,0.09750115650671996,-0.012517648072456942,49
NadAli,Afghanistan,Helmand,31.55,64.25,arid_irrigated,2023-11-12,2023-11-28,0.1677270043225431,0.11932114462833365,0.12303768969846726,-0.06842182775757298,46
GhazniCity,Afghanistan,Ghazni,33.55,68.42,highland_rainfed,2023-11-12,2023-11-28,0.0878256213298324,0.08205052312580462,0.0665329997863569,-0.06858745933376167,46
Maimana,Afghanistan,Faryab,35.92,64.78,plains_rainfed,2023-11-12,2023-11-28,0.15740176009353263,0.10633777842005959,0.0995300761291732,-0.021564031689942236,48
Chaghcharan,Afghanistan,Ghor,34.52,65.25,highland_rainfed,2023-11-12,2023-11-28,0.10229629575982362,0.0940356457484686,0.07934616024179915,-0.003259540471974855,47
Zaranj,Afghanistan,Nimroz,31,61.87,arid_irrigated,2023-11-12,2023-11-28,0.09778264396177323,0.0783342075825201,0.07517061611144518,-0.10420937343762202,46
Veendam,Netherlands,Groningen,53.1,6.87,temperate_arable,2023-11-12,2023-11-28,0.5532629091811553,0.21710028555518543,0.22382478804598518,-0.007041653326169568,62
Sneek,Netherlands,Friesland,53.03,5.65,temperate_dairy_pasture,2023-11-12,2023-11-28,0.20119770718265434,0.2045298088432512,0.13146059620071465,0.37516465292396206,64
Bunnik,Netherlands,Utrecht,52.05,5.2,temperate_dairy_pasture,2023-11-12,2023-11-28,0.017492831063767273,0.08303757328852583,0.019417107298451693,0.19914051083818313,4
Ashburton,New Zealand,Canterbury,-43.9,171.75,maritime_arable,2023-11-12,2023-11-28,0.6936702012019931,0.45224564770214704,0.40696235445944834,0.2834105679008327,53
Hamilton,New Zealand,Waikato,-37.78,175.28,maritime_dairy_pasture,2023-11-12,2023-11-28,0.38555581409741935,0.3630243706156286,0.2636596698048306,0.12315619038354753,9
Gore,New Zealand,Southland,-46.1,168.95,maritime_dairy_pasture,2023-11-12,2023-11-28,0.12749017244749947,0.19928171126965907,0.1709655569743229,0.0767883546848698,54
Hastings,New Zealand,HawkesBay,-39.64,176.84,maritime_horticulture,2023-11-12,2023-11-28,0.07474156561223784,0.049780376373418075,0.0435407263467177,-0.0625013119280713,49
Balclutha,New Zealand,Otago,-46.23,169.75,maritime_arable,2023-11-12,2023-11-28,0.406642674172456,0.27568583149723214,0.22982593197141288,0.10526295372410387,52
TePuke,New Zealand,BayOfPlenty,-37.78,176.32,maritime_horticulture,2023-11-12,2023-11-28,0.5310846936919207,0.33403048998007007,0.296751568411123,0.1583546855913068,51
Stratford,New Zealand,Taranaki,-39.34,174.28,maritime_dairy_pasture,2023-11-12,2023-11-28,0.5523653802780173,0.4513441760492077,0.3871339874169899,0.0715357841989079,50
Blenheim,New Zealand,Marlborough,-41.51,173.96,maritime_horticulture,2023-11-12,2023-11-28,0.1578059687487537,0.10640739544177512,0.08952233709573813,-0.03686177021222162,51
Masterton,New Zealand,Wairarapa,-40.96,175.66,maritime_arable,2023-11-12,2023-11-28,0.5871198579460547,0.41934499258816477,0.3759422270946563,0.12395757423811975,51
Kerikeri,New Zealand,Northland,-35.22,173.95,maritime_horticulture,2023-11-12,2023-11-28,0.8901230924022503,0.5253054402547654,0.5065530973520386,0.5153102356251396,47
Motueka,New Zealand,Tasman,-41.11,173,maritime_horticulture,2023-11-12,2023-11-28,0.6981710720497988,0.5442933988055784,0.4918397045435641,0.22116469799489966,51
Shakardara,Afghanistan,Kabul,34.65,69.03,highland_irrigated,2023-11-28,2023-12-14,0.08626920410515886,0.07679650182209423,0.07101395673818925,-0.09554290599693263,44
Kama,Afghanistan,Nangarhar,34.42,70.55,lowland_irrigated,2023-11-28,2023-12-14,0.30825200744345277,0.1689831711343022,0.15790118348727572,0.09825001473527883,47
Injil,Afghanistan,Herat,34.28,62.15,plains_irrigated,2023-11-28,2023-12-14,0.21125203283597005,0.15706791092497657,0.14963929601484655,0.05008063312357731,47
Arghandab,Afghanistan,Kandahar,31.72,65.65,arid_irrigated,2023-11-28,2023-12-14,0.19475711182962085,0.13714977640469272,0.1358308005246879,-0.026469105041277082,47
Khanabad,Afghanistan,Kunduz,36.65,68.95,plains_irrigated,2023-11-28,2023-12-14,0.093075411086031,0.06778874382349348,0.0668202937144424,-0.13264550447711895,44
Faizabad,Afghanistan,Badakhshan,37.1,70.55,highland_rainfed,2023-11-28,2023-12-14,0.12881894698410262,0.07767436741566638,0.07626706490140477,-0.0362915075366637,49
NadAli,Afghanistan,Helmand,31.55,64.25,arid_irrigated,2023-11-28,2023-12-14,0.14344394505646696,0.09968280050102374,0.10518463316900778,-0.09637734513451805,46
GhazniCity,Afghanistan,Ghazni,33.55,68.42,highland_rainfed,2023-11-28,2023-12-14,0.09110568847432797,0.07772911918409466,0.06622849307595478,-0.06229368454045698,46
Maimana,Afghanistan,Faryab,35.92,64.78,plains_rainfed,2023-11-28,2023-12-14,0.15506227972836423,0.10363103865662857,0.09666457063783337,-0.039702878010093576,48
Chaghcharan,Afghanistan,Ghor,34.52,65.25,highland_rainfed,2023-11-28,2023-12-14,0.10677014413583089,0.07631042078038845,0.07522179846870398,-0.08900235357636428,47
Zaranj,Afghanistan,Nimroz,31,61.87,arid_irrigated,2023-11-28,2023-12-14,0.09831358400338888,0.08521502156264765,0.07927498928700262,-0.09682841708884093,46
Dronten,Netherlands,Flevoland,52.53,5.72,temperate_arable,2023-11-28,2023-12-14,0.2265509842556691,0.13776167949728985,0.10659267397990906,0.09387770175973967,63
Sneek,Netherlands,Friesland,53.03,5.65,temperate_dairy_pasture,2023-11-28,2023-12-14,0.48916907748070165,0.28316534117861175,0.25613226862423527,0.11796229620726374,64
Goes,Netherlands,Zeeland,51.5,3.9,temperate_arable,2023-11-28,2023-12-14,0.2450588173221945,0.12121922354699109,0.10795330624196144,-0.0766316433854185,60
Uden,Netherlands,Noord-Brabant,51.66,5.62,temperate_dairy_pasture,2023-11-28,2023-12-14,0.5941779741078539,0.29158278102981966,0.2881986895246303,0.1262104536314202,62
Tiel,Netherlands,Gelderland,51.9,5.6,temperate_horticulture,2023-11-28,2023-12-14,-0.5985445034660642,-0.07143968336644932,-0.07527481899661455,0.6844530255233893,60
Venlo,Netherlands,Limburg,51.37,6.17,temperate_horticulture,2023-11-28,2023-12-14,0.09508660829265413,0.03989524715031586,0.03353887969740764,-0.11106382562098392,58
Wieringermeer,Netherlands,Noord-Holland,52.85,5,temperate_arable,2023-11-28,2023-12-14,0.2581008684462717,0.11634256045017669,0.12066978367534316,-0.019857523549783332,62
Emmen,Netherlands,Drenthe,52.75,6.85,temperate_arable,2023-11-28,2023-12-14,0.4179880475473533,0.164033017362427,0.15253604890286143,0.30128594167272005,59
Bunnik,Netherlands,Utrecht,52.05,5.2,temperate_dairy_pasture,2023-11-28,2023-12-14,0.8607010464424681,0.6408687407867002,0.5571046655350028,0.4430976412024768,56
Alblasserdam,Netherlands,Zuid-Holland,51.87,4.67,temperate_dairy_pasture,2023-11-28,2023-12-14,0.33021666219872586,0.16168425365656283,0.14184170402190893,-0.09385043444075782,58
Hastings,New Zealand,HawkesBay,-39.64,176.84,maritime_horticulture,2023-11-28,2023-12-14,0.07023085408332258,0.04442050567512185,0.04042746857821167,-0.06580321051811262,49
Blenheim,New Zealand,Marlborough,-41.51,173.96,maritime_horticulture,2023-11-28,2023-12-14,0.1664838167624442,0.10827522092574267,0.09619733550174896,-0.03404820241578028,51
Masterton,New Zealand,Wairarapa,-40.96,175.66,maritime_arable,2023-11-28,2023-12-14,0.5713439679334684,0.4335188134852264,0.3787685141781698,0.11273744216856685,51
Kerikeri,New Zealand,Northland,-35.22,173.95,maritime_horticulture,2023-11-28,2023-12-14,0.8742098118018207,0.6016493718474827,0.5452899103416718,0.5324542312183496,47
Motueka,New Zealand,Tasman,-41.11,173,maritime_horticulture,2023-11-28,2023-12-14,0.7158599442050898,0.5830029478312275,0.525736765128829,0.23122009069212351,51
Shakardara,Afghanistan,Kabul,34.65,69.03,highland_irrigated,2023-12-14,2023-12-30,0.08770907622845131,0.07336183619425167,0.07067612884527477,-0.10466325333900706,44
Kama,Afghanistan,Nangarhar,34.42,70.55,lowland_irrigated,2023-12-14,2023-12-30,0.2722958445392285,0.15940274412903913,0.14026144512867533,0.10810455104813646,47
Dawlatabad,Afghanistan,Balkh,36.85,66.85,plains_irrigated,2023-12-14,2023-12-30,0.10508321726918757,0.08327771850077056,0.07811184862005295,-0.09702636603946521,50
Injil,Afghanistan,Herat,34.28,62.15,plains_irrigated,2023-12-14,2023-12-30,0.22419200229077638,0.1628332017012652,0.15653867459315832,0.04941022902932925,47
Arghandab,Afghanistan,Kandahar,31.72,65.65,arid_irrigated,2023-12-14,2023-12-30,0.19774749899752977,0.11247696255782663,0.11848827605940783,-0.0018904701391194584,47
Khanabad,Afghanistan,Kunduz,36.65,68.95,plains_irrigated,2023-12-14,2023-12-30,0.08908511136018625,0.061335148855094924,0.06057368206891621,-0.12994861507557148,44
Faizabad,Afghanistan,Badakhshan,37.1,70.55,highland_rainfed,2023-12-14,2023-12-30,0.11078738928029466,0.060267577891015424,0.05486892523989838,0.02074160035997446,49
NadAli,Afghanistan,Helmand,31.55,64.25,arid_irrigated,2023-12-14,2023-12-30,0.1651789219076954,0.09632897952415634,0.1173715795673975,-0.08223109491480823,46
GhazniCity,Afghanistan,Ghazni,33.55,68.42,highland_rainfed,2023-12-14,2023-12-30,0.09285444763409727,0.07993814905081766,0.06808601290414412,-0.04202164446091458,46
Maimana,Afghanistan,Faryab,35.92,64.78,plains_rainfed,2023-12-14,2023-12-30,0.1454115398367835,0.08936105984012159,0.08476985919789136,-0.06241089660505887,48
Chaghcharan,Afghanistan,Ghor,34.52,65.25,highland_rainfed,2023-12-14,2023-12-30,0.09883177020680223,0.0751220012482442,0.07013916245899245,-0.05903518164554824,47
Zaranj,Afghanistan,Nimroz,31,61.87,arid_irrigated,2023-12-14,2023-12-30,0.09907070261924722,0.08672327019189074,0.08090196248536456,-0.09165428703477595,46
Veendam,Netherlands,Groningen,53.1,6.87,temperate_arable,2023-12-14,2023-12-30,0.2734919012339928,0.1112868394716605,0.08551884807387086,0.09811110926191069,62
Goes,Netherlands,Zeeland,51.5,3.9,temperate_arable,2023-12-14,2023-12-30,0.20018747361121594,0.11152371829870641,0.09684259343706504,-0.12702412829086035,56
Uden,Netherlands,Noord-Brabant,51.66,5.62,temperate_dairy_pasture,2023-12-14,2023-12-30,0.5729623934120851,0.32388261173427607,0.2891628624833239,0.1475416107098535,62
Tiel,Netherlands,Gelderland,51.9,5.6,temperate_horticulture,2023-12-14,2023-12-30,-0.37519022573919986,-0.11181726461751794,-0.11078281591707567,0.5480433552387646,60
Venlo,Netherlands,Limburg,51.37,6.17,temperate_horticulture,2023-12-14,2023-12-30,0.12771059651406308,0.0278491123037956,0.026525061299998775,-0.14184328103089464,58
Ashburton,New Zealand,Canterbury,-43.9,171.75,maritime_arable,2023-12-14,2023-12-30,0.8183558904704078,0.4344246656120683,0.4394867478788982,0.2842743118886731,53
Hamilton,New Zealand,Waikato,-37.78,175.28,maritime_dairy_pasture,2023-12-14,2023-12-30,0.44326088495734267,0.2806144428653915,0.2603170573069439,0.07718706594371215,3
Gore,New Zealand,Southland,-46.1,168.95,maritime_dairy_pasture,2023-12-14,2023-12-30,0.13987391713783742,0.21982207783663132,0.18502659115786108,0.2283286321375844,54
PalmerstonN,New Zealand,Manawatu,-40.35,175.61,maritime_dairy_pasture,2023-12-14,2023-12-30,0.3205775514111702,0.22448307450559407,0.1995048030490724,-0.09782408141338571,48
Hastings,New Zealand,HawkesBay,-39.64,176.84,maritime_horticulture,2023-12-14,2023-12-30,0.07918275419589668,0.04956485718278521,0.045102024109822024,-0.07061751972039255,49
Balclutha,New Zealand,Otago,-46.23,169.75,maritime_arable,2023-12-14,2023-12-30,0.37849884642461357,0.2605793946338399,0.2256705609411733,0.02837748398224628,52
TePuke,New Zealand,BayOfPlenty,-37.78,176.32,maritime_horticulture,2023-12-14,2023-12-30,0.511711751938843,0.42743200717364127,0.3465526686953815,0.12957164602805438,51
Stratford,New Zealand,Taranaki,-39.34,174.28,maritime_dairy_pasture,2023-12-14,2023-12-30,0.541354672722102,0.43167811373207,0.36710949624678824,0.05633070793420175,50
Blenheim,New Zealand,Marlborough,-41.51,173.96,maritime_horticulture,2023-12-14,2023-12-30,0.17306887760491774,0.11930070752010136,0.10375424792590869,-0.016847202930529468,51
Masterton,New Zealand,Wairarapa,-40.96,175.66,maritime_arable,2023-12-14,2023-12-30,0.4908033955171893,0.42504346054880326,0.323221954992934,0.12425525939536582,51
Kerikeri,New Zealand,Northland,-35.22,173.95,maritime_horticulture,2023-12-14,2023-12-30,0.8521528232897265,0.6489278194775464,0.5566802848758204,0.5012018736724777,47
Motueka,New Zealand,Tasman,-41.11,173,maritime_horticulture,2023-12-14,2023-12-30,0.6652711566459699,0.5705724950381942,0.4874057967203737,0.23366869310499153,51
Shakardara,Afghanistan,Kabul,34.65,69.03,highland_irrigated,2023-12-30,2024-01-15,0.08516313019750828,0.07306114285469265,0.06952257039168167,-0.1059015134213321,44
Kama,Afghanistan,Nangarhar,34.42,70.55,lowland_irrigated,2023-12-30,2024-01-15,0.20965197581282877,0.1252967505343716,0.10818603644948194,0.09408324103133126,47
Dawlatabad,Afghanistan,Balkh,36.85,66.85,plains_irrigated,2023-12-30,2024-01-15,0.09950741662692342,0.07743445252371989,0.07430112902771102,-0.08244185418783416,50
Injil,Afghanistan,Herat,34.28,62.15,plains_irrigated,2023-12-30,2024-01-15,0.20273821052008165,0.13701375863270313,0.13491290560527863,0.01985230864219592,47
Arghandab,Afghanistan,Kandahar,31.72,65.65,arid_irrigated,2023-12-30,2024-01-15,0.18957528871779444,0.12728191240265135,0.1291278427348942,-0.008829050878817827,47
Khanabad,Afghanistan,Kunduz,36.65,68.95,plains_irrigated,2023-12-30,2024-01-15,0.08469368473345268,0.060592155287560984,0.060601621808293225,-0.09406479005450584,44
Faizabad,Afghanistan,Badakhshan,37.1,70.55,highland_rainfed,2023-12-30,2024-01-15,0.1124814549982956,0.06733216778479041,0.0650200495292413,-0.04808118484433593,49
NadAli,Afghanistan,Helmand,31.55,64.25,arid_irrigated,2023-12-30,2024-01-15,0.13545355906059495,0.0974372618831137,0.1022453493181825,-0.08378969607535583,46
GhazniCity,Afghanistan,Ghazni,33.55,68.42,highland_rainfed,2023-12-30,2024-01-15,0.09737861702740856,0.08137607008445137,0.06982294142104456,-0.047919001692843556,46
Maimana,Afghanistan,Faryab,35.92,64.78,plains_rainfed,2023-12-30,2024-01-15,0.15667294405083965,0.09870572826959932,0.09437259492104605,-0.07937275430628433,48
Chaghcharan,Afghanistan,Ghor,34.52,65.25,highland_rainfed,2023-12-30,2024-01-15,0.0763957374644736,0.06252097259968793,0.05513550068303151,0.02947354247687692,47
Dronten,Netherlands,Flevoland,52.53,5.72,temperate_arable,2023-12-30,2024-01-15,0.2610600251396484,0.1782705269024905,0.1503681003470086,0.0693524277927877,61
Veendam,Netherlands,Groningen,53.1,6.87,temperate_arable,2023-12-30,2024-01-15,0.38953312477781105,0.2754216361998187,0.18826412089491606,0.13045905817018064,61
Sneek,Netherlands,Friesland,53.03,5.65,temperate_dairy_pasture,2023-12-30,2024-01-15,0.45552494061693,0.2412590020996516,0.2220638862222319,0.03253192040946667,64
Goes,Netherlands,Zeeland,51.5,3.9,temperate_arable,2023-12-30,2024-01-15,0.21517075970777053,0.10523230152510263,0.09844093290640704,-0.15416068797475044,62
Uden,Netherlands,Noord-Brabant,51.66,5.62,temperate_dairy_pasture,2023-12-30,2024-01-15,0.5312241503591904,0.28180375187084317,0.26022641070648667,0.03459184027268597,62
Tiel,Netherlands,Gelderland,51.9,5.6,temperate_horticulture,2023-12-30,2024-01-15,-0.525725341486001,-0.14603833263765875,-0.15497026565165495,0.8587123322453885,60
Almelo,Netherlands,Overijssel,52.35,6.6,temperate_dairy_pasture,2023-12-30,2024-01-15,0.8418206030987717,0.67469700279471,0.5788252495371811,0.37071385205793517,62
Venlo,Netherlands,Limburg,51.37,6.17,temperate_horticulture,2023-12-30,2024-01-15,0.1805963692395065,0.05115845264034848,0.052613305412536344,-0.17518516771348988,58
Wieringermeer,Netherlands,Noord-Holland,52.85,5,temperate_arable,2023-12-30,2024-01-15,0.20685551898432167,0.13358595953761246,0.12225009072894413,-0.1979406626510243,62
Emmen,Netherlands,Drenthe,52.75,6.85,temperate_arable,2023-12-30,2024-01-15,0.31824451687416966,0.19773584591217194,0.18326002646637754,0.04434145806402934,59
Bunnik,Netherlands,Utrecht,52.05,5.2,temperate_dairy_pasture,2023-12-30,2024-01-15,0.7307215850469083,0.4695542920534808,0.4254527816689963,0.19629785616753456,56
Alblasserdam,Netherlands,Zuid-Holland,51.87,4.67,temperate_dairy_pasture,2023-12-30,2024-01-15,0.3200777982123548,0.1526661392007039,0.14377636685016543,-0.1013477502006342,58
Hamilton,New Zealand,Waikato,-37.78,175.28,maritime_dairy_pasture,2023-12-30,2024-01-15,0.5492911803471038,0.30333895908061836,0.2774209264443494,0.15084868751799693,42
PalmerstonN,New Zealand,Manawatu,-40.35,175.61,maritime_dairy_pasture,2023-12-30,2024-01-15,0.35647002590153426,0.25335797653575154,0.2204119111500529,-0.07056306701099099,48
Hastings,New Zealand,HawkesBay,-39.64,176.84,maritime_horticulture,2023-12-30,2024-01-15,0.05630855744813857,0.034971859363078,0.0316528120963318,-0.05656002414669447,49
Balclutha,New Zealand,Otago,-46.23,169.75,maritime_arable,2023-12-30,2024-01-15,0.36836410828598937,0.2754792950872107,0.2252169309341248,0.06820269652437343,52
TePuke,New Zealand,BayOfPlenty,-37.78,176.32,maritime_horticulture,2023-12-30,2024-01-15,0.535445197117334,0.38726098877638393,0.33504569909991494,0.14669726632854677,51
Stratford,New Zealand,Taranaki,-39.34,174.28,maritime_dairy_pasture,2023-12-30,2024-01-15,0.3722917420003614,0.4727891044447491,0.3077407030658556,0.12049621749572756,50
Blenheim,New Zealand,Marlborough,-41.51,173.96,maritime_horticulture,2023-12-30,2024-01-15,0.16487285406510033,0.10720448077283291,0.09401778206753168,-0.03831738817526747,51
Masterton,New Zealand,Wairarapa,-40.96,175.66,maritime_arable,2023-12-30,2024-01-15,0.5291422402952853,0.3804712895270741,0.33713254416283345,0.06245157566145001,51
Kerikeri,New Zealand,Northland,-35.22,173.95,maritime_horticulture,2023-12-30,2024-01-15,0.6823068769041434,0.6451260863763786,0.49515942678947594,0.4083813257078766,47
Motueka,New Zealand,Tasman,-41.11,173,maritime_horticulture,2023-12-30,2024-01-15,0.8104960989516357,0.6008914388921096,0.5494709377588912,0.29436992696619635,51
Shakardara,Afghanistan,Kabul,34.65,69.03,highland_irrigated,2024-01-15,2024-01-31,0.08464263528946198,0.07234649085178244,0.06992533346385145,-0.09794840484029527,44
Kama,Afghanistan,Nangarhar,34.42,70.55,lowland_irrigated,2024-01-15,2024-01-31,0.20958788405244433,0.12856123906448721,0.10941422588781106,0.10240516286604694,47
Dawlatabad,Afghanistan,Balkh,36.85,66.85,plains_irrigated,2024-01-15,2024-01-31,0.10785235713956681,0.08741698737491796,0.07900822515522941,-0.08322061858260321,50
Injil,Afghanistan,Herat,34.28,62.15,plains_irrigated,2024-01-15,2024-01-31,0.12728703478490302,0.08487848868626363,0.08326737924516504,-0.030670145659066325,47
Arghandab,Afghanistan,Kandahar,31.72,65.65,arid_irrigated,2024-01-15,2024-01-31,0.20166425071829847,0.13147233898601873,0.13750103384632503,-0.0012086322639874938,47
Khanabad,Afghanistan,Kunduz,36.65,68.95,plains_irrigated,2024-01-15,2024-01-31,0.08720192432875927,0.06620690483179544,0.06332760015813707,-0.10791321756257909,44
Faizabad,Afghanistan,Badakhshan,37.1,70.55,highland_rainfed,2024-01-15,2024-01-31,0.10283226009058821,0.06747578465680316,0.06443778653797902,-0.051191677311830025,49
NadAli,Afghanistan,Helmand,31.55,64.25,arid_irrigated,2024-01-15,2024-01-31,0.12280618793128145,0.09094189433439057,0.09532398504784663,-0.09169151222238792,46
GhazniCity,Afghanistan,Ghazni,33.55,68.42,highland_rainfed,2024-01-15,2024-01-31,0.08032131510267229,0.07302571192037885,0.05930516689709682,-0.062489872652481376,46
Maimana,Afghanistan,Faryab,35.92,64.78,plains_rainfed,2024-01-15,2024-01-31,0.12719606966016422,0.10690732519715368,0.08739683881555584,-0.06199446136056073,48
Chaghcharan,Afghanistan,Ghor,34.52,65.25,highland_rainfed,2024-01-15,2024-01-31,0.0734226322988027,0.06409197008542687,0.05220121813659282,0.06994448240296247,47
Zaranj,Afghanistan,Nimroz,31,61.87,arid_irrigated,2024-01-15,2024-01-31,0.08950972715533716,0.07834852480000655,0.0734978956196369,-0.09845692469570334,46
Dronten,Netherlands,Flevoland,52.53,5.72,temperate_arable,2024-01-15,2024-01-31,0.2758809275751771,0.14803946169934978,0.13943095134715325,0.011031015902962791,63
Veendam,Netherlands,Groningen,53.1,6.87,temperate_arable,2024-01-15,2024-01-31,0.6121045316483018,0.13445504971833525,0.1471596225205844,0.068101924721283,62
Sneek,Netherlands,Friesland,53.03,5.65,temperate_dairy_pasture,2024-01-15,2024-01-31,0.4971249625093059,0.23156953136858877,0.22669804548546316,0.01768651334040954,64
Uden,Netherlands,Noord-Brabant,51.66,5.62,temperate_dairy_pasture,2024-01-15,2024-01-31,0.5464672713938382,0.2713848371096263,0.27065603004841793,0.10217103489271398,62
Tiel,Netherlands,Gelderland,51.9,5.6,temperate_horticulture,2024-01-15,2024-01-31,-0.32374507592544627,-0.0903835168638788,-0.0942405842699083,0.6916699036124626,60
Almelo,Netherlands,Overijssel,52.35,6.6,temperate_dairy_pasture,2024-01-15,2024-01-31,0.833396559754667,0.6176871623313442,0.5682107187844311,0.3755807820487487,62
Venlo,Netherlands,Limburg,51.37,6.17,temperate_horticulture,2024-01-15,2024-01-31,0.1383566508585232,0.045749623304927996,0.04407114227266774,-0.06779459404771158,58
Emmen,Netherlands,Drenthe,52.75,6.85,temperate_arable,2024-01-15,2024-01-31,0.4272097099815463,0.17797513310828064,0.18531467684856565,0.09086742856719497,59
Bunnik,Netherlands,Utrecht,52.05,5.2,temperate_dairy_pasture,2024-01-15,2024-01-31,0.6828351393444715,0.41073478379797324,0.39294735188758945,0.27610638986715846,56
Alblasserdam,Netherlands,Zuid-Holland,51.87,4.67,temperate_dairy_pasture,2024-01-15,2024-01-31,0.44721147827404634,0.13753002434365003,0.14765965758401348,-0.02590218258251148,58
Ashburton,New Zealand,Canterbury,-43.9,171.75,maritime_arable,2024-01-15,2024-01-31,0.7828602411729894,0.411067370691472,0.4014378384218716,0.31136714580323865,53
Hamilton,New Zealand,Waikato,-37.78,175.28,maritime_dairy_pasture,2024-01-15,2024-01-31,0.525801801947862,0.25348322277644053,0.24009734249631173,0.11584157012034041,45
Gore,New Zealand,Southland,-46.1,168.95,maritime_dairy_pasture,2024-01-15,2024-01-31,0.3523734262646358,0.24238054091603933,0.23578116441363017,0.1544848795733549,14
PalmerstonN,New Zealand,Manawatu,-40.35,175.61,maritime_dairy_pasture,2024-01-15,2024-01-31,0.253855148170812,0.24681003068664475,0.18458928963970428,-0.009125872127808658,48
Hastings,New Zealand,HawkesBay,-39.64,176.84,maritime_horticulture,2024-01-15,2024-01-31,0.07592745115282969,0.04840614375336576,0.04332488019781884,-0.05594273082796985,49
Balclutha,New Zealand,Otago,-46.23,169.75,maritime_arable,2024-01-15,2024-01-31,0.3612371222996838,0.23378161021501226,0.20591295276032154,0.00993321959367888,52
TePuke,New Zealand,BayOfPlenty,-37.78,176.32,maritime_horticulture,2024-01-15,2024-01-31,0.5406536286916033,0.3829758562547103,0.33511758158437716,0.13451879921093599,51
Stratford,New Zealand,Taranaki,-39.34,174.28,maritime_dairy_pasture,2024-01-15,2024-01-31,0.7555720626666981,0.77845817730839,0.6331501375873313,0.2577023118413905,3
Blenheim,New Zealand,Marlborough,-41.51,173.96,maritime_horticulture,2024-01-15,2024-01-31,0.1507379099037421,0.08215421160186888,0.075670917151808,-0.028953554211825522,51
Masterton,New Zealand,Wairarapa,-40.96,175.66,maritime_arable,2024-01-15,2024-01-31,0.4542565905386777,0.2856620459080867,0.27055272107009404,0.0007861513426727118,51
Kerikeri,New Zealand,Northland,-35.22,173.95,maritime_horticulture,2024-01-15,2024-01-31,0.8252152864558574,0.5542952255212588,0.47963185048935303,0.5101815826590461,47
Motueka,New Zealand,Tasman,-41.11,173,maritime_horticulture,2024-01-15,2024-01-31,0.8341958841976796,0.5932018655139975,0.5532306659267187,0.32102817519688537,51
Shakardara,Afghanistan,Kabul,34.65,69.03,highland_irrigated,2024-01-31,2024-02-16,0.08207067783259701,0.06527055778383932,0.06179300050022711,-0.05442950387013115,44
Kama,Afghanistan,Nangarhar,34.42,70.55,lowland_irrigated,2024-01-31,2024-02-16,0.2745342237097257,0.16063977827802248,0.14571599693847337,0.10531914472418809,47
Dawlatabad,Afghanistan,Balkh,36.85,66.85,plains_irrigated,2024-01-31,2024-02-16,0.1095740884313397,0.08301310193709481,0.08044654039755182,-0.0769940663260346,50
Injil,Afghanistan,Herat,34.28,62.15,plains_irrigated,2024-01-31,2024-02-16,0.12296496152563881,0.08277058086113699,0.0829274945353933,-0.022698528746598504,47
Arghandab,Afghanistan,Kandahar,31.72,65.65,arid_irrigated,2024-01-31,2024-02-16,0.22122344359917112,0.1549522544571392,0.1560223848237361,0.027474800057323747,47
Khanabad,Afghanistan,Kunduz,36.65,68.95,plains_irrigated,2024-01-31,2024-02-16,0.09424443154682895,0.07395088548071094,0.07190872857710379,-0.09984793557731851,44
Faizabad,Afghanistan,Badakhshan,37.1,70.55,highland_rainfed,2024-01-31,2024-02-16,0.07980435388900821,0.06191947553812367,0.05223707533004008,0.004417810386959189,49
NadAli,Afghanistan,Helmand,31.55,64.25,arid_irrigated,2024-01-31,2024-02-16,0.12619389665126807,0.09830290453528259,0.102008703122397,-0.07336486419751796,46
GhazniCity,Afghanistan,Ghazni,33.55,68.42,highland_rainfed,2024-01-31,2024-02-16,0.07866527225964351,0.06953928764202308,0.05711258161580845,-0.04107920575371456,46
Maimana,Afghanistan,Faryab,35.92,64.78,plains_rainfed,2024-01-31,2024-02-16,0.1490818890779726,0.09818032187268162,0.09172359314221663,-0.05198718691897557,48
Chaghcharan,Afghanistan,Ghor,34.52,65.25,highland_rainfed,2024-01-31,2024-02-16,0.08520295442929368,0.07035746250819648,0.06371262465036091,-0.06274708275913417,47
Zaranj,Afghanistan,Nimroz,31,61.87,arid_irrigated,2024-01-31,2024-02-16,0.09571622119940296,0.0871589202707996,0.08164937717739638,-0.08389035862756587,46
Dronten,Netherlands,Flevoland,52.53,5.72,temperate_arable,2024-01-31,2024-02-16,0.2602197020405544,0.14037368571320022,0.12828965929026115,0.10343789986441812,4
Veendam,Netherlands,Groningen,53.1,6.87,temperate_arable,2024-01-31,2024-02-16,0.5051025936021539,0.21533539010508243,0.21502284675028568,0.03282611915749413,62
Sneek,Netherlands,Friesland,53.03,5.65,temperate_dairy_pasture,2024-01-31,2024-02-16,0.4930388558074576,0.2248958677723771,0.22663703594610346,0.0158264644820581,64
Goes,Netherlands,Zeeland,51.5,3.9,temperate_arable,2024-01-31,2024-02-16,0.24389739016904954,0.17089912618975076,0.1468737507619408,-0.06070099886946793,60
Tiel,Netherlands,Gelderland,51.9,5.6,temperate_horticulture,2024-01-31,2024-02-16,-0.3975005804390099,-0.09915559009498216,-0.1016092160407278,0.13341581170251435,52
Almelo,Netherlands,Overijssel,52.35,6.6,temperate_dairy_pasture,2024-01-31,2024-02-16,0.7896186236827951,0.606426552694785,0.5510712133097064,0.3360058782953921,62
Venlo,Netherlands,Limburg,51.37,6.17,temperate_horticulture,2024-01-31,2024-02-16,0.17252869660086237,0.05519242126849535,0.056205277986702655,-0.17796618600002392,58
Bunnik,Netherlands,Utrecht,52.05,5.2,temperate_dairy_pasture,2024-01-31,2024-02-16,0.7141612637646851,0.42511531607710984,0.42114374772452046,0.30502543213689315,56
Alblasserdam,Netherlands,Zuid-Holland,51.87,4.67,temperate_dairy_pasture,2024-01-31,2024-02-16,0.3472809063469114,0.1256260635301254,0.12379058118787033,-0.025658391964445016,23
Ashburton,New Zealand,Canterbury,-43.9,171.75,maritime_arable,2024-01-31,2024-02-16,0.7168834098528607,0.38900676519201205,0.3762523282357341,0.26878801205912256,26
Hamilton,New Zealand,Waikato,-37.78,175.28,maritime_dairy_pasture,2024-01-31,2024-02-16,0.5581158354061301,0.2698828375754216,0.2561890755856555,0.143878805708753,46
Gore,New Zealand,Southland,-46.1,168.95,maritime_dairy_pasture,2024-01-31,2024-02-16,0.22085249046684605,0.16328616895177137,0.153434219766115,0.05183054939075005,54
PalmerstonN,New Zealand,Manawatu,-40.35,175.61,maritime_dairy_pasture,2024-01-31,2024-02-16,0.28572251979931956,0.1859366144576559,0.1709527008904892,-0.10022471250146091,48
Hastings,New Zealand,HawkesBay,-39.64,176.84,maritime_horticulture,2024-01-31,2024-02-16,0.07264484130223303,0.04140011635570814,0.039201943089412584,-0.07031848282652158,49
Balclutha,New Zealand,Otago,-46.23,169.75,maritime_arable,2024-01-31,2024-02-16,0.3641452436494215,0.23771876604190864,0.20004126464815702,0.032327175211382786,52
TePuke,New Zealand,BayOfPlenty,-37.78,176.32,maritime_horticulture,2024-01-31,2024-02-16,0.5290545388192429,0.3650378138396536,0.32385568785221897,0.13377525467565987,51
Blenheim,New Zealand,Marlborough,-41.51,173.96,maritime_horticulture,2024-01-31,2024-02-16,0.15052303227911965,0.09025236472676698,0.08271314054244731,-0.04632359289346534,51
Masterton,New Zealand,Wairarapa,-40.96,175.66,maritime_arable,2024-01-31,2024-02-16,0.451909383072748,0.264956356134588,0.2597190606044651,-0.012241094918672157,51
Kerikeri,New Zealand,Northland,-35.22,173.95,maritime_horticulture,2024-01-31,2024-02-16,0.8948982893915729,0.5705793822037499,0.5406099966848382,0.5485310839939411,47
Motueka,New Zealand,Tasman,-41.11,173,maritime_horticulture,2024-01-31,2024-02-16,0.8287560729352814,0.6609651381787539,0.5788536179111772,0.3676548245122483,51
Kama,Afghanistan,Nangarhar,34.42,70.55,lowland_irrigated,2024-02-16,2024-03-03,0.3226382491341136,0.21490956373926368,0.17972468939402317,0.1454511875391058,47
Dawlatabad,Afghanistan,Balkh,36.85,66.85,plains_irrigated,2024-02-16,2024-03-03,0.12314599891121311,0.0846560001390818,0.08423828760467482,-0.1125068394634438,50
Injil,Afghanistan,Herat,34.28,62.15,plains_irrigated,2024-02-16,2024-03-03,0.14625735950216062,0.09868529657674534,0.0961324818677089,0.0006325126724966226,47
Arghandab,Afghanistan,Kandahar,31.72,65.65,arid_irrigated,2024-02-16,2024-03-03,0.204468844074877,0.15231049221397971,0.14490471143020156,0.020551698172924234,47
Faizabad,Afghanistan,Badakhshan,37.1,70.55,highland_rainfed,2024-02-16,2024-03-03,0.05246566722039759,0.057739856878263024,0.042779918771937334,0.016971767926481904,49
NadAli,Afghanistan,Helmand,31.55,64.25,arid_irrigated,2024-02-16,2024-03-03,0.12644337239817008,0.09920099507152877,0.10120175909314313,-0.0812450306706075,46
GhazniCity,Afghanistan,Ghazni,33.55,68.42,highland_rainfed,2024-02-16,2024-03-03,0.0905169034401433,0.08371016982604332,0.066241905517461,-0.047995043918762505,46
Maimana,Afghanistan,Faryab,35.92,64.78,plains_rainfed,2024-02-16,2024-03-03,0.1500690109321839,0.10377335775139608,0.09474616492304237,-0.05003073378831638,48
Chaghcharan,Afghanistan,Ghor,34.52,65.25,highland_rainfed,2024-02-16,2024-03-03,0.08030539236533181,0.06853020227391027,0.06057017514145939,-0.01471182892786914,47
Zaranj,Afghanistan,Nimroz,31,61.87,arid_irrigated,2024-02-16,2024-03-03,0.08873163368414155,0.0795535557146478,0.0744441973199866,-0.09915201606019003,46
Dronten,Netherlands,Flevoland,52.53,5.72,temperate_arable,2024-02-16,2024-03-03,0.3067606194318738,0.19748709172462364,0.1755607586089601,-0.014473242363173622,63
Veendam,Netherlands,Groningen,53.1,6.87,temperate_arable,2024-02-16,2024-03-03,0.4664957577113219,0.2509126577772261,0.23254213024072573,0.010304805961961472,62
Uden,Netherlands,Noord-Brabant,51.66,5.62,temperate_dairy_pasture,2024-02-16,2024-03-03,0.5865265718433131,0.3295855933227032,0.31415290147755137,0.101235754101467,62
Tiel,Netherlands,Gelderland,51.9,5.6,temperate_horticulture,2024-02-16,2024-03-03,-0.48356129378170576,-0.09735924274052572,-0.10504217239841683,0.4096986489380293,60
Venlo,Netherlands,Limburg,51.37,6.17,temperate_horticulture,2024-02-16,2024-03-03,0.2116497243054526,0.06967405166009544,0.07302530678220104,-0.19641701742891385,58
Bunnik,Netherlands,Utrecht,52.05,5.2,temperate_dairy_pasture,2024-02-16,2024-03-03,0.8315058640062523,0.5973613787592166,0.541516503078694,0.3227295981955007,56
Alblasserdam,Netherlands,Zuid-Holland,51.87,4.67,temperate_dairy_pasture,2024-02-16,2024-03-03,0.3556502815986721,0.1884623857631184,0.17298459396324262,-0.007153171076107029,58
Ashburton,New Zealand,Canterbury,-43.9,171.75,maritime_arable,2024-02-16,2024-03-03,0.7832503135808908,0.3393175282753279,0.3514244019201058,0.26302334226388846,53
Hamilton,New Zealand,Waikato,-37.78,175.28,maritime_dairy_pasture,2024-02-16,2024-03-03,0.5574071125794902,0.2501429895954239,0.24230379159293616,0.13274277554931785,48
Gore,New Zealand,Southland,-46.1,168.95,maritime_dairy_pasture,2024-02-16,2024-03-03,0.32612864613009357,0.17834078354443483,0.1750885028335232,0.12552406508895658,54
PalmerstonN,New Zealand,Manawatu,-40.35,175.61,maritime_dairy_pasture,2024-02-16,2024-03-03,0.28706908772519185,0.17936410466551328,0.16385751040996432,-0.09974445222973201,48
Hastings,New Zealand,HawkesBay,-39.64,176.84,maritime_horticulture,2024-02-16,2024-03-03,0.06055477470228983,0.03321853008928769,0.031393757982901185,-0.07217748032105568,49
Balclutha,New Zealand,Otago,-46.23,169.75,maritime_arable,2024-02-16,2024-03-03,0.3502717781183852,0.2069198065038904,0.1864189846041985,-0.021490544863649857,52
Blenheim,New Zealand,Marlborough,-41.51,173.96,maritime_horticulture,2024-02-16,2024-03-03,0.14468257916872906,0.0854070758280993,0.07893862825347428,-0.044759052784980324,51
Masterton,New Zealand,Wairarapa,-40.96,175.66,maritime_arable,2024-02-16,2024-03-03,0.46977345653876323,0.27201245053005535,0.2624716231745332,-0.01625819715306352,51
Kerikeri,New Zealand,Northland,-35.22,173.95,maritime_horticulture,2024-02-16,2024-03-03,0.6789077583755,0.48794274923521314,0.40750825179411854,0.4208497964886218,47
Motueka,New Zealand,Tasman,-41.11,173,maritime_horticulture,2024-02-16,2024-03-03,0.8024766848464107,0.5336789934291548,0.5053274265209465,0.3017691040378437,51
Shakardara,Afghanistan,Kabul,34.65,69.03,highland_irrigated,2024-03-03,2024-03-19,0.05555505978735068,0.05121860539221949,0.04303508471859952,0.0864081465760931,44
Kama,Afghanistan,Nangarhar,34.42,70.55,lowland_irrigated,2024-03-03,2024-03-19,0.43432544165351616,0.24764935034827398,0.23427750710204467,0.18597063410188144,47
Dawlatabad,Afghanistan,Balkh,36.85,66.85,plains_irrigated,2024-03-03,2024-03-19,0.11806600762420809,0.08813540433172651,0.07994650475077647,-0.05278374810495244,50
Injil,Afghanistan,Herat,34.28,62.15,plains_irrigated,2024-03-03,2024-03-19,0.1490292590004121,0.108851376687064,0.10486158112362026,0.014743872035371254,47
Arghandab,Afghanistan,Kandahar,31.72,65.65,arid_irrigated,2024-03-03,2024-03-19,0.27952614163698186,0.19770826382838488,0.1913277900097862,0.06731083820992528,47
Khanabad,Afghanistan,Kunduz,36.65,68.95,plains_irrigated,2024-03-03,2024-03-19,0.10144315869379923,0.08988300271357495,0.08323412578371786,-0.09175655937572717,44
Faizabad,Afghanistan,Badakhshan,37.1,70.55,highland_rainfed,2024-03-03,2024-03-19,0.09673701398972884,0.0759033007623944,0.0680163127204852,-0.044180914349819626,49
NadAli,Afghanistan,Helmand,31.55,64.25,arid_irrigated,2024-03-03,2024-03-19,0.12713885842953157,0.1026779315928497,0.10085074759371472,-0.055319863090152646,46
GhazniCity,Afghanistan,Ghazni,33.55,68.42,highland_rainfed,2024-03-03,2024-03-19,0.08950021415313254,0.08688711379291224,0.06952316305036055,-0.02223451841224436,46
Maimana,Afghanistan,Faryab,35.92,64.78,plains_rainfed,2024-03-03,2024-03-19,0.15648190751686605,0.11719319396547515,0.09975589897264389,0.003517202461818504,48
Chaghcharan,Afghanistan,Ghor,34.52,65.25,highland_rainfed,2024-03-03,2024-03-19,0.0845725002358744,0.0649746272115451,0.059131114363646445,-0.04000436834869127,47
Zaranj,Afghanistan,Nimroz,31,61.87,arid_irrigated,2024-03-03,2024-03-19,0.08382455336959121,0.0769585224590012,0.0707828440941125,-0.09530545145092362,46
Dronten,Netherlands,Flevoland,52.53,5.72,temperate_arable,2024-03-03,2024-03-19,0.28787819715871726,0.1948622450017663,0.16853631829487592,0.008653414510529478,63
Goes,Netherlands,Zeeland,51.5,3.9,temperate_arable,2024-03-03,2024-03-19,0.27182169919632754,0.1411125143008625,0.13824962270138408,-0.08012872078145705,62
Uden,Netherlands,Noord-Brabant,51.66,5.62,temperate_dairy_pasture,2024-03-03,2024-03-19,0.5173271887087887,0.34443580616187414,0.30834701002076087,0.11886515471644395,62
Tiel,Netherlands,Gelderland,51.9,5.6,temperate_horticulture,2024-03-03,2024-03-19,-0.30061694895387125,-0.06781709432890143,-0.06573494118605597,0.4039407534386103,60
Bunnik,Netherlands,Utrecht,52.05,5.2,temperate_dairy_pasture,2024-03-03,2024-03-19,0.6959506540882345,0.38359308496995675,0.3624905180662043,0.20051047043735476,4
Alblasserdam,Netherlands,Zuid-Holland,51.87,4.67,temperate_dairy_pasture,2024-03-03,2024-03-19,0.3257161392315893,0.1849333506000188,0.1687707304629784,-0.007388795001492816,36
Ashburton,New Zealand,Canterbury,-43.9,171.75,maritime_arable,2024-03-03,2024-03-19,0.8111810435971757,0.3303614008722949,0.34118371059412034,0.31750124936531166,53
Hamilton,New Zealand,Waikato,-37.78,175.28,maritime_dairy_pasture,2024-03-03,2024-03-19,0.5649416102264531,0.2656752062641176,0.260446403262881,0.1539308885195346,48
Gore,New Zealand,Southland,-46.1,168.95,maritime_dairy_pasture,2024-03-03,2024-03-19,0.8534390183110222,0.7629444556181658,0.6884538811161187,0.34064312780310857,6
PalmerstonN,New Zealand,Manawatu,-40.35,175.61,maritime_dairy_pasture,2024-03-03,2024-03-19,0.2817449890285026,0.17969885006272038,0.16263258792102242,-0.09965935428662433,48
Hastings,New Zealand,HawkesBay,-39.64,176.84,maritime_horticulture,2024-03-03,2024-03-19,0.07580329550181619,0.0464632743162628,0.0416578735012469,-0.056329404565804896,49
TePuke,New Zealand,BayOfPlenty,-37.78,176.32,maritime_horticulture,2024-03-03,2024-03-19,0.5397303821944924,0.33560613003329515,0.3072791921598143,0.14201556302562243,51
Blenheim,New Zealand,Marlborough,-41.51,173.96,maritime_horticulture,2024-03-03,2024-03-19,0.1703830019156781,0.10193530377160422,0.09319122132598218,-0.0184211917968124,51
Masterton,New Zealand,Wairarapa,-40.96,175.66,maritime_arable,2024-03-03,2024-03-19,0.1925132057257454,0.18505807413167583,0.12126181443935531,0.05203791092390621,49
Kerikeri,New Zealand,Northland,-35.22,173.95,maritime_horticulture,2024-03-03,2024-03-19,0.8440700542154438,0.5690180314555453,0.5307293116647029,0.5085955718839233,47
Motueka,New Zealand,Tasman,-41.11,173,maritime_horticulture,2024-03-03,2024-03-19,0.8603965087531865,0.6213323045688267,0.5773085577570171,0.40590734266027,51
Shakardara,Afghanistan,Kabul,34.65,69.03,highland_irrigated,2024-03-19,2024-04-04,0.14447072579862336,0.08957951754578979,0.09045937505462553,-0.05059627868713549,44
Kama,Afghanistan,Nangarhar,34.42,70.55,lowland_irrigated,2024-03-19,2024-04-04,0.58021710241421,0.37051785209202154,0.3464690110278945,0.2703433484573158,47
Dawlatabad,Afghanistan,Balkh,36.85,66.85,plains_irrigated,2024-03-19,2024-04-04,0.12098816052895153,0.1125501549706143,0.09820368470440852,-0.052133775470214874,50
Injil,Afghanistan,Herat,34.28,62.15,plains_irrigated,2024-03-19,2024-04-04,0.17918344484802776,0.13152675156625696,0.12924371248964606,0.04052381941384513,47
Arghandab,Afghanistan,Kandahar,31.72,65.65,arid_irrigated,2024-03-19,2024-04-04,0.304016658379436,0.23587701592034493,0.22080838181506568,0.08331968439162199,47
Khanabad,Afghanistan,Kunduz,36.65,68.95,plains_irrigated,2024-03-19,2024-04-04,0.17951598829629986,0.11752728070940982,0.116622376322696,-0.06784461584258758,44
Faizabad,Afghanistan,Badakhshan,37.1,70.55,highland_rainfed,2024-03-19,2024-04-04,0.17570154997590068,0.10788290849439415,0.0993317480575993,0.001761345009654397,38
NadAli,Afghanistan,Helmand,31.55,64.25,arid_irrigated,2024-03-19,2024-04-04,0.1343918805246923,0.11830103287238478,0.11272217683533883,-0.04033488259959354,46
GhazniCity,Afghanistan,Ghazni,33.55,68.42,highland_rainfed,2024-03-19,2024-04-04,0.09335401874678882,0.09101373572161561,0.07281997991788652,-0.033146282608255785,46
Maimana,Afghanistan,Faryab,35.92,64.78,plains_rainfed,2024-03-19,2024-04-04,0.19181051039448233,0.1492147698906587,0.13031751471064584,-0.025783932458597596,48
Chaghcharan,Afghanistan,Ghor,34.52,65.25,highland_rainfed,2024-03-19,2024-04-04,0.09237976209782467,0.06825983462588565,0.06455586261535394,-0.06180247088493048,47
Zaranj,Afghanistan,Nimroz,31,61.87,arid_irrigated,2024-03-19,2024-04-04,0.0777814199186,0.07006975624989792,0.06547147073043305,-0.0984992795274453,46
Goes,Netherlands,Zeeland,51.5,3.9,temperate_arable,2024-03-19,2024-04-04,0.27993163405584703,0.15103446372195037,0.14672820459012775,-0.07344539059843293,62
Venlo,Netherlands,Limburg,51.37,6.17,temperate_horticulture,2024-03-19,2024-04-04,0.18883255181228847,0.10580337963085083,0.08981659655223441,-0.07035131747405207,58
Ashburton,New Zealand,Canterbury,-43.9,171.75,maritime_arable,2024-03-19,2024-04-04,0.5086504383512442,0.2592815520993776,0.23185119106589228,0.1684051371540449,53
Hamilton,New Zealand,Waikato,-37.78,175.28,maritime_dairy_pasture,2024-03-19,2024-04-04,0.5816081158710387,0.26771454913464604,0.25364769026249673,0.19388849928136898,48
PalmerstonN,New Zealand,Manawatu,-40.35,175.61,maritime_dairy_pasture,2024-03-19,2024-04-04,0.2903618382271683,0.1790441919346691,0.15782959552472134,-0.07242488665488069,48
Hastings,New Zealand,HawkesBay,-39.64,176.84,maritime_horticulture,2024-03-19,2024-04-04,0.07021388081606782,0.03242843256916634,0.03251627074699642,-0.05839837664719602,49
Balclutha,New Zealand,Otago,-46.23,169.75,maritime_arable,2024-03-19,2024-04-04,0.20990106061158717,0.30922449661933993,0.1727726435957017,0.04039976020833629,52
TePuke,New Zealand,BayOfPlenty,-37.78,176.32,maritime_horticulture,2024-03-19,2024-04-04,0.5148394441712854,0.3179803333161187,0.2911186053105726,0.12884033516142787,51
Stratford,New Zealand,Taranaki,-39.34,174.28,maritime_dairy_pasture,2024-03-19,2024-04-04,0.5394166039823903,0.39267260658248926,0.3505036970651113,0.06552219576718331,50
Blenheim,New Zealand,Marlborough,-41.51,173.96,maritime_horticulture,2024-03-19,2024-04-04,0.1514753524155583,0.09216867182208795,0.08022941672646865,-0.030487900297076837,51
Masterton,New Zealand,Wairarapa,-40.96,175.66,maritime_arable,2024-03-19,2024-04-04,0.4820165688131713,0.2841253373970745,0.27158055064040004,0.012657075632551222,51
Kerikeri,New Zealand,Northland,-35.22,173.95,maritime_horticulture,2024-03-19,2024-04-04,0.8993430536977209,0.4003829239660483,0.39743210824703923,0.5421960801261414,47
Motueka,New Zealand,Tasman,-41.11,173,maritime_horticulture,2024-03-19,2024-04-04,0.7595566909358035,0.59115307650342,0.5462536482251721,0.24332452100601665,51
Shakardara,Afghanistan,Kabul,34.65,69.03,highland_irrigated,2024-04-04,2024-04-20,0.12119383751875329,0.10466720273395917,0.09786654425116566,-0.09685632983316658,44
Kama,Afghanistan,Nangarhar,34.42,70.55,lowland_irrigated,2024-04-04,2024-04-20,0.5726921093976106,0.3928665761613065,0.35845899732386416,0.2846308455055893,47
Dawlatabad,Afghanistan,Balkh,36.85,66.85,plains_irrigated,2024-04-04,2024-04-20,0.1410847148419938,0.1225665307289349,0.10906545719179003,-0.05852103490987291,50
Injil,Afghanistan,Herat,34.28,62.15,plains_irrigated,2024-04-04,2024-04-20,0.21708504752226762,0.17710380846622292,0.1628471831950073,0.056438283950287486,47
Arghandab,Afghanistan,Kandahar,31.72,65.65,arid_irrigated,2024-04-04,2024-04-20,0.4740064132218563,0.3792031080032214,0.32618712150687057,0.3147283685411944,47
Khanabad,Afghanistan,Kunduz,36.65,68.95,plains_irrigated,2024-04-04,2024-04-20,0.16822994248472528,0.15089371534150578,0.13823930171971754,-0.05273617976495875,44
Faizabad,Afghanistan,Badakhshan,37.1,70.55,highland_rainfed,2024-04-04,2024-04-20,0.19079671004904725,0.13728575790640432,0.12600088242540153,-0.006068997457247796,46
GhazniCity,Afghanistan,Ghazni,33.55,68.42,highland_rainfed,2024-04-04,2024-04-20,0.08285425132580437,0.08332060378987183,0.06636731908898233,-0.05543646334987311,46
Maimana,Afghanistan,Faryab,35.92,64.78,plains_rainfed,2024-04-04,2024-04-20,0.21404600111364838,0.1873531878687013,0.15786153505994585,0.00736671482786903,48
Chaghcharan,Afghanistan,Ghor,34.52,65.25,highland_rainfed,2024-04-04,2024-04-20,0.13561176355030213,0.0960748870019067,0.09205992996118907,0.030617820506880254,47
Zaranj,Afghanistan,Nimroz,31,61.87,arid_irrigated,2024-04-04,2024-04-20,0.08027435606893897,0.07966873088885365,0.07093782674053967,-0.08976200514385062,46
Veendam,Netherlands,Groningen,53.1,6.87,temperate_arable,2024-04-04,2024-04-20,0.48958154724131225,0.3428686379999673,0.2895757028110274,0.03294668376996824,62
Goes,Netherlands,Zeeland,51.5,3.9,temperate_arable,2024-04-04,2024-04-20,0.25719520833545545,0.15552507855665243,0.14295712877128428,-0.06376870910750203,39
Uden,Netherlands,Noord-Brabant,51.66,5.62,temperate_dairy_pasture,2024-04-04,2024-04-20,0.3590830635122344,0.3287439233494161,0.2428888772086237,0.35432123624873035,55
Tiel,Netherlands,Gelderland,51.9,5.6,temperate_horticulture,2024-04-04,2024-04-20,0.08063858036735701,0.057349543030330914,0.04135875610694264,0.2123546618560296,60
Almelo,Netherlands,Overijssel,52.35,6.6,temperate_dairy_pasture,2024-04-04,2024-04-20,0.8652343017751649,0.7004258435395718,0.5922011041086941,0.5971136945929771,44
Bunnik,Netherlands,Utrecht,52.05,5.2,temperate_dairy_pasture,2024-04-04,2024-04-20,0.8285106651479833,0.5249650388164142,0.4677713729105397,0.42313251741677216,56
Alblasserdam,Netherlands,Zuid-Holland,51.87,4.67,temperate_dairy_pasture,2024-04-04,2024-04-20,0.3405588920122196,0.17447594834681793,0.1525157757800805,0.10984983154650182,58
Ashburton,New Zealand,Canterbury,-43.9,171.75,maritime_arable,2024-04-04,2024-04-20,0.714888394279069,0.3247890257433643,0.32906316674213487,0.27715353645785673,53
Hamilton,New Zealand,Waikato,-37.78,175.28,maritime_dairy_pasture,2024-04-04,2024-04-20,0.5316870176716902,0.25575980880478316,0.24377036022599943,0.1654155582676103,48
PalmerstonN,New Zealand,Manawatu,-40.35,175.61,maritime_dairy_pasture,2024-04-04,2024-04-20,0.3038399314398956,0.17780080851828853,0.16224331945630438,-0.08885718806118317,48
Hastings,New Zealand,HawkesBay,-39.64,176.84,maritime_horticulture,2024-04-04,2024-04-20,-0.026429361378595133,-0.05099892566011442,-0.01967495882533904,-0.05709245748480082,12
TePuke,New Zealand,BayOfPlenty,-37.78,176.32,maritime_horticulture,2024-04-04,2024-04-20,0.5082447988727457,0.3659530763749546,0.30095146485387797,0.14642086291850495,51
Stratford,New Zealand,Taranaki,-39.34,174.28,maritime_dairy_pasture,2024-04-04,2024-04-20,0.5486079792554408,0.4202839560521901,0.37004747916641456,0.10940328468291373,50
Blenheim,New Zealand,Marlborough,-41.51,173.96,maritime_horticulture,2024-04-04,2024-04-20,0.17559664237938186,0.09390888808181289,0.09085668229076992,-0.02111907042784821,51
Masterton,New Zealand,Wairarapa,-40.96,175.66,maritime_arable,2024-04-04,2024-04-20,0.4775955060140821,0.2708880545981227,0.2587315400181906,-0.018634038558459277,51
Kerikeri,New Zealand,Northland,-35.22,173.95,maritime_horticulture,2024-04-04,2024-04-20,0.9005247946937769,0.5598515834693697,0.5255034059172524,0.5546712792536493,47
Motueka,New Zealand,Tasman,-41.11,173,maritime_horticulture,2024-04-04,2024-04-20,0.7485674693157275,0.5525886585044393,0.5125788713215534,0.24268273415762961,51
Shakardara,Afghanistan,Kabul,34.65,69.03,highland_irrigated,2024-04-20,2024-05-06,0.2038433289788887,0.1673512800418185,0.14329183674313375,-0.00540488376947683,41
Kama,Afghanistan,Nangarhar,34.42,70.55,lowland_irrigated,2024-04-20,2024-05-06,0.6026119428944708,0.3730267950003687,0.35987559236763783,0.2552007799464357,47
Dawlatabad,Afghanistan,Balkh,36.85,66.85,plains_irrigated,2024-04-20,2024-05-06,0.08213248719750524,0.06874413147350232,0.06398161843617092,-0.10056060775226981,50
Injil,Afghanistan,Herat,34.28,62.15,plains_irrigated,2024-04-20,2024-05-06,0.2661236239615959,0.2246770663769271,0.20463045814782813,0.10828671702162762,47
Arghandab,Afghanistan,Kandahar,31.72,65.65,arid_irrigated,2024-04-20,2024-05-06,0.4612402723239298,0.3563624020093328,0.3299542628077942,0.16375308968535218,47
Khanabad,Afghanistan,Kunduz,36.65,68.95,plains_irrigated,2024-04-20,2024-05-06,0.4213778697098304,0.2735556131008988,0.2715741541584168,0.08961918398365684,44
Faizabad,Afghanistan,Badakhshan,37.1,70.55,highland_rainfed,2024-04-20,2024-05-06,0.3404186407545062,0.2654747531467655,0.23245574118507673,0.13005540817894923,49
NadAli,Afghanistan,Helmand,31.55,64.25,arid_irrigated,2024-04-20,2024-05-06,0.11829494005085821,0.1041307105459284,0.10002846934562393,-0.048717557412725127,46
GhazniCity,Afghanistan,Ghazni,33.55,68.42,highland_rainfed,2024-04-20,2024-05-06,0.06345872471264237,0.0692950513647157,0.05127031447884986,-0.029903264439694467,46
Maimana,Afghanistan,Faryab,35.92,64.78,plains_rainfed,2024-04-20,2024-05-06,0.25791306336684955,0.22035141961188812,0.18664662290638584,0.003878422840114303,48
Chaghcharan,Afghanistan,Ghor,34.52,65.25,highland_rainfed,2024-04-20,2024-05-06,0.07629296498130793,0.09635520557047626,0.06219765408499175,0.14532550809102535,47
Zaranj,Afghanistan,Nimroz,31,61.87,arid_irrigated,2024-04-20,2024-05-06,0.1181144136828038,0.11365364965544132,0.10049713314024766,-0.05272835587858122,46
Dronten,Netherlands,Flevoland,52.53,5.72,temperate_arable,2024-04-20,2024-05-06,0.2637184733095736,0.1951063787969691,0.16430046127375428,0.04064509267764972,63
Veendam,Netherlands,Groningen,53.1,6.87,temperate_arable,2024-04-20,2024-05-06,0.509996262578291,0.32261831441681244,0.29099777040599784,0.0641152162728658,62
Sneek,Netherlands,Friesland,53.03,5.65,temperate_dairy_pasture,2024-04-20,2024-05-06,0.5711253099209396,0.40844463090847777,0.3558271818764104,0.139731750944434,64
Goes,Netherlands,Zeeland,51.5,3.9,temperate_arable,2024-04-20,2024-05-06,0.3063564989941797,0.22714686019374425,0.20392229596569264,-0.018299028645075294,62
Uden,Netherlands,Noord-Brabant,51.66,5.62,temperate_dairy_pasture,2024-04-20,2024-05-06,0.609197904023642,0.4780638098899744,0.4168908301613948,0.2266824671711593,62
Tiel,Netherlands,Gelderland,51.9,5.6,temperate_horticulture,2024-04-20,2024-05-06,-0.21627746711155746,-0.04340669839838343,-0.03918973181167235,0.19736303779159903,60
Almelo,Netherlands,Overijssel,52.35,6.6,temperate_dairy_pasture,2024-04-20,2024-05-06,0.8072412002295871,0.8492890031581254,0.6628484631870813,0.41654225383145244,62
Venlo,Netherlands,Limburg,51.37,6.17,temperate_horticulture,2024-04-20,2024-05-06,0.23941321429431986,0.11607922628557961,0.10836271595812208,-0.11525151053270676,58
Wieringermeer,Netherlands,Noord-Holland,52.85,5,temperate_arable,2024-04-20,2024-05-06,0.3261259389933612,0.2537537246532685,0.22664880376626437,0.07585460699435427,62
Emmen,Netherlands,Drenthe,52.75,6.85,temperate_arable,2024-04-20,2024-05-06,0.5368697301540664,0.3905636502965472,0.33411638204818167,0.09132435414907922,59
Bunnik,Netherlands,Utrecht,52.05,5.2,temperate_dairy_pasture,2024-04-20,2024-05-06,0.843526832220228,0.8191688011031862,0.6101844566370572,0.4610601195219589,56
Alblasserdam,Netherlands,Zuid-Holland,51.87,4.67,temperate_dairy_pasture,2024-04-20,2024-05-06,0.3502269033142869,0.26099939927751625,0.21163456558605856,0.0583396351385364,58
Ashburton,New Zealand,Canterbury,-43.9,171.75,maritime_arable,2024-04-20,2024-05-06,0.8172219097163014,0.2858538420741293,0.3047617397993809,0.32414069666210193,53
Hamilton,New Zealand,Waikato,-37.78,175.28,maritime_dairy_pasture,2024-04-20,2024-05-06,0.5733569367768003,0.24992441093225043,0.24543156144821227,0.174684217813345,48
Gore,New Zealand,Southland,-46.1,168.95,maritime_dairy_pasture,2024-04-20,2024-05-06,0.2771754960274899,0.21019503374510395,0.18151561315421663,0.08707850742420563,54
PalmerstonN,New Zealand,Manawatu,-40.35,175.61,maritime_dairy_pasture,2024-04-20,2024-05-06,0.3432669767210359,0.19238834857825876,0.18186104348887985,-0.054056402493293125,48
Hastings,New Zealand,HawkesBay,-39.64,176.84,maritime_horticulture,2024-04-20,2024-05-06,0.06459498534292973,0.032024480820247954,0.031198978596606062,-0.06722923747335512,49
Balclutha,New Zealand,Otago,-46.23,169.75,maritime_arable,2024-04-20,2024-05-06,0.41865798182958774,0.25347148280247617,0.21817703981721348,0.15435455556049252,52
TePuke,New Zealand,BayOfPlenty,-37.78,176.32,maritime_horticulture,2024-04-20,2024-05-06,0.5222541979161271,0.2884639269404861,0.27185130419917286,0.15056117579408015,51
Stratford,New Zealand,Taranaki,-39.34,174.28,maritime_dairy_pasture,2024-04-20,2024-05-06,0.5674118116851897,0.39284952344209834,0.36477319346100606,0.10475511019808566,50
Blenheim,New Zealand,Marlborough,-41.51,173.96,maritime_horticulture,2024-04-20,2024-05-06,0.15270054656959933,0.08382006516486057,0.077228604192797,-0.03143246648766206,51
Masterton,New Zealand,Wairarapa,-40.96,175.66,maritime_arable,2024-04-20,2024-05-06,0.569882995434399,0.32431167963415924,0.3144214081744258,0.09218892323357755,51
Kerikeri,New Zealand,Northland,-35.22,173.95,maritime_horticulture,2024-04-20,2024-05-06,0.9069352941348765,0.5606062323386933,0.531924729258678,0.5617582711524196,47
Motueka,New Zealand,Tasman,-41.11,173,maritime_horticulture,2024-04-20,2024-05-06,0.7630118302026514,0.5481332159679988,0.5088205040434756,0.26431206664152734,51
Shakardara,Afghanistan,Kabul,34.65,69.03,highland_irrigated,2024-05-06,2024-05-22,0.19921290090082977,0.18837889056510088,0.16714137204995577,-0.022431712895182986,44
Kama,Afghanistan,Nangarhar,34.42,70.55,lowland_irrigated,2024-05-06,2024-05-22,0.532670591245274,0.3234603546046531,0.32230260345086015,0.147632439765572,47
Dawlatabad,Afghanistan,Balkh,36.85,66.85,plains_irrigated,2024-05-06,2024-05-22,0.1164368479211666,0.10198497396081194,0.0900201137962708,-0.036634822312012635,50
Injil,Afghanistan,Herat,34.28,62.15,plains_irrigated,2024-05-06,2024-05-22,0.3073652504568906,0.25874137973199585,0.23357512273034212,0.11132424381714766,47
Arghandab,Afghanistan,Kandahar,31.72,65.65,arid_irrigated,2024-05-06,2024-05-22,0.33109843427611246,0.2510951959919883,0.24192200307856074,0.05833026716443469,47
Khanabad,Afghanistan,Kunduz,36.65,68.95,plains_irrigated,2024-05-06,2024-05-22,0.2612018602759504,0.21771121929858137,0.20765285498927005,-0.015447211236597211,44
Faizabad,Afghanistan,Badakhshan,37.1,70.55,highland_rainfed,2024-05-06,2024-05-22,0.3654102843484328,0.27928390359792615,0.2524510398463259,0.13752641025956158,49
NadAli,Afghanistan,Helmand,31.55,64.25,arid_irrigated,2024-05-06,2024-05-22,0.10796093869832027,0.09085408665381592,0.08997580470201542,-0.06686333147403022,46
GhazniCity,Afghanistan,Ghazni,33.55,68.42,highland_rainfed,2024-05-06,2024-05-22,0.09211575082474198,0.10322954393825381,0.07722763219312119,-0.037617168480221716,46
Maimana,Afghanistan,Faryab,35.92,64.78,plains_rainfed,2024-05-06,2024-05-22,0.22196518105700855,0.18018785690753805,0.15915543264615906,-0.028235794392808947,48
Chaghcharan,Afghanistan,Ghor,34.52,65.25,highland_rainfed,2024-05-06,2024-05-22,0.19886328564908462,0.17615594204661142,0.16053731180682101,0.034888296610696624,47
Zaranj,Afghanistan,Nimroz,31,61.87,arid_irrigated,2024-05-06,2024-05-22,0.150699943204685,0.14322973161392324,0.12684175367941947,-0.042003741367290674,46
Dronten,Netherlands,Flevoland,52.53,5.72,temperate_arable,2024-05-06,2024-05-22,0.29633942028146687,0.22135000420807435,0.1873660544963083,0.005512316409208203,63
Veendam,Netherlands,Groningen,53.1,6.87,temperate_arable,2024-05-06,2024-05-22,0.6117724901062723,0.39723665170447214,0.36467744478167874,0.11646945831180369,62
Sneek,Netherlands,Friesland,53.03,5.65,temperate_dairy_pasture,2024-05-06,2024-05-22,0.5600640220988181,0.3933382429323598,0.347608431200709,0.10947862308895032,64
Goes,Netherlands,Zeeland,51.5,3.9,temperate_arable,2024-05-06,2024-05-22,0.3241207669144828,0.21438025814719674,0.19810592392870052,-0.020210976277451134,62
Uden,Netherlands,Noord-Brabant,51.66,5.62,temperate_dairy_pasture,2024-05-06,2024-05-22,0.6055968657649974,0.4780099622975243,0.4068500611861517,0.22797240129810287,62
Tiel,Netherlands,Gelderland,51.9,5.6,temperate_horticulture,2024-05-06,2024-05-22,-0.26256949166200844,-0.05554507058181459,-0.05534183412753601,0.25292946117194187,60
Almelo,Netherlands,Overijssel,52.35,6.6,temperate_dairy_pasture,2024-05-06,2024-05-22,0.5243012953345497,0.3567142290116618,0.34563460299305443,0.048486432091292275,62
Venlo,Netherlands,Limburg,51.37,6.17,temperate_horticulture,2024-05-06,2024-05-22,0.22599139208988459,0.09568812261930018,0.09341049055530276,-0.17503675467674443,58
Wieringermeer,Netherlands,Noord-Holland,52.85,5,temperate_arable,2024-05-06,2024-05-22,0.32635610812745386,0.266050690087573,0.23550876382758346,0.053038765890202365,62
Emmen,Netherlands,Drenthe,52.75,6.85,temperate_arable,2024-05-06,2024-05-22,0.4562673949554107,0.27221449326291414,0.2519747941525188,-0.06995228452786083,59
Bunnik,Netherlands,Utrecht,52.05,5.2,temperate_dairy_pasture,2024-05-06,2024-05-22,0.8601032806975032,0.8737570584450279,0.6951679253874604,0.4366006081003432,56
Alblasserdam,Netherlands,Zuid-Holland,51.87,4.67,temperate_dairy_pasture,2024-05-06,2024-05-22,0.38558210948735366,0.24013341394547627,0.2144886149441735,0.02931695202739527,58
Ashburton,New Zealand,Canterbury,-43.9,171.75,maritime_arable,2024-05-06,2024-05-22,0.7904712160037262,0.26248694877703516,0.2846468870638116,0.27845911473669865,53
Hamilton,New Zealand,Waikato,-37.78,175.28,maritime_dairy_pasture,2024-05-06,2024-05-22,0.5858483389704714,0.2331354050689835,0.2357280382417867,0.15567106762352062,48
PalmerstonN,New Zealand,Manawatu,-40.35,175.61,maritime_dairy_pasture,2024-05-06,2024-05-22,0.35935694841729937,0.20340648643257292,0.18885419693808378,-0.03538824629975968,48
Hastings,New Zealand,HawkesBay,-39.64,176.84,maritime_horticulture,2024-05-06,2024-05-22,0.0638909744902458,0.03260275781224799,0.026295391844782374,-0.03627959242094705,49
TePuke,New Zealand,BayOfPlenty,-37.78,176.32,maritime_horticulture,2024-05-06,2024-05-22,0.5381471832124957,0.3033498271527678,0.2800149022917958,0.14567454556036105,51
Stratford,New Zealand,Taranaki,-39.34,174.28,maritime_dairy_pasture,2024-05-06,2024-05-22,0.5331079349618271,0.33605321417068773,0.3024440471722008,0.16635797390058893,50
Blenheim,New Zealand,Marlborough,-41.51,173.96,maritime_horticulture,2024-05-06,2024-05-22,0.1586353326110687,0.08557661694295467,0.08012554983445092,-0.030550561351969898,51
Masterton,New Zealand,Wairarapa,-40.96,175.66,maritime_arable,2024-05-06,2024-05-22,0.5614203990844914,0.3154571183433293,0.3065921820612258,0.104446854593466,51
Kerikeri,New Zealand,Northland,-35.22,173.95,maritime_horticulture,2024-05-06,2024-05-22,0.9061454817134162,0.5193600612332055,0.5140800262072961,0.5594451959234671,47
Motueka,New Zealand,Tasman,-41.11,173,maritime_horticulture,2024-05-06,2024-05-22,0.7339633088106338,0.5154898642775241,0.4920920622878107,0.29776079505807934,51
Shakardara,Afghanistan,Kabul,34.65,69.03,highland_irrigated,2024-05-22,2024-06-07,0.20511672807806286,0.1905296855694954,0.1717488435700326,-0.011960369868474622,44
Kama,Afghanistan,Nangarhar,34.42,70.55,lowland_irrigated,2024-05-22,2024-06-07,0.5117705023666252,0.37471783467220643,0.34262751850821044,0.16146901870551994,47
Dawlatabad,Afghanistan,Balkh,36.85,66.85,plains_irrigated,2024-05-22,2024-06-07,0.13394976762262187,0.11339520349796274,0.10412161489597914,-0.02695102596100478,50
Injil,Afghanistan,Herat,34.28,62.15,plains_irrigated,2024-05-22,2024-06-07,0.27386551398737785,0.23946924907995062,0.2151247622281642,0.09827673843707563,47
Arghandab,Afghanistan,Kandahar,31.72,65.65,arid_irrigated,2024-05-22,2024-06-07,0.20482375654187163,0.16768702404699018,0.16245313138585926,-0.02510565101569614,47
Khanabad,Afghanistan,Kunduz,36.65,68.95,plains_irrigated,2024-05-22,2024-06-07,0.13215588725661098,0.11200315643736922,0.1109673752091111,-0.09546539626794487,44
Faizabad,Afghanistan,Badakhshan,37.1,70.55,highland_rainfed,2024-05-22,2024-06-07,0.349410272673473,0.28538650479970623,0.25498088556286613,0.1353108947943547,49
NadAli,Afghanistan,Helmand,31.55,64.25,arid_irrigated,2024-05-22,2024-06-07,0.09951992975864841,0.08518029499573927,0.08423452964363438,-0.06297277922416801,46
GhazniCity,Afghanistan,Ghazni,33.55,68.42,highland_rainfed,2024-05-22,2024-06-07,0.10856111163696397,0.11153419099694956,0.08792282856596371,-0.050207252182380493,46
Maimana,Afghanistan,Faryab,35.92,64.78,plains_rainfed,2024-05-22,2024-06-07,0.21412271332476943,0.18037004728610379,0.16026413246049223,-0.03834950974298865,48
Chaghcharan,Afghanistan,Ghor,34.52,65.25,highland_rainfed,2024-05-22,2024-06-07,0.2136682201502317,0.19389805624752002,0.17483889903304162,0.04190870356783791,47
Zaranj,Afghanistan,Nimroz,31,61.87,arid_irrigated,2024-05-22,2024-06-07,0.16150980732208747,0.16303984861166781,0.14040052297019612,-0.018681279834880497,46
Dronten,Netherlands,Flevoland,52.53,5.72,temperate_arable,2024-05-22,2024-06-07,0.33213304682667955,0.2978286038930388,0.22797366965005744,0.06334467589549478,57
Veendam,Netherlands,Groningen,53.1,6.87,temperate_arable,2024-05-22,2024-06-07,0.6163736263435451,0.46292002745066735,0.4080563154280897,0.12917679889503028,62
Sneek,Netherlands,Friesland,53.03,5.65,temperate_dairy_pasture,2024-05-22,2024-06-07,0.04852620581776635,0.8613201797758209,0.050347724063832006,0.21079040238843808,64
Uden,Netherlands,Noord-Brabant,51.66,5.62,temperate_dairy_pasture,2024-05-22,2024-06-07,0.5645537908787895,0.49943161641064754,0.41226633461642126,0.21114671699590581,62
Almelo,Netherlands,Overijssel,52.35,6.6,temperate_dairy_pasture,2024-05-22,2024-06-07,0.8341242248422069,0.7595323189015561,0.6511199609160043,0.38476898170631274,62
Venlo,Netherlands,Limburg,51.37,6.17,temperate_horticulture,2024-05-22,2024-06-07,0.18652620442711978,0.1570273453619187,0.10881186610063114,-0.04084259913453291,58
Emmen,Netherlands,Drenthe,52.75,6.85,temperate_arable,2024-05-22,2024-06-07,0.4218528399480515,0.34184880554752956,0.29576989920063157,-0.06521173052444244,59
Bunnik,Netherlands,Utrecht,52.05,5.2,temperate_dairy_pasture,2024-05-22,2024-06-07,0.8601008182729134,0.979596560456704,0.736827846806388,0.5170806402341815,56
Alblasserdam,Netherlands,Zuid-Holland,51.87,4.67,temperate_dairy_pasture,2024-05-22,2024-06-07,0.4125000977317217,0.2937165580879573,0.2555692137483611,0.0664076575370558,58
Ashburton,New Zealand,Canterbury,-43.9,171.75,maritime_arable,2024-05-22,2024-06-07,0.6837859396323902,0.255223761844278,0.26711656290637653,0.24327522037897165,53
Hamilton,New Zealand,Waikato,-37.78,175.28,maritime_dairy_pasture,2024-05-22,2024-06-07,0.5632977114109458,0.24156839147167172,0.24690209269858804,0.1513214924954048,48
PalmerstonN,New Zealand,Manawatu,-40.35,175.61,maritime_dairy_pasture,2024-05-22,2024-06-07,0.2793285552417051,0.1748667683212186,0.15252970511881359,-0.01111493394868914,48
Hastings,New Zealand,HawkesBay,-39.64,176.84,maritime_horticulture,2024-05-22,2024-06-07,0.09406771047208472,0.06854143610180367,0.05640427524915321,-0.07002798096417517,49
Balclutha,New Zealand,Otago,-46.23,169.75,maritime_arable,2024-05-22,2024-06-07,0.34058699651396573,0.10138388804150887,0.09481649490848501,0.15267971191172178,52
TePuke,New Zealand,BayOfPlenty,-37.78,176.32,maritime_horticulture,2024-05-22,2024-06-07,0.5071523534370186,0.27509669723068797,0.25674181109078975,0.13366111981255385,51
Stratford,New Zealand,Taranaki,-39.34,174.28,maritime_dairy_pasture,2024-05-22,2024-06-07,0.5972874420297568,0.3724141563773663,0.33863545502051956,0.16793693913468635,50
Blenheim,New Zealand,Marlborough,-41.51,173.96,maritime_horticulture,2024-05-22,2024-06-07,0.16301239045528992,0.08936491018970236,0.08157593507722649,-0.02577251790168166,51
Masterton,New Zealand,Wairarapa,-40.96,175.66,maritime_arable,2024-05-22,2024-06-07,0.5989112730938254,0.31544720651064234,0.30971738978170504,0.11589374419113432,51
Kerikeri,New Zealand,Northland,-35.22,173.95,maritime_horticulture,2024-05-22,2024-06-07,0.8985239372285075,0.5659141598952427,0.5323691711090582,0.5582801988655393,47
Motueka,New Zealand,Tasman,-41.11,173,maritime_horticulture,2024-05-22,2024-06-07,0.491022269351901,0.2747853567440608,0.272066561641564,0.13037509133454944,51
Shakardara,Afghanistan,Kabul,34.65,69.03,highland_irrigated,2024-06-07,2024-06-23,0.1809880547354319,0.16943088701207984,0.15418318391063085,-0.03355529299012576,44
Kama,Afghanistan,Nangarhar,34.42,70.55,lowland_irrigated,2024-06-07,2024-06-23,0.5422811863484946,0.38088653491827135,0.35012583122182456,0.1993199076165088,47
Dawlatabad,Afghanistan,Balkh,36.85,66.85,plains_irrigated,2024-06-07,2024-06-23,0.3650109135249841,0.3207226505004562,0.28228585048247684,0.09582027921832621,50
Injil,Afghanistan,Herat,34.28,62.15,plains_irrigated,2024-06-07,2024-06-23,0.20396623817037576,0.1764176320961993,0.1613535735393272,0.016032987443933933,47
Arghandab,Afghanistan,Kandahar,31.72,65.65,arid_irrigated,2024-06-07,2024-06-23,0.1790449267355169,0.15248340448205863,0.14559141442611206,-0.030200977737916232,47
Khanabad,Afghanistan,Kunduz,36.65,68.95,plains_irrigated,2024-06-07,2024-06-23,0.09483734670885766,0.08162742665844903,0.07978716882826524,-0.11758038330246975,44
Faizabad,Afghanistan,Badakhshan,37.1,70.55,highland_rainfed,2024-06-07,2024-06-23,0.30201361410800504,0.24182650779823567,0.2165034472834915,0.10256969824937466,49
NadAli,Afghanistan,Helmand,31.55,64.25,arid_irrigated,2024-06-07,2024-06-23,0.09952745738758971,0.09240277510147842,0.08828007180395907,-0.06412197633321162,46
GhazniCity,Afghanistan,Ghazni,33.55,68.42,highland_rainfed,2024-06-07,2024-06-23,0.10399241857443987,0.10694198712103041,0.0836715852545827,-0.05658431922624947,46
Maimana,Afghanistan,Faryab,35.92,64.78,plains_rainfed,2024-06-07,2024-06-23,0.20236017568922743,0.17255690707954235,0.15352005969024285,-0.04574607305399696,48
Chaghcharan,Afghanistan,Ghor,34.52,65.25,highland_rainfed,2024-06-07,2024-06-23,0.18543111613510607,0.17019507619150598,0.15331335369618754,-0.0010017010410598224,47
Zaranj,Afghanistan,Nimroz,31,61.87,arid_irrigated,2024-06-07,2024-06-23,0.12377105699438039,0.12875813463275113,0.11224444658691504,-0.03521901152082811,46
Sneek,Netherlands,Friesland,53.03,5.65,temperate_dairy_pasture,2024-06-07,2024-06-23,0.5469071800459467,0.460076054285738,0.3772099053609376,0.12442528776764702,64
Uden,Netherlands,Noord-Brabant,51.66,5.62,temperate_dairy_pasture,2024-06-07,2024-06-23,0.5499125680804396,0.5871466716713765,0.39726456685014927,0.20544797386951436,62
Venlo,Netherlands,Limburg,51.37,6.17,temperate_horticulture,2024-06-07,2024-06-23,0.1396376175598911,0.07129877939035292,0.060677308914755375,-0.10947393477721229,58
Wieringermeer,Netherlands,Noord-Holland,52.85,5,temperate_arable,2024-06-07,2024-06-23,0.34787552142017997,0.3383041502409644,0.2733019515721625,0.12406652897965155,39
Hamilton,New Zealand,Waikato,-37.78,175.28,maritime_dairy_pasture,2024-06-07,2024-06-23,0.532229161242052,0.21648497863504929,0.21529510288707496,0.21965136598164925,48
Gore,New Zealand,Southland,-46.1,168.95,maritime_dairy_pasture,2024-06-07,2024-06-23,0.14769544130399995,0.08100635732647628,0.07036501879076837,0.2542977952656405,54
PalmerstonN,New Zealand,Manawatu,-40.35,175.61,maritime_dairy_pasture,2024-06-07,2024-06-23,0.07760451877337946,0.06329504909425147,0.04721532404739537,-0.0729128016003489,19
Hastings,New Zealand,HawkesBay,-39.64,176.84,maritime_horticulture,2024-06-07,2024-06-23,0.11060015424208966,0.028238465933405028,0.0358433828157512,-0.11724835799806169,49
Balclutha,New Zealand,Otago,-46.23,169.75,maritime_arable,2024-06-07,2024-06-23,0.40453692357554005,0.22805449002490055,0.19116365610256347,0.09071769882642164,52
Blenheim,New Zealand,Marlborough,-41.51,173.96,maritime_horticulture,2024-06-07,2024-06-23,0.16644694027126847,0.08191884955078146,0.07753444936931908,-0.009894116559841017,51
Kerikeri,New Zealand,Northland,-35.22,173.95,maritime_horticulture,2024-06-07,2024-06-23,0.9185925069514101,0.5433563351259839,0.5243420521732659,0.5682172914762255,47
Motueka,New Zealand,Tasman,-41.11,173,maritime_horticulture,2024-06-07,2024-06-23,0.4829674267363352,0.2932043357903304,0.28503694358548465,0.13900860573800497,51
Shakardara,Afghanistan,Kabul,34.65,69.03,highland_irrigated,2024-06-23,2024-07-09,0.16638225011470847,0.15165357707800492,0.13889926043596387,-0.043419356477967165,44
Kama,Afghanistan,Nangarhar,34.42,70.55,lowland_irrigated,2024-06-23,2024-07-09,0.506718273217335,0.3523358578705147,0.33292073559792057,0.20839011419902057,47
Dawlatabad,Afghanistan,Balkh,36.85,66.85,plains_irrigated,2024-06-23,2024-07-09,0.5020500628421454,0.4474328496877074,0.3913650551711645,0.19962983288847355,50
Injil,Afghanistan,Herat,34.28,62.15,plains_irrigated,2024-06-23,2024-07-09,0.18399219136348352,0.16130540020652537,0.14876562905393695,0.02253894726470276,47
Arghandab,Afghanistan,Kandahar,31.72,65.65,arid_irrigated,2024-06-23,2024-07-09,0.16095443492853623,0.1378180033006079,0.13160842960058003,-0.031530702511551656,47
Khanabad,Afghanistan,Kunduz,36.65,68.95,plains_irrigated,2024-06-23,2024-07-09,0.08078054204020355,0.07161864835372894,0.06651258637245828,-0.1080215895638915,44
Faizabad,Afghanistan,Badakhshan,37.1,70.55,highland_rainfed,2024-06-23,2024-07-09,0.2827879670050557,0.23192881117295355,0.21156936571441903,0.10056072130953446,49
NadAli,Afghanistan,Helmand,31.55,64.25,arid_irrigated,2024-06-23,2024-07-09,0.16055002938811466,0.1415442855295772,0.1355705060762489,-0.028110009393168257,46
GhazniCity,Afghanistan,Ghazni,33.55,68.42,highland_rainfed,2024-06-23,2024-07-09,0.09360411429713096,0.0963471404658184,0.07615473359063135,-0.061341920787689186,46
Maimana,Afghanistan,Faryab,35.92,64.78,plains_rainfed,2024-06-23,2024-07-09,0.20396184829677186,0.16557478912628665,0.15167271800582258,-0.049627081584428724,48
Chaghcharan,Afghanistan,Ghor,34.52,65.25,highland_rainfed,2024-06-23,2024-07-09,0.19177849983367293,0.17559785138441342,0.15993111142660152,-0.0013566725607290135,47
Zaranj,Afghanistan,Nimroz,31,61.87,arid_irrigated,2024-06-23,2024-07-09,0.1101296662673716,0.1229902820483564,0.10153310635570137,-0.01316719694360597,46
Dronten,Netherlands,Flevoland,52.53,5.72,temperate_arable,2024-06-23,2024-07-09,0.2864665084546834,0.19535723324924234,0.1686180168781024,-0.005427964880770981,63
Veendam,Netherlands,Groningen,53.1,6.87,temperate_arable,2024-06-23,2024-07-09,0.616888363690217,0.4392584137632245,0.39047778451388915,0.12167613784459665,62
Sneek,Netherlands,Friesland,53.03,5.65,temperate_dairy_pasture,2024-06-23,2024-07-09,0.51212071826115,0.4396681984175263,0.3520369667448022,0.11948587681103054,64
Goes,Netherlands,Zeeland,51.5,3.9,temperate_arable,2024-06-23,2024-07-09,0.29332377647343255,0.19693938992069374,0.18127275297721523,-0.0388022925749538,62
Uden,Netherlands,Noord-Brabant,51.66,5.62,temperate_dairy_pasture,2024-06-23,2024-07-09,0.4856167286569708,0.4051459755361708,0.3261284296459632,0.12052597314538835,62
Tiel,Netherlands,Gelderland,51.9,5.6,temperate_horticulture,2024-06-23,2024-07-09,-0.4180713413233454,-0.0738949943749962,-0.07330129819180267,0.3031696452163427,60
Almelo,Netherlands,Overijssel,52.35,6.6,temperate_dairy_pasture,2024-06-23,2024-07-09,0.6182849594991502,0.4655150174787493,0.42119976508376317,0.11131622916572304,62
Venlo,Netherlands,Limburg,51.37,6.17,temperate_horticulture,2024-06-23,2024-07-09,0.18907859892202927,0.09308413065778659,0.0872464364175253,-0.17420626205453094,58
Wieringermeer,Netherlands,Noord-Holland,52.85,5,temperate_arable,2024-06-23,2024-07-09,0.3403500567003864,0.28559815611360684,0.24620792129622454,0.08887507079058696,62
Emmen,Netherlands,Drenthe,52.75,6.85,temperate_arable,2024-06-23,2024-07-09,0.4388299062374013,0.3062082993212787,0.2715445846765684,-0.10601330510642223,59
Bunnik,Netherlands,Utrecht,52.05,5.2,temperate_dairy_pasture,2024-06-23,2024-07-09,0.724416081486161,0.6742187702037766,0.5428056745377144,0.2953213893408553,56
Alblasserdam,Netherlands,Zuid-Holland,51.87,4.67,temperate_dairy_pasture,2024-06-23,2024-07-09,0.3748792964231902,0.27131609890017494,0.23167493713819146,0.033697233521135836,58
Ashburton,New Zealand,Canterbury,-43.9,171.75,maritime_arable,2024-06-23,2024-07-09,0.7009155487330689,0.2107139125933515,0.22221417836512425,0.21747429622127457,53
Hamilton,New Zealand,Waikato,-37.78,175.28,maritime_dairy_pasture,2024-06-23,2024-07-09,0.2702669569259926,0.1660483166271984,0.12985654369948735,0.030279991326502165,48
PalmerstonN,New Zealand,Manawatu,-40.35,175.61,maritime_dairy_pasture,2024-06-23,2024-07-09,0.36746105493558057,0.19326675570246793,0.1837232912169286,-0.013168646786565064,48
Hastings,New Zealand,HawkesBay,-39.64,176.84,maritime_horticulture,2024-06-23,2024-07-09,0.1537289129790668,0.15256776905410555,0.10037503006282827,0.027619157373981004,47
Balclutha,New Zealand,Otago,-46.23,169.75,maritime_arable,2024-06-23,2024-07-09,0.34216846331607464,0.16067757221729917,0.13359783820012577,0.13849316973806827,52
TePuke,New Zealand,BayOfPlenty,-37.78,176.32,maritime_horticulture,2024-06-23,2024-07-09,0.513702048516154,0.2802184586375069,0.257442534388071,0.16053988757110035,51
Stratford,New Zealand,Taranaki,-39.34,174.28,maritime_dairy_pasture,2024-06-23,2024-07-09,0.5879123945654943,0.338507395029232,0.3275917680611818,0.15755915708217524,50
Blenheim,New Zealand,Marlborough,-41.51,173.96,maritime_horticulture,2024-06-23,2024-07-09,0.1569813765694984,0.07133433899673809,0.06391369998543196,-0.0028424362878182266,51
Masterton,New Zealand,Wairarapa,-40.96,175.66,maritime_arable,2024-06-23,2024-07-09,0.5579063450841011,0.3149393445939152,0.292579418518482,0.1712595066072188,51
Kerikeri,New Zealand,Northland,-35.22,173.95,maritime_horticulture,2024-06-23,2024-07-09,0.9036069633336838,0.5081256476743704,0.4934427791684862,0.5370197275366921,47
Motueka,New Zealand,Tasman,-41.11,173,maritime_horticulture,2024-06-23,2024-07-09,0.554011208897611,0.34166052742345027,0.33006233830989634,0.17377783824181423,51
Shakardara,Afghanistan,Kabul,34.65,69.03,highland_irrigated,2024-07-09,2024-07-25,0.14245121425555846,0.1299871743747557,0.11921668839451438,-0.06263066045484675,44
Kama,Afghanistan,Nangarhar,34.42,70.55,lowland_irrigated,2024-07-09,2024-07-25,0.6726243669839714,0.47323299820128784,0.4430198232389117,0.2794172391388007,47
Dawlatabad,Afghanistan,Balkh,36.85,66.85,plains_irrigated,2024-07-09,2024-07-25,0.590165655043384,0.5172613276482193,0.45238794858033776,0.2589902611268782,50
Injil,Afghanistan,Herat,34.28,62.15,plains_irrigated,2024-07-09,2024-07-25,0.22126832154130666,0.19138119725774003,0.17316005949096522,0.04695701039434119,47
Arghandab,Afghanistan,Kandahar,31.72,65.65,arid_irrigated,2024-07-09,2024-07-25,0.15710716212716408,0.1344323264486319,0.1271105853460147,-0.03608130071084769,47
Khanabad,Afghanistan,Kunduz,36.65,68.95,plains_irrigated,2024-07-09,2024-07-25,0.08414440796452594,0.07059273094716353,0.06904611178115297,-0.1255358563855009,44
Faizabad,Afghanistan,Badakhshan,37.1,70.55,highland_rainfed,2024-07-09,2024-07-25,0.28351216412827424,0.22983329324894544,0.20362756292555717,0.09833470643998912,49
NadAli,Afghanistan,Helmand,31.55,64.25,arid_irrigated,2024-07-09,2024-07-25,0.2646147169871117,0.22652537920916863,0.21542512316549337,0.030000846465132135,46
GhazniCity,Afghanistan,Ghazni,33.55,68.42,highland_rainfed,2024-07-09,2024-07-25,0.09063313850609195,0.09532095439855849,0.07305269278014283,-0.06737430215316594,46
Maimana,Afghanistan,Faryab,35.92,64.78,plains_rainfed,2024-07-09,2024-07-25,0.1946072911397571,0.1623895364559613,0.14521482949454037,-0.0444669769189472,48
Chaghcharan,Afghanistan,Ghor,34.52,65.25,highland_rainfed,2024-07-09,2024-07-25,0.19842689109848638,0.17739373249837032,0.16039248427688924,-0.003493370599172491,47
Zaranj,Afghanistan,Nimroz,31,61.87,arid_irrigated,2024-07-09,2024-07-25,0.11263520335628632,0.11974730501890722,0.10310505104626416,-0.024516234341229928,46
Dronten,Netherlands,Flevoland,52.53,5.72,temperate_arable,2024-07-09,2024-07-25,0.2510413901192708,0.16787377641444676,0.14791745956617755,-0.07669806297231466,63
Veendam,Netherlands,Groningen,53.1,6.87,temperate_arable,2024-07-09,2024-07-25,0.6210833075036412,0.4276319807467437,0.3858374738768125,0.11677804737673661,62
Sneek,Netherlands,Friesland,53.03,5.65,temperate_dairy_pasture,2024-07-09,2024-07-25,0.554923179414844,0.393829927018568,0.35058351853792696,0.08628468244298267,64
Goes,Netherlands,Zeeland,51.5,3.9,temperate_arable,2024-07-09,2024-07-25,0.2857532513498522,0.23500069143907337,0.19890847179398374,0.034008397058491485,62
Uden,Netherlands,Noord-Brabant,51.66,5.62,temperate_dairy_pasture,2024-07-09,2024-07-25,0.47876893230367157,0.3385137779782334,0.3001405133041951,0.07936515783024738,62
Tiel,Netherlands,Gelderland,51.9,5.6,temperate_horticulture,2024-07-09,2024-07-25,-0.4297541311215461,-0.06256367998775694,-0.06186270112206354,0.3174488748831546,60
Almelo,Netherlands,Overijssel,52.35,6.6,temperate_dairy_pasture,2024-07-09,2024-07-25,0.881342221071867,0.756899114156401,0.6435361558570367,0.4184310001219076,62
Venlo,Netherlands,Limburg,51.37,6.17,temperate_horticulture,2024-07-09,2024-07-25,0.2213935225891895,0.10106419212438297,0.09832609853605524,-0.16965054485480413,58
Emmen,Netherlands,Drenthe,52.75,6.85,temperate_arable,2024-07-09,2024-07-25,0.7823061268273184,0.5174801373649395,0.46117165385298425,0.21766173612296988,59
Bunnik,Netherlands,Utrecht,52.05,5.2,temperate_dairy_pasture,2024-07-09,2024-07-25,0.833118700651487,0.8729289075226789,0.653270179618248,0.4025993024985558,56
Alblasserdam,Netherlands,Zuid-Holland,51.87,4.67,temperate_dairy_pasture,2024-07-09,2024-07-25,0.3764953899771664,0.277671303086853,0.2308180980022859,0.05933304683508515,58
Hamilton,New Zealand,Waikato,-37.78,175.28,maritime_dairy_pasture,2024-07-09,2024-07-25,0.6050416353453484,0.2108975065835333,0.21414961206922434,0.16271184827765672,48
Gore,New Zealand,Southland,-46.1,168.95,maritime_dairy_pasture,2024-07-09,2024-07-25,0.010406050328205121,0.10434041026969534,0.09364658938769199,0.12972312126270286,54
Hastings,New Zealand,HawkesBay,-39.64,176.84,maritime_horticulture,2024-07-09,2024-07-25,0.02236772717981971,0.03245009335084363,0.016070976894785163,-0.018254073478617253,3
Balclutha,New Zealand,Otago,-46.23,169.75,maritime_arable,2024-07-09,2024-07-25,0.3745349116681158,0.21067713373332334,0.17867835380108524,0.08990112769881321,52
TePuke,New Zealand,BayOfPlenty,-37.78,176.32,maritime_horticulture,2024-07-09,2024-07-25,0.5129057234152119,0.28264080027084226,0.26341125811117416,0.14093592930948146,51
Blenheim,New Zealand,Marlborough,-41.51,173.96,maritime_horticulture,2024-07-09,2024-07-25,0.15868364529396256,0.09036455720584922,0.08108098669888462,-0.01388981797757237,51
Masterton,New Zealand,Wairarapa,-40.96,175.66,maritime_arable,2024-07-09,2024-07-25,0.590798683758255,0.33909562983467845,0.3160904585560116,0.14796692369491554,51
Kerikeri,New Zealand,Northland,-35.22,173.95,maritime_horticulture,2024-07-09,2024-07-25,0.9076034127642492,0.5746772319360447,0.5335852495313437,0.5710683751053044,47
Motueka,New Zealand,Tasman,-41.11,173,maritime_horticulture,2024-07-09,2024-07-25,0.5823309217085175,0.366549782601243,0.34770358838136856,0.19161449656356425,51
Shakardara,Afghanistan,Kabul,34.65,69.03,highland_irrigated,2024-07-25,2024-08-10,0.15138622032852528,0.1322343508866879,0.12399872368801457,-0.06479113302903293,44
Kama,Afghanistan,Nangarhar,34.42,70.55,lowland_irrigated,2024-07-25,2024-08-10,0.7291311945385587,0.5539241140081774,0.5045345179261909,0.3209372366448306,47
Dawlatabad,Afghanistan,Balkh,36.85,66.85,plains_irrigated,2024-07-25,2024-08-10,0.6069663097911401,0.5157821935816066,0.453964254070588,0.27851071378646286,50
Injil,Afghanistan,Herat,34.28,62.15,plains_irrigated,2024-07-25,2024-08-10,0.24220863650802496,0.21574154298151432,0.19189346386185796,0.07489194714922198,47
Arghandab,Afghanistan,Kandahar,31.72,65.65,arid_irrigated,2024-07-25,2024-08-10,0.15493652937544666,0.12481453441914571,0.12302582512231076,-0.04542676256106342,47
Khanabad,Afghanistan,Kunduz,36.65,68.95,plains_irrigated,2024-07-25,2024-08-10,0.08797141832882445,0.07404163248382709,0.07183854757337052,-0.11771608235753352,44
Faizabad,Afghanistan,Badakhshan,37.1,70.55,highland_rainfed,2024-07-25,2024-08-10,0.28880097400045057,0.2215519128869479,0.2023403229155803,0.09496078152811652,49
NadAli,Afghanistan,Helmand,31.55,64.25,arid_irrigated,2024-07-25,2024-08-10,0.3504338667962088,0.2838054450411109,0.2769314225597777,0.06790864075927425,46
GhazniCity,Afghanistan,Ghazni,33.55,68.42,highland_rainfed,2024-07-25,2024-08-10,0.08513511610539007,0.0898296358550089,0.06932396177948609,-0.07016414122257535,46
Maimana,Afghanistan,Faryab,35.92,64.78,plains_rainfed,2024-07-25,2024-08-10,0.18032607374536339,0.14217001731498044,0.13146027897284365,-0.06005087437229733,48
Chaghcharan,Afghanistan,Ghor,34.52,65.25,highland_rainfed,2024-07-25,2024-08-10,0.20853047134977387,0.1804039347903192,0.16569667895961052,0.0034527185303379693,47
Zaranj,Afghanistan,Nimroz,31,61.87,arid_irrigated,2024-07-25,2024-08-10,0.13106961816466933,0.13798959607307795,0.11797241666638528,-0.023512146148997236,46
Dronten,Netherlands,Flevoland,52.53,5.72,temperate_arable,2024-07-25,2024-08-10,0.2801646028381206,0.192610973893966,0.16935575796188426,-0.04271277205056523,63
Veendam,Netherlands,Groningen,53.1,6.87,temperate_arable,2024-07-25,2024-08-10,0.6269354622580443,0.40230395091734245,0.3690670095603755,0.11633719894756131,62
Sneek,Netherlands,Friesland,53.03,5.65,temperate_dairy_pasture,2024-07-25,2024-08-10,0.5545182940766251,0.3934272246107356,0.34456699431116855,0.10252351469129597,64
Goes,Netherlands,Zeeland,51.5,3.9,temperate_arable,2024-07-25,2024-08-10,0.2932713594265849,0.2029784141083283,0.1855413294452152,-0.05607902152479887,62
Uden,Netherlands,Noord-Brabant,51.66,5.62,temperate_dairy_pasture,2024-07-25,2024-08-10,0.5174738400138232,0.35741262521424705,0.3262567259010899,0.12617913535069683,62
Tiel,Netherlands,Gelderland,51.9,5.6,temperate_horticulture,2024-07-25,2024-08-10,-0.2918184985051743,-0.0553908995965178,-0.053778454150408425,0.0879081582012156,60
Almelo,Netherlands,Overijssel,52.35,6.6,temperate_dairy_pasture,2024-07-25,2024-08-10,0.78458978781247,0.5888642431819625,0.5242390062101034,0.27023306893223054,62
Venlo,Netherlands,Limburg,51.37,6.17,temperate_horticulture,2024-07-25,2024-08-10,0.15177843286194903,0.06749842691202884,0.0652480555567057,-0.1322117792883019,58
Wieringermeer,Netherlands,Noord-Holland,52.85,5,temperate_arable,2024-07-25,2024-08-10,0.554900550270492,0.4367130390818099,0.38792975749584474,0.2610751848105963,62
Emmen,Netherlands,Drenthe,52.75,6.85,temperate_arable,2024-07-25,2024-08-10,0.8994759207535632,0.7131345657168009,0.6172493247193906,0.4454507418485696,59
Bunnik,Netherlands,Utrecht,52.05,5.2,temperate_dairy_pasture,2024-07-25,2024-08-10,0.6990234186727783,0.5819294833197738,0.49857862318462604,0.21722942721843205,56
Alblasserdam,Netherlands,Zuid-Holland,51.87,4.67,temperate_dairy_pasture,2024-07-25,2024-08-10,0.38378253851674776,0.25005498397802,0.21903758941265145,0.047173780891591494,58
Ashburton,New Zealand,Canterbury,-43.9,171.75,maritime_arable,2024-07-25,2024-08-10,0.6978714829237443,0.23915012413746484,0.24611063872191588,0.24051330578500296,53
Hamilton,New Zealand,Waikato,-37.78,175.28,maritime_dairy_pasture,2024-07-25,2024-08-10,0.47802785403989073,0.22579948016116003,0.2203294103287452,0.14894911682177053,10
Gore,New Zealand,Southland,-46.1,168.95,maritime_dairy_pasture,2024-07-25,2024-08-10,0.0485390384065651,0.119737231282621,0.11806937493853616,-0.04801924509334396,54
PalmerstonN,New Zealand,Manawatu,-40.35,175.61,maritime_dairy_pasture,2024-07-25,2024-08-10,0.37811455375555847,0.21308869252007362,0.1997372552689373,0.0028540850502605,48
Hastings,New Zealand,HawkesBay,-39.64,176.84,maritime_horticulture,2024-07-25,2024-08-10,0.0856379242261625,0.022504212991581698,0.0245344477367207,-0.028039838612967004,49
Balclutha,New Zealand,Otago,-46.23,169.75,maritime_arable,2024-07-25,2024-08-10,0.42700725150431773,0.2248360909904794,0.2091184591866385,0.09110896710374994,52
TePuke,New Zealand,BayOfPlenty,-37.78,176.32,maritime_horticulture,2024-07-25,2024-08-10,0.5487557318275678,0.31631237127647466,0.2899161686300752,0.16915928940830643,51
Stratford,New Zealand,Taranaki,-39.34,174.28,maritime_dairy_pasture,2024-07-25,2024-08-10,0.4248772882051961,0.36478652939780876,0.3000102738375454,0.1279843647017119,50
Blenheim,New Zealand,Marlborough,-41.51,173.96,maritime_horticulture,2024-07-25,2024-08-10,0.15647498573967142,0.08254971840646647,0.07546253657474726,-0.02638686669753216,51
Masterton,New Zealand,Wairarapa,-40.96,175.66,maritime_arable,2024-07-25,2024-08-10,0.4830368077978588,0.3382060154399244,0.2855682210063645,0.19638161936197662,51
Kerikeri,New Zealand,Northland,-35.22,173.95,maritime_horticulture,2024-07-25,2024-08-10,0.8819170546659947,0.5623931543554473,0.529546134321757,0.5474541339845885,47
Motueka,New Zealand,Tasman,-41.11,173,maritime_horticulture,2024-07-25,2024-08-10,0.6245179314921127,0.3918171173409866,0.3784488801975605,0.1878426604613602,51
Shakardara,Afghanistan,Kabul,34.65,69.03,highland_irrigated,2024-08-10,2024-08-26,0.13158297072688033,0.11806345025777167,0.11014282061876653,-0.0667467741718731,44
Kama,Afghanistan,Nangarhar,34.42,70.55,lowland_irrigated,2024-08-10,2024-08-26,0.6776396508775981,0.5582376520369645,0.4639815827238091,0.2898882737592504,47
Dawlatabad,Afghanistan,Balkh,36.85,66.85,plains_irrigated,2024-08-10,2024-08-26,0.5680776606690091,0.4749090453822682,0.4191575460570733,0.2362391124441851,50
Injil,Afghanistan,Herat,34.28,62.15,plains_irrigated,2024-08-10,2024-08-26,0.2477047154396369,0.21612292453961193,0.1954679139555041,0.07804468992476804,47
Arghandab,Afghanistan,Kandahar,31.72,65.65,arid_irrigated,2024-08-10,2024-08-26,0.18293882306288256,0.14924244194693875,0.14385771811771295,-0.02158422058622117,47
Khanabad,Afghanistan,Kunduz,36.65,68.95,plains_irrigated,2024-08-10,2024-08-26,0.0834503146968849,0.06900018275121862,0.06760311660318194,-0.12640631003405814,44
Faizabad,Afghanistan,Badakhshan,37.1,70.55,highland_rainfed,2024-08-10,2024-08-26,0.2577579692776745,0.21186907057636037,0.1884196365277023,0.0844454522858328,49
NadAli,Afghanistan,Helmand,31.55,64.25,arid_irrigated,2024-08-10,2024-08-26,0.3658371693687653,0.3218975960711098,0.2854555029823724,0.09839851292022574,46
GhazniCity,Afghanistan,Ghazni,33.55,68.42,highland_rainfed,2024-08-10,2024-08-26,0.08451530427865572,0.08673196596058766,0.06765138279594912,-0.06411796067649797,46
Maimana,Afghanistan,Faryab,35.92,64.78,plains_rainfed,2024-08-10,2024-08-26,0.17918605857679631,0.13711363496569637,0.12801021848189864,-0.05532992275156481,48
Chaghcharan,Afghanistan,Ghor,34.52,65.25,highland_rainfed,2024-08-10,2024-08-26,0.19542970275178134,0.16559684262849442,0.1518035337088373,-0.0042192554177756395,47
Zaranj,Afghanistan,Nimroz,31,61.87,arid_irrigated,2024-08-10,2024-08-26,0.13935305636821102,0.15012447171382964,0.12560848526361834,-0.01987775761291776,46
Dronten,Netherlands,Flevoland,52.53,5.72,temperate_arable,2024-08-10,2024-08-26,0.283064819350629,0.18440666574191156,0.16779844234394298,-0.05240536526793203,63
Veendam,Netherlands,Groningen,53.1,6.87,temperate_arable,2024-08-10,2024-08-26,0.6213094747398413,0.41237310763302787,0.37383432488716806,0.12830589635457804,62
Sneek,Netherlands,Friesland,53.03,5.65,temperate_dairy_pasture,2024-08-10,2024-08-26,0.5586713941852998,0.40698984346188993,0.3517689454743802,0.11146284773411472,64
Goes,Netherlands,Zeeland,51.5,3.9,temperate_arable,2024-08-10,2024-08-26,0.29399224352834524,0.18456047526204142,0.17320531417860466,-0.05832528058182457,62
Uden,Netherlands,Noord-Brabant,51.66,5.62,temperate_dairy_pasture,2024-08-10,2024-08-26,0.5044993261448752,0.33888314861194224,0.3034959094894001,0.12063505532029355,62
Tiel,Netherlands,Gelderland,51.9,5.6,temperate_horticulture,2024-08-10,2024-08-26,-0.35985324523835904,-0.04715873960110429,-0.04977906351643185,0.3948325221602772,60
Almelo,Netherlands,Overijssel,52.35,6.6,temperate_dairy_pasture,2024-08-10,2024-08-26,0.8678707249972917,0.7437976390199974,0.6369243838343644,0.33843826723208476,62
Venlo,Netherlands,Limburg,51.37,6.17,temperate_horticulture,2024-08-10,2024-08-26,0.2207066289433604,0.09373345775819703,0.088964970468232,-0.15798133539948667,58
Wieringermeer,Netherlands,Noord-Holland,52.85,5,temperate_arable,2024-08-10,2024-08-26,0.5400505728055939,0.45326893424904585,0.3809489501199287,0.27173053333795794,62
Emmen,Netherlands,Drenthe,52.75,6.85,temperate_arable,2024-08-10,2024-08-26,0.8414472887926028,0.6612585535509198,0.586442382799722,0.395346830655267,59
Bunnik,Netherlands,Utrecht,52.05,5.2,temperate_dairy_pasture,2024-08-10,2024-08-26,0.7334075633598187,0.614129273405667,0.5089536652849376,0.25250266799042137,56
Alblasserdam,Netherlands,Zuid-Holland,51.87,4.67,temperate_dairy_pasture,2024-08-10,2024-08-26,0.3814263344790357,0.2454632172576748,0.21598779253545414,0.03805070509339809,58
Ashburton,New Zealand,Canterbury,-43.9,171.75,maritime_arable,2024-08-10,2024-08-26,0.72330063499936,0.2600110580234844,0.2718045963735194,0.23208681106642226,53
Hamilton,New Zealand,Waikato,-37.78,175.28,maritime_dairy_pasture,2024-08-10,2024-08-26,0.5420666461588336,0.23073232850565908,0.22798740171633702,0.13300080885564355,48
Gore,New Zealand,Southland,-46.1,168.95,maritime_dairy_pasture,2024-08-10,2024-08-26,0.29234324705901266,0.1647355244171699,0.15946302907610668,0.08943855721719349,54
PalmerstonN,New Zealand,Manawatu,-40.35,175.61,maritime_dairy_pasture,2024-08-10,2024-08-26,0.35411281271941797,0.21820131567548642,0.19731889747460038,-0.019560179295871467,48
Hastings,New Zealand,HawkesBay,-39.64,176.84,maritime_horticulture,2024-08-10,2024-08-26,0.10081613713002531,0.08277471224906675,0.060891444758365394,-0.06749604961385765,25
Balclutha,New Zealand,Otago,-46.23,169.75,maritime_arable,2024-08-10,2024-08-26,0.4394406498575858,0.20921446319891468,0.19653002857917248,0.11276385696964021,52
TePuke,New Zealand,BayOfPlenty,-37.78,176.32,maritime_horticulture,2024-08-10,2024-08-26,0.5136512942820897,0.2899803568883217,0.2738636431731684,0.1369398008186798,51
Stratford,New Zealand,Taranaki,-39.34,174.28,maritime_dairy_pasture,2024-08-10,2024-08-26,0.5482393599858367,0.428490732934939,0.36951006226492356,0.12392064278627983,50
Blenheim,New Zealand,Marlborough,-41.51,173.96,maritime_horticulture,2024-08-10,2024-08-26,0.14536530013032067,0.07404495250952575,0.06457106504681105,-0.018545884004390802,51
Kerikeri,New Zealand,Northland,-35.22,173.95,maritime_horticulture,2024-08-10,2024-08-26,0.8914657688525681,0.585958159743039,0.5395258021916143,0.5449131474499297,47
Motueka,New Zealand,Tasman,-41.11,173,maritime_horticulture,2024-08-10,2024-08-26,0.560323049178744,0.36454810112396696,0.34587357936299856,0.17298798126788578,51
Shakardara,Afghanistan,Kabul,34.65,69.03,highland_irrigated,2024-08-26,2024-09-11,0.1314603056598017,0.11391984805410084,0.1079244375583502,-0.06596075017103986,44
Kama,Afghanistan,Nangarhar,34.42,70.55,lowland_irrigated,2024-08-26,2024-09-11,0.7044074757165013,0.4847924610193146,0.45377164987458357,0.24033695325544735,47
Dawlatabad,Afghanistan,Balkh,36.85,66.85,plains_irrigated,2024-08-26,2024-09-11,0.520707775974108,0.4390478679314747,0.3891634353408007,0.19614213419688573,50
Injil,Afghanistan,Herat,34.28,62.15,plains_irrigated,2024-08-26,2024-09-11,0.23814833856923306,0.21117636097940023,0.19037890257661408,0.07191317768631425,47
Arghandab,Afghanistan,Kandahar,31.72,65.65,arid_irrigated,2024-08-26,2024-09-11,0.27103006081020076,0.232829584896236,0.21288123522801,0.03071928469087035,47
Khanabad,Afghanistan,Kunduz,36.65,68.95,plains_irrigated,2024-08-26,2024-09-11,0.08840229904208761,0.07501594113894595,0.07158151129444433,-0.11516462151034866,44
Faizabad,Afghanistan,Badakhshan,37.1,70.55,highland_rainfed,2024-08-26,2024-09-11,0.24682126287298012,0.1908173639743556,0.17257456889798972,0.06468035875743912,49
NadAli,Afghanistan,Helmand,31.55,64.25,arid_irrigated,2024-08-26,2024-09-11,0.3650087170858882,0.2892433532158884,0.26964944471331764,0.0742157427641883,46
GhazniCity,Afghanistan,Ghazni,33.55,68.42,highland_rainfed,2024-08-26,2024-09-11,0.09348443865800442,0.10002557191557962,0.07637822291200337,-0.05957133435878535,46
Maimana,Afghanistan,Faryab,35.92,64.78,plains_rainfed,2024-08-26,2024-09-11,0.16897020498244897,0.13398607433917378,0.12131013580528315,-0.04571260819455226,48
Chaghcharan,Afghanistan,Ghor,34.52,65.25,highland_rainfed,2024-08-26,2024-09-11,0.20159418788130073,0.1653096604902155,0.1544276684765706,-0.0037215066810066615,47
Zaranj,Afghanistan,Nimroz,31,61.87,arid_irrigated,2024-08-26,2024-09-11,0.14529736737822055,0.15788969401061373,0.12988402992473008,0.00469103970025691,46
Dronten,Netherlands,Flevoland,52.53,5.72,temperate_arable,2024-08-26,2024-09-11,0.2792223904247876,0.19441048169448494,0.1697350565974378,-0.048185507589029446,63
Veendam,Netherlands,Groningen,53.1,6.87,temperate_arable,2024-08-26,2024-09-11,0.5925109022275657,0.3708363199017146,0.33418025240835214,0.1206902576292615,62
Sneek,Netherlands,Friesland,53.03,5.65,temperate_dairy_pasture,2024-08-26,2024-09-11,0.5542268428697669,0.3483475007326399,0.31827119522704556,0.09449627038255674,64
Goes,Netherlands,Zeeland,51.5,3.9,temperate_arable,2024-08-26,2024-09-11,0.3077017615980177,0.19103846766612406,0.1799657791572955,-0.04360732328296023,62
Uden,Netherlands,Noord-Brabant,51.66,5.62,temperate_dairy_pasture,2024-08-26,2024-09-11,0.4562694541342834,0.27363703218250657,0.24890933857760486,0.06316407059470397,62
Tiel,Netherlands,Gelderland,51.9,5.6,temperate_horticulture,2024-08-26,2024-09-11,-0.4805428873234367,-0.059709525153980404,-0.062200359172090346,0.17572572336862488,60
Almelo,Netherlands,Overijssel,52.35,6.6,temperate_dairy_pasture,2024-08-26,2024-09-11,0.8419016750708018,0.8182116496434408,0.6608414060400306,0.36310638113470417,62
Venlo,Netherlands,Limburg,51.37,6.17,temperate_horticulture,2024-08-26,2024-09-11,0.21688677725682157,0.08569320825716131,0.08315767706259387,-0.1638542688064063,58
Wieringermeer,Netherlands,Noord-Holland,52.85,5,temperate_arable,2024-08-26,2024-09-11,0.5913550218857342,0.5536764228324613,0.45268802290599064,0.28800455594895286,62
Emmen,Netherlands,Drenthe,52.75,6.85,temperate_arable,2024-08-26,2024-09-11,0.8826558241015261,0.738136145096831,0.6331619197782365,0.44270711954671366,59
Bunnik,Netherlands,Utrecht,52.05,5.2,temperate_dairy_pasture,2024-08-26,2024-09-11,0.716927867156834,0.5298363614073699,0.4743514707711979,0.13714107870638403,56
Alblasserdam,Netherlands,Zuid-Holland,51.87,4.67,temperate_dairy_pasture,2024-08-26,2024-09-11,0.37887654988664066,0.23409644992421716,0.21181033357986184,0.026153741903095367,58
Ashburton,New Zealand,Canterbury,-43.9,171.75,maritime_arable,2024-08-26,2024-09-11,0.7371357138045458,0.27294157946761166,0.285513119079051,0.23634176507408688,53
Hamilton,New Zealand,Waikato,-37.78,175.28,maritime_dairy_pasture,2024-08-26,2024-09-11,0.41879323873429236,0.23536701816023733,0.21129331626815695,0.1530783972166154,48
Gore,New Zealand,Southland,-46.1,168.95,maritime_dairy_pasture,2024-08-26,2024-09-11,-0.011723268175566107,0.003789853269746647,-0.004541315792297632,0.7753051741042537,54
PalmerstonN,New Zealand,Manawatu,-40.35,175.61,maritime_dairy_pasture,2024-08-26,2024-09-11,0.3624836451876448,0.23555954671512838,0.21232778882423306,-0.004520944686299637,48
Hastings,New Zealand,HawkesBay,-39.64,176.84,maritime_horticulture,2024-08-26,2024-09-11,0.06570512253408703,0.03790296073875805,0.033075840643943824,-0.08460222801699459,49
Balclutha,New Zealand,Otago,-46.23,169.75,maritime_arable,2024-08-26,2024-09-11,0.43752198771595263,0.2596950271189898,0.2375117046754816,0.1036269125219095,52
TePuke,New Zealand,BayOfPlenty,-37.78,176.32,maritime_horticulture,2024-08-26,2024-09-11,0.5660852233762427,0.34897965328615627,0.31816480154154925,0.1863764690754247,51
Stratford,New Zealand,Taranaki,-39.34,174.28,maritime_dairy_pasture,2024-08-26,2024-09-11,0.29830679417281714,0.06436554928552131,0.06231955355893016,-0.05212399500285412,4
Blenheim,New Zealand,Marlborough,-41.51,173.96,maritime_horticulture,2024-08-26,2024-09-11,0.14845159402915045,0.08739058515221776,0.07666055870873938,-0.042313230350912265,51
Masterton,New Zealand,Wairarapa,-40.96,175.66,maritime_arable,2024-08-26,2024-09-11,0.6540111182316753,0.41089678631779497,0.3751009488826421,0.18444758897264113,51
Kerikeri,New Zealand,Northland,-35.22,173.95,maritime_horticulture,2024-08-26,2024-09-11,0.8859404140585285,0.5260157226656228,0.5088433443413949,0.5304699220929989,47
Motueka,New Zealand,Tasman,-41.11,173,maritime_horticulture,2024-08-26,2024-09-11,0.4584578370272848,0.3107338969034511,0.28902894581321376,0.07873843342934855,51
Shakardara,Afghanistan,Kabul,34.65,69.03,highland_irrigated,2024-09-11,2024-09-27,0.13778785317328793,0.11600682655343772,0.1132946994361945,-0.05911283289697145,44
Kama,Afghanistan,Nangarhar,34.42,70.55,lowland_irrigated,2024-09-11,2024-09-27,0.598040947054224,0.3918958436650667,0.3649571563144912,0.16805079224265076,47
Dawlatabad,Afghanistan,Balkh,36.85,66.85,plains_irrigated,2024-09-11,2024-09-27,0.45015231214624235,0.3696072573041797,0.32929873988027064,0.15392520650176258,50
Injil,Afghanistan,Herat,34.28,62.15,plains_irrigated,2024-09-11,2024-09-27,0.20376014854706795,0.17393153476659473,0.16158798034417976,0.03826644372560247,47
Arghandab,Afghanistan,Kandahar,31.72,65.65,arid_irrigated,2024-09-11,2024-09-27,0.3484161737820144,0.28206160095435734,0.2624285000271384,0.07768235526588389,47
Khanabad,Afghanistan,Kunduz,36.65,68.95,plains_irrigated,2024-09-11,2024-09-27,0.08990217561217144,0.07843194626105836,0.07507963802240382,-0.11438728031524785,44
Faizabad,Afghanistan,Badakhshan,37.1,70.55,highland_rainfed,2024-09-11,2024-09-27,0.24590625065923186,0.1836094720590787,0.16656150714092147,0.05834296764321662,49
NadAli,Afghanistan,Helmand,31.55,64.25,arid_irrigated,2024-09-11,2024-09-27,0.34875668270107535,0.24418080752375732,0.2320077411432554,0.03544896057051427,46
GhazniCity,Afghanistan,Ghazni,33.55,68.42,highland_rainfed,2024-09-11,2024-09-27,0.10735135313471311,0.1087326625520229,0.08578841789983664,-0.05538629245614217,46
Maimana,Afghanistan,Faryab,35.92,64.78,plains_rainfed,2024-09-11,2024-09-27,0.1521846944374789,0.11666662251936055,0.10635233898482016,-0.05768022142029864,48
Chaghcharan,Afghanistan,Ghor,34.52,65.25,highland_rainfed,2024-09-11,2024-09-27,0.18778003175056965,0.1494950689878881,0.1407215962107345,-0.02044594230615976,47
Zaranj,Afghanistan,Nimroz,31,61.87,arid_irrigated,2024-09-11,2024-09-27,0.15230134120213248,0.15816431118558175,0.1348014196720131,-0.013687678799911666,46
Dronten,Netherlands,Flevoland,52.53,5.72,temperate_arable,2024-09-11,2024-09-27,0.27541781423845085,0.1935592117776314,0.16697365069730158,-0.03441479245973852,63
Veendam,Netherlands,Groningen,53.1,6.87,temperate_arable,2024-09-11,2024-09-27,0.5519679882594988,0.3280733969826769,0.2876663652726496,0.1844428937696829,62
Sneek,Netherlands,Friesland,53.03,5.65,temperate_dairy_pasture,2024-09-11,2024-09-27,0.5430995318265207,0.35901016620658993,0.3135359554662119,0.122984268534312,64
Goes,Netherlands,Zeeland,51.5,3.9,temperate_arable,2024-09-11,2024-09-27,0.2951812522574132,0.1854209254496686,0.17055757853500897,-0.06210956119979301,62
Uden,Netherlands,Noord-Brabant,51.66,5.62,temperate_dairy_pasture,2024-09-11,2024-09-27,0.4704589038619247,0.2631992975442189,0.24355348274754757,0.08735118490872482,62
Tiel,Netherlands,Gelderland,51.9,5.6,temperate_horticulture,2024-09-11,2024-09-27,-0.35567881321030476,-0.0613610742619607,-0.05863210470909239,0.24474839238885826,60
Almelo,Netherlands,Overijssel,52.35,6.6,temperate_dairy_pasture,2024-09-11,2024-09-27,0.8469095990572075,0.661042613569283,0.579245080194084,0.2954346323245498,62
Venlo,Netherlands,Limburg,51.37,6.17,temperate_horticulture,2024-09-11,2024-09-27,0.24171006883846038,0.10008889984441992,0.09584095367817037,-0.1427987951324144,58
Wieringermeer,Netherlands,Noord-Holland,52.85,5,temperate_arable,2024-09-11,2024-09-27,0.49159570173829575,0.43663248358877116,0.3599958687904103,0.2441896711289504,62
Emmen,Netherlands,Drenthe,52.75,6.85,temperate_arable,2024-09-11,2024-09-27,0.7316910921288393,0.6597525860897725,0.5360047750331104,0.3635454377600524,59
Bunnik,Netherlands,Utrecht,52.05,5.2,temperate_dairy_pasture,2024-09-11,2024-09-27,0.8618333760795307,0.6987142077519082,0.6033674129460537,0.34318698717300167,56
Alblasserdam,Netherlands,Zuid-Holland,51.87,4.67,temperate_dairy_pasture,2024-09-11,2024-09-27,0.3793144513183152,0.21564422782548912,0.19512123463518108,0.029559408347953696,58
Ashburton,New Zealand,Canterbury,-43.9,171.75,maritime_arable,2024-09-11,2024-09-27,0.7325562025773306,0.2856982060899564,0.30099831578159875,0.24358319372469686,53
Hamilton,New Zealand,Waikato,-37.78,175.28,maritime_dairy_pasture,2024-09-11,2024-09-27,0.4538190146267845,0.2570070598622883,0.2400173580514061,0.14657467314843778,46
Gore,New Zealand,Southland,-46.1,168.95,maritime_dairy_pasture,2024-09-11,2024-09-27,0.01683240016513463,0.12583349758116022,0.1086830857746487,0.1554291077815076,54
Hastings,New Zealand,HawkesBay,-39.64,176.84,maritime_horticulture,2024-09-11,2024-09-27,0.08655157817754099,0.05175340762612487,0.04484143438775188,-0.05950022860943132,49
Balclutha,New Zealand,Otago,-46.23,169.75,maritime_arable,2024-09-11,2024-09-27,0.4373448661189209,0.28761961293454513,0.25551239602548753,0.12410637443590107,52
TePuke,New Zealand,BayOfPlenty,-37.78,176.32,maritime_horticulture,2024-09-11,2024-09-27,0.5504705031166148,0.3503969667308409,0.317249931132625,0.18302314468127615,51
Stratford,New Zealand,Taranaki,-39.34,174.28,maritime_dairy_pasture,2024-09-11,2024-09-27,0.5334206961483979,0.40518821755043466,0.3607548027585735,0.13129210910154768,50
Blenheim,New Zealand,Marlborough,-41.51,173.96,maritime_horticulture,2024-09-11,2024-09-27,0.16604078479909512,0.11278005489541362,0.0923190819379293,-0.008120796594144946,44
Kerikeri,New Zealand,Northland,-35.22,173.95,maritime_horticulture,2024-09-11,2024-09-27,0.77707260091117,0.5503352184677547,0.510307442388802,0.5093887902066219,47
Motueka,New Zealand,Tasman,-41.11,173,maritime_horticulture,2024-09-11,2024-09-27,0.4535987984012051,0.30439068332593366,0.2865304247690572,0.07808791969167082,51
Shakardara,Afghanistan,Kabul,34.65,69.03,highland_irrigated,2024-09-27,2024-10-13,0.12543880433902393,0.10611635752757351,0.10135262115859033,-0.07232514068575358,44
Kama,Afghanistan,Nangarhar,34.42,70.55,lowland_irrigated,2024-09-27,2024-10-13,0.5163338508300219,0.31435090524933285,0.3085132973731187,0.08457432682137253,47
Dawlatabad,Afghanistan,Balkh,36.85,66.85,plains_irrigated,2024-09-27,2024-10-13,0.3479820862027886,0.26634580355484166,0.24571213027258051,0.04616109234572133,50
Injil,Afghanistan,Herat,34.28,62.15,plains_irrigated,2024-09-27,2024-10-13,0.20027430169090293,0.16124587252481307,0.15076109842617721,0.03541453514883881,47
Arghandab,Afghanistan,Kandahar,31.72,65.65,arid_irrigated,2024-09-27,2024-10-13,0.36020883851924473,0.2844575646615754,0.2723347273952769,0.07825198271115917,47
Khanabad,Afghanistan,Kunduz,36.65,68.95,plains_irrigated,2024-09-27,2024-10-13,0.08507773554431639,0.06499237038249059,0.06484545151893559,-0.12986855512558615,44
Faizabad,Afghanistan,Badakhshan,37.1,70.55,highland_rainfed,2024-09-27,2024-10-13,0.2621926543293774,0.18292923080839404,0.16620295298592133,0.07200360926494867,49
NadAli,Afghanistan,Helmand,31.55,64.25,arid_irrigated,2024-09-27,2024-10-13,0.33420194077758664,0.22154495086497258,0.21435899175512899,0.007826525862203606,46
GhazniCity,Afghanistan,Ghazni,33.55,68.42,highland_rainfed,2024-09-27,2024-10-13,0.10890498500701751,0.11013675658481627,0.0857720538916108,-0.054091986137446334,46
Maimana,Afghanistan,Faryab,35.92,64.78,plains_rainfed,2024-09-27,2024-10-13,0.15434443540329404,0.11189422503338695,0.10184836145914242,-0.04707625404801672,48
Chaghcharan,Afghanistan,Ghor,34.52,65.25,highland_rainfed,2024-09-27,2024-10-13,0.193674058079113,0.15146408588533122,0.13870636001841427,0.05068910780909966,47
Zaranj,Afghanistan,Nimroz,31,61.87,arid_irrigated,2024-09-27,2024-10-13,0.14394164534374743,0.13702487228026247,0.12330884580330882,-0.03833513932126446,46
Dronten,Netherlands,Flevoland,52.53,5.72,temperate_arable,2024-09-27,2024-10-13,0.3027973727399091,0.20250452797924678,0.18046144874656378,0.004312037237630171,63
Veendam,Netherlands,Groningen,53.1,6.87,temperate_arable,2024-09-27,2024-10-13,0.5900193068022123,0.39436734367485526,0.3431956982637414,0.1528345477949981,62
Sneek,Netherlands,Friesland,53.03,5.65,temperate_dairy_pasture,2024-09-27,2024-10-13,0.5457754625503412,0.4106853254316968,0.3474918117040715,0.128247664891144,64
Uden,Netherlands,Noord-Brabant,51.66,5.62,temperate_dairy_pasture,2024-09-27,2024-10-13,0.4873745516771207,0.33595973741002255,0.290163088281984,0.13936050693953161,62
Tiel,Netherlands,Gelderland,51.9,5.6,temperate_horticulture,2024-09-27,2024-10-13,-0.46599371020566893,-0.07346986911848391,-0.07970244446815183,0.2820642125910153,60
Almelo,Netherlands,Overijssel,52.35,6.6,temperate_dairy_pasture,2024-09-27,2024-10-13,0.8838797334989865,0.835333529804796,0.6995970082871331,0.4211429859632755,62
Venlo,Netherlands,Limburg,51.37,6.17,temperate_horticulture,2024-09-27,2024-10-13,0.22638139325850964,0.12098386278932682,0.11185924820626339,-0.05871018084433729,40
Bunnik,Netherlands,Utrecht,52.05,5.2,temperate_dairy_pasture,2024-09-27,2024-10-13,0.8537860228214735,0.9344024994602459,0.698595069049553,0.4403829005983969,56
Alblasserdam,Netherlands,Zuid-Holland,51.87,4.67,temperate_dairy_pasture,2024-09-27,2024-10-13,0.40807472842425596,0.18412519225587556,0.18394107792482142,0.1573637966095592,58
Ashburton,New Zealand,Canterbury,-43.9,171.75,maritime_arable,2024-09-27,2024-10-13,0.6920888607213287,0.30651863847439054,0.30366642788435716,0.269119368601384,53
Hamilton,New Zealand,Waikato,-37.78,175.28,maritime_dairy_pasture,2024-09-27,2024-10-13,0.44970154569364545,0.2949363403649644,0.2551259929885363,0.1981893187772656,44
Gore,New Zealand,Southland,-46.1,168.95,maritime_dairy_pasture,2024-09-27,2024-10-13,0.10639888064505905,0.10209972834359701,0.08058148472063366,0.2868320832125685,54
PalmerstonN,New Zealand,Manawatu,-40.35,175.61,maritime_dairy_pasture,2024-09-27,2024-10-13,0.35919278446580644,0.29810696487749005,0.24194858767218808,0.013167705841137049,48
Hastings,New Zealand,HawkesBay,-39.64,176.84,maritime_horticulture,2024-09-27,2024-10-13,0.09668751193999785,0.05884307716976817,0.052640234778843775,-0.05510055745377405,49
Balclutha,New Zealand,Otago,-46.23,169.75,maritime_arable,2024-09-27,2024-10-13,0.4393922736045234,0.28927463861030334,0.2558071138090089,0.0906416483769417,52
TePuke,New Zealand,BayOfPlenty,-37.78,176.32,maritime_horticulture,2024-09-27,2024-10-13,0.5191378062622924,0.38693059829144477,0.3323120482253551,0.1813847419630563,51
Stratford,New Zealand,Taranaki,-39.34,174.28,maritime_dairy_pasture,2024-09-27,2024-10-13,0.5506905586370971,0.46512276561112154,0.38590071051326513,0.0986388102254605,50
Blenheim,New Zealand,Marlborough,-41.51,173.96,maritime_horticulture,2024-09-27,2024-10-13,0.16661940960432273,0.10856157761988523,0.09193817035041951,-0.027746432865579863,51
Masterton,New Zealand,Wairarapa,-40.96,175.66,maritime_arable,2024-09-27,2024-10-13,0.6259834005632812,0.44379770928530804,0.40340196079287766,0.17685348794733594,51
Kerikeri,New Zealand,Northland,-35.22,173.95,maritime_horticulture,2024-09-27,2024-10-13,0.877977269977986,0.5162759264751844,0.49930665775601146,0.5204294836455648,47
Motueka,New Zealand,Tasman,-41.11,173,maritime_horticulture,2024-09-27,2024-10-13,0.37145110558007705,0.21192493905952492,0.19698852178335494,0.1222326496659099,51
Shakardara,Afghanistan,Kabul,34.65,69.03,highland_irrigated,2024-10-13,2024-10-29,0.11466304039127793,0.09737752475313899,0.09153629406289554,-0.09587079605419624,44
Kama,Afghanistan,Nangarhar,34.42,70.55,lowland_irrigated,2024-10-13,2024-10-29,0.42796371097345354,0.25849745588500234,0.24684547237592572,0.02933310418470954,47
Dawlatabad,Afghanistan,Balkh,36.85,66.85,plains_irrigated,2024-10-13,2024-10-29,0.31110810573401754,0.2287821446105659,0.2169295011909968,0.01141957378059231,50
Injil,Afghanistan,Herat,34.28,62.15,plains_irrigated,2024-10-13,2024-10-29,0.1621015500559728,0.12477749424469385,0.11856940116832806,-0.00043393811841645885,47
Arghandab,Afghanistan,Kandahar,31.72,65.65,arid_irrigated,2024-10-13,2024-10-29,0.3452025836202885,0.2771348393557423,0.2572161181706704,0.06985859604988691,47
Khanabad,Afghanistan,Kunduz,36.65,68.95,plains_irrigated,2024-10-13,2024-10-29,0.07943398943807421,0.06499910343927953,0.0625762941596417,-0.11783757062860024,44
Faizabad,Afghanistan,Badakhshan,37.1,70.55,highland_rainfed,2024-10-13,2024-10-29,0.2583560701486722,0.17402834699126965,0.15491362577719434,0.10445889576261581,49
NadAli,Afghanistan,Helmand,31.55,64.25,arid_irrigated,2024-10-13,2024-10-29,0.3299711126845275,0.20765642427812112,0.20513122214226956,0.00043653013750410394,46
GhazniCity,Afghanistan,Ghazni,33.55,68.42,highland_rainfed,2024-10-13,2024-10-29,0.10625197145282705,0.10464435300608918,0.08268480414368141,-0.0640564688956575,46
Maimana,Afghanistan,Faryab,35.92,64.78,plains_rainfed,2024-10-13,2024-10-29,0.16558241809223556,0.11972331985834858,0.10919533012579136,-0.04311360287615702,48
Chaghcharan,Afghanistan,Ghor,34.52,65.25,highland_rainfed,2024-10-13,2024-10-29,0.182909938446301,0.1453728007791438,0.1356310079710908,-0.019646051877731618,47
Zaranj,Afghanistan,Nimroz,31,61.87,arid_irrigated,2024-10-13,2024-10-29,0.14708352326179353,0.13230410864587583,0.12371369758502869,-0.038899071504464554,46
Dronten,Netherlands,Flevoland,52.53,5.72,temperate_arable,2024-10-13,2024-10-29,0.2998124741807906,0.17851321881487434,0.1675644989170376,0.002371296896654413,63
Veendam,Netherlands,Groningen,53.1,6.87,temperate_arable,2024-10-13,2024-10-29,0.595720707858796,0.32477307167265546,0.31567704149582854,0.1054272479313447,62
Sneek,Netherlands,Friesland,53.03,5.65,temperate_dairy_pasture,2024-10-13,2024-10-29,0.5903330662425121,0.3272710185566516,0.31526599144100265,0.12870542687817857,64
Uden,Netherlands,Noord-Brabant,51.66,5.62,temperate_dairy_pasture,2024-10-13,2024-10-29,0.5105094852874204,0.24148552912122506,0.24802357215455498,0.048714270089794315,62
Tiel,Netherlands,Gelderland,51.9,5.6,temperate_horticulture,2024-10-13,2024-10-29,-0.5859952112707333,-0.08714585320675355,-0.09662429824727914,0.25992700419685355,60
Almelo,Netherlands,Overijssel,52.35,6.6,temperate_dairy_pasture,2024-10-13,2024-10-29,0.8346448918625919,0.47143829991928426,0.43906351125532084,0.3922996901549806,62
Venlo,Netherlands,Limburg,51.37,6.17,temperate_horticulture,2024-10-13,2024-10-29,0.23824263896810055,0.07921911569330868,0.08329398371150326,-0.14980609114949212,58
Wieringermeer,Netherlands,Noord-Holland,52.85,5,temperate_arable,2024-10-13,2024-10-29,0.32747459267790413,0.21748912896741351,0.20548594823213645,0.02649502942617329,62
Emmen,Netherlands,Drenthe,52.75,6.85,temperate_arable,2024-10-13,2024-10-29,0.8012093202074825,0.6046479014317723,0.5437647035983556,0.33962796576263604,59
Bunnik,Netherlands,Utrecht,52.05,5.2,temperate_dairy_pasture,2024-10-13,2024-10-29,0.8933551846178627,0.793489852083991,0.6996016164614237,0.41255502981473285,56
Alblasserdam,Netherlands,Zuid-Holland,51.87,4.67,temperate_dairy_pasture,2024-10-13,2024-10-29,0.3681775886128617,0.21033575717406838,0.1875921850985178,0.00918005818622886,58
Ashburton,New Zealand,Canterbury,-43.9,171.75,maritime_arable,2024-10-13,2024-10-29,0.8243267147358251,0.36540924941501135,0.37211758925591276,0.29213813179906484,53
Gore,New Zealand,Southland,-46.1,168.95,maritime_dairy_pasture,2024-10-13,2024-10-29,0.0621289118574637,0.15422586080688558,0.1307087875076473,0.07177495724233107,54
PalmerstonN,New Zealand,Manawatu,-40.35,175.61,maritime_dairy_pasture,2024-10-13,2024-10-29,0.40265624658468974,0.30035892868840863,0.25611676801042943,0.019053855752772554,48
Hastings,New Zealand,HawkesBay,-39.64,176.84,maritime_horticulture,2024-10-13,2024-10-29,0.08728662199597209,0.05528937141070976,0.04888900669643114,-0.06281914987272534,49
Balclutha,New Zealand,Otago,-46.23,169.75,maritime_arable,2024-10-13,2024-10-29,0.45352012643864914,0.31702433844171884,0.27616559572639515,0.08981720616727618,52
TePuke,New Zealand,BayOfPlenty,-37.78,176.32,maritime_horticulture,2024-10-13,2024-10-29,0.5274848833889701,0.3795808934595746,0.3304444186544307,0.16147738768881661,51
Stratford,New Zealand,Taranaki,-39.34,174.28,maritime_dairy_pasture,2024-10-13,2024-10-29,0.5505713531176808,0.45171811865267153,0.3838831001061555,0.06960730813292158,50
Blenheim,New Zealand,Marlborough,-41.51,173.96,maritime_horticulture,2024-10-13,2024-10-29,0.16826922769055916,0.11051472733253909,0.09349348272882857,-0.027253381820472652,51
Masterton,New Zealand,Wairarapa,-40.96,175.66,maritime_arable,2024-10-13,2024-10-29,0.6046222440863678,0.41256007117971205,0.36967380077505935,0.15867988660646054,51
Kerikeri,New Zealand,Northland,-35.22,173.95,maritime_horticulture,2024-10-13,2024-10-29,0.004539730064820924,0.7580453445405491,-0.0226948285938136,0.34018863947599526,2
Motueka,New Zealand,Tasman,-41.11,173,maritime_horticulture,2024-10-13,2024-10-29,0.43200056268716497,0.29482202541927743,0.2740574903313921,0.058561952153363225,51
Shakardara,Afghanistan,Kabul,34.65,69.03,highland_irrigated,2024-10-29,2024-11-14,0.10446560184681969,0.08865242744659571,0.08085580149999866,-0.07226729194973164,44
Kama,Afghanistan,Nangarhar,34.42,70.55,lowland_irrigated,2024-10-29,2024-11-14,0.28275051552387265,0.16891413055293772,0.14885008940621156,0.003630506801324342,47
Dawlatabad,Afghanistan,Balkh,36.85,66.85,plains_irrigated,2024-10-29,2024-11-14,0.26461055038975045,0.1720530091055402,0.16610970351156548,-0.05443362991316781,50
Injil,Afghanistan,Herat,34.28,62.15,plains_irrigated,2024-10-29,2024-11-14,0.13648720280186336,0.10307133588163767,0.0968476920244317,-0.01761973059698407,47
Arghandab,Afghanistan,Kandahar,31.72,65.65,arid_irrigated,2024-10-29,2024-11-14,0.29785516442640664,0.2337275133418959,0.21973328871892178,0.04620412001246435,47
Faizabad,Afghanistan,Badakhshan,37.1,70.55,highland_rainfed,2024-10-29,2024-11-14,0.2631744617019672,0.17203793120716235,0.1607947496194014,0.0724514834358384,49
NadAli,Afghanistan,Helmand,31.55,64.25,arid_irrigated,2024-10-29,2024-11-14,0.1869603874985852,0.1336259679869471,0.13377916535364082,-0.0912628586075422,46
GhazniCity,Afghanistan,Ghazni,33.55,68.42,highland_rainfed,2024-10-29,2024-11-14,0.10651016868089312,0.09979676861677897,0.08229678394001592,-0.06590082114575455,46
Maimana,Afghanistan,Faryab,35.92,64.78,plains_rainfed,2024-10-29,2024-11-14,0.15398877852436466,0.10316200682320649,0.09271715291082415,0.0005742506440524691,48
Chaghcharan,Afghanistan,Ghor,34.52,65.25,highland_rainfed,2024-10-29,2024-11-14,0.14379724636863336,0.1083567015139165,0.1057396173398465,-0.05573076542226029,47
Zaranj,Afghanistan,Nimroz,31,61.87,arid_irrigated,2024-10-29,2024-11-14,0.14542802750287195,0.1301085776784343,0.12170014401387835,-0.04972613753650031,46
Dronten,Netherlands,Flevoland,52.53,5.72,temperate_arable,2024-10-29,2024-11-14,0.31001624082138995,0.17321284671159992,0.16238850454448828,-0.0020782792531163453,63
Veendam,Netherlands,Groningen,53.1,6.87,temperate_arable,2024-10-29,2024-11-14,0.3377985034017632,0.22210424861030054,0.1960923593143669,0.04567792318999077,62
Sneek,Netherlands,Friesland,53.03,5.65,temperate_dairy_pasture,2024-10-29,2024-11-14,0.14856542259944708,0.2522902784396053,0.1409988138961416,-0.012306595834312564,12
Uden,Netherlands,Noord-Brabant,51.66,5.62,temperate_dairy_pasture,2024-10-29,2024-11-14,0.5167599382086614,0.24471565785852542,0.25217129839539604,0.06954159156805088,62
Tiel,Netherlands,Gelderland,51.9,5.6,temperate_horticulture,2024-10-29,2024-11-14,-0.42789157130636674,-0.056382056182099204,-0.061956211906652986,0.162487895207108,60
Almelo,Netherlands,Overijssel,52.35,6.6,temperate_dairy_pasture,2024-10-29,2024-11-14,0.68433742784474,0.5120849376809862,0.4624335875166551,0.2796832149918509,62
Venlo,Netherlands,Limburg,51.37,6.17,temperate_horticulture,2024-10-29,2024-11-14,0.2095874283344189,0.0672418951918159,0.07018073063002046,-0.10552271077154163,58
Wieringermeer,Netherlands,Noord-Holland,52.85,5,temperate_arable,2024-10-29,2024-11-14,0.32495979541749903,0.16697279869166332,0.16634152564825108,-0.004555650721342333,62
Emmen,Netherlands,Drenthe,52.75,6.85,temperate_arable,2024-10-29,2024-11-14,0.5541585178014996,0.3075441568632754,0.29824152533335135,0.09488428256637912,59
Bunnik,Netherlands,Utrecht,52.05,5.2,temperate_dairy_pasture,2024-10-29,2024-11-14,0.8627263482308323,0.633587677910374,0.5621870114111257,0.40975996259879766,56
Alblasserdam,Netherlands,Zuid-Holland,51.87,4.67,temperate_dairy_pasture,2024-10-29,2024-11-14,0.3398415309923694,0.1775451067403688,0.16094649045477433,0.040134960492738306,58
Ashburton,New Zealand,Canterbury,-43.9,171.75,maritime_arable,2024-10-29,2024-11-14,0.8127521925981711,0.411587683109475,0.4170177496663398,0.3227510669402359,53
Hamilton,New Zealand,Waikato,-37.78,175.28,maritime_dairy_pasture,2024-10-29,2024-11-14,0.45070748802879956,0.31674668243078885,0.26825540771076234,0.15361189475510512,7
Gore,New Zealand,Southland,-46.1,168.95,maritime_dairy_pasture,2024-10-29,2024-11-14,0.1519927795882779,0.21864101962544333,0.17804752707815993,0.1210703943602224,54
Hastings,New Zealand,HawkesBay,-39.64,176.84,maritime_horticulture,2024-10-29,2024-11-14,0.08438220618865039,0.050705823488484694,0.04833093797079315,-0.053093504503732375,49
Balclutha,New Zealand,Otago,-46.23,169.75,maritime_arable,2024-10-29,2024-11-14,0.40173377510911035,0.32794482415629606,0.2550130000591982,0.09821234966640435,52
Stratford,New Zealand,Taranaki,-39.34,174.28,maritime_dairy_pasture,2024-10-29,2024-11-14,0.569312829837379,0.45760732560032413,0.4019888741641381,0.10178821538660336,50
Blenheim,New Zealand,Marlborough,-41.51,173.96,maritime_horticulture,2024-10-29,2024-11-14,0.176032315665211,0.11233499818191317,0.09783373074316438,-0.02640604960099518,51
Kerikeri,New Zealand,Northland,-35.22,173.95,maritime_horticulture,2024-10-29,2024-11-14,0.8854239539553719,0.5758840393657391,0.5463391845894097,0.4974365782866002,47
Motueka,New Zealand,Tasman,-41.11,173,maritime_horticulture,2024-10-29,2024-11-14,0.5021791731183047,0.36133275555243555,0.3048989597752446,0.1540243436062388,30
Shakardara,Afghanistan,Kabul,34.65,69.03,highland_irrigated,2024-11-14,2024-11-30,0.1017929464956569,0.08487177251463038,0.08145771766481942,-0.087322417801688,44
Kama,Afghanistan,Nangarhar,34.42,70.55,lowland_irrigated,2024-11-14,2024-11-30,0.24531384249111463,0.13557991141033723,0.1273699982127855,-0.0006678717817884711,47
Dawlatabad,Afghanistan,Balkh,36.85,66.85,plains_irrigated,2024-11-14,2024-11-30,0.13370469209856792,0.0927074976872474,0.09409927699947142,-0.1601303076150842,50
Injil,Afghanistan,Herat,34.28,62.15,plains_irrigated,2024-11-14,2024-11-30,0.13336673836423324,0.0951079932418149,0.09102519581451023,-0.025967444216983226,47
Arghandab,Afghanistan,Kandahar,31.72,65.65,arid_irrigated,2024-11-14,2024-11-30,0.21851589844410385,0.15849529895984846,0.15833630434374688,-0.002638285758840406,47
Khanabad,Afghanistan,Kunduz,36.65,68.95,plains_irrigated,2024-11-14,2024-11-30,0.1142725111579978,0.08228798542488401,0.0794652717057075,-0.11873181540478801,44
Faizabad,Afghanistan,Badakhshan,37.1,70.55,highland_rainfed,2024-11-14,2024-11-30,0.19032173860207052,0.1114391995704696,0.10789295928486252,0.044268607594223595,49
NadAli,Afghanistan,Helmand,31.55,64.25,arid_irrigated,2024-11-14,2024-11-30,0.1344263253514447,0.09640222335278814,0.09490973209415203,-0.12285950996626673,46
GhazniCity,Afghanistan,Ghazni,33.55,68.42,highland_rainfed,2024-11-14,2024-11-30,0.10513198336629238,0.09428348863439741,0.0790278452642553,-0.07821028138145407,46
Maimana,Afghanistan,Faryab,35.92,64.78,plains_rainfed,2024-11-14,2024-11-30,0.1617884471201184,0.0965965401142286,0.09294972700905108,-0.04305249985156652,48
Chaghcharan,Afghanistan,Ghor,34.52,65.25,highland_rainfed,2024-11-14,2024-11-30,0.12088212083350595,0.08417747125115452,0.08340066932393843,-0.053473984527032274,47
Zaranj,Afghanistan,Nimroz,31,61.87,arid_irrigated,2024-11-14,2024-11-30,0.13733572397999713,0.11176183382264386,0.10814736928718255,-0.07782847247973024,46
Dronten,Netherlands,Flevoland,52.53,5.72,temperate_arable,2024-11-14,2024-11-30,0.2898810960183479,0.13741732759305286,0.1298192648876253,0.03058051978315014,63
Veendam,Netherlands,Groningen,53.1,6.87,temperate_arable,2024-11-14,2024-11-30,0.47194485905834666,0.2588244033949652,0.2299413740207955,0.05341793111522381,62
Goes,Netherlands,Zeeland,51.5,3.9,temperate_arable,2024-11-14,2024-11-30,0.261846011535258,0.14401468930622474,0.12900836972501703,-0.029024318070947536,62
Uden,Netherlands,Noord-Brabant,51.66,5.62,temperate_dairy_pasture,2024-11-14,2024-11-30,0.49316605049797946,0.2560059816923454,0.24116122800055892,0.08880949646817306,62
Tiel,Netherlands,Gelderland,51.9,5.6,temperate_horticulture,2024-11-14,2024-11-30,-0.6181577311177469,-0.017696342052472495,-0.01969696918949279,0.019533219593617517,14
Emmen,Netherlands,Drenthe,52.75,6.85,temperate_arable,2024-11-14,2024-11-30,0.5613358378223237,0.4076492508561121,0.35316933917398563,0.11820142814476944,59
Bunnik,Netherlands,Utrecht,52.05,5.2,temperate_dairy_pasture,2024-11-14,2024-11-30,0.8832529245841759,0.6458651237443344,0.5728168486840928,0.4221996499904575,56
Ashburton,New Zealand,Canterbury,-43.9,171.75,maritime_arable,2024-11-14,2024-11-30,0.8110885768677524,0.3998289750519687,0.4072076402442242,0.2969285063576251,53
Hamilton,New Zealand,Waikato,-37.78,175.28,maritime_dairy_pasture,2024-11-14,2024-11-30,0.42550743237745514,0.2690246959340153,0.22812817813621664,0.18676470416897523,47
Gore,New Zealand,Southland,-46.1,168.95,maritime_dairy_pasture,2024-11-14,2024-11-30,0.3100606428115948,0.2299565001218781,0.20613809162510652,0.1933353364691442,54
Hastings,New Zealand,HawkesBay,-39.64,176.84,maritime_horticulture,2024-11-14,2024-11-30,0.05995298881822246,0.04112820730712008,0.033646058707502605,-0.08949001780525671,49
Balclutha,New Zealand,Otago,-46.23,169.75,maritime_arable,2024-11-14,2024-11-30,0.4409533503790234,0.33879899354288384,0.2803153863122523,0.09372298224136964,52
TePuke,New Zealand,BayOfPlenty,-37.78,176.32,maritime_horticulture,2024-11-14,2024-11-30,0.5190740846862244,0.4307359317876134,0.3530551723348314,0.1569764465753613,51
Stratford,New Zealand,Taranaki,-39.34,174.28,maritime_dairy_pasture,2024-11-14,2024-11-30,0.5142959379061302,0.5953266356915087,0.410562276708209,0.13845235734050623,50
Blenheim,New Zealand,Marlborough,-41.51,173.96,maritime_horticulture,2024-11-14,2024-11-30,0.15979922033990243,0.10736591576284191,0.09004600745416687,-0.029468978230482463,51
Masterton,New Zealand,Wairarapa,-40.96,175.66,maritime_arable,2024-11-14,2024-11-30,0.6017026280137051,0.4673142795667496,0.4088019081681747,0.1527882523421355,51
Kerikeri,New Zealand,Northland,-35.22,173.95,maritime_horticulture,2024-11-14,2024-11-30,0.7735404345878967,0.4445254165495838,0.4315543908615233,0.32615632705062947,47
Motueka,New Zealand,Tasman,-41.11,173,maritime_horticulture,2024-11-14,2024-11-30,0.5249968858704542,0.4773802160392697,0.4039836683575334,0.1462721798896393,51
Shakardara,Afghanistan,Kabul,34.65,69.03,highland_irrigated,2024-11-30,2024-12-16,0.1079338993400452,0.09008430214048364,0.08630440568391896,-0.07891341221598484,44
Kama,Afghanistan,Nangarhar,34.42,70.55,lowland_irrigated,2024-11-30,2024-12-16,0.16714942515313191,0.09248682883518664,0.08768786132798839,0.009242474926851634,47
Dawlatabad,Afghanistan,Balkh,36.85,66.85,plains_irrigated,2024-11-30,2024-12-16,0.09367890779056072,0.0769047736806486,0.07069912494943335,-0.07246053001978829,50
Injil,Afghanistan,Herat,34.28,62.15,plains_irrigated,2024-11-30,2024-12-16,0.144784465600342,0.1011741024712659,0.09956171711547557,-0.014694499470692826,47
Arghandab,Afghanistan,Kandahar,31.72,65.65,arid_irrigated,2024-11-30,2024-12-16,0.13468159266555849,0.10111860274374462,0.10041852613275845,-0.05158999177647575,47
Faizabad,Afghanistan,Badakhshan,37.1,70.55,highland_rainfed,2024-11-30,2024-12-16,0.10220273504522932,0.05342319601399905,0.04673525251247725,-0.005049483304033408,49
NadAli,Afghanistan,Helmand,31.55,64.25,arid_irrigated,2024-11-30,2024-12-16,0.09609918418571134,0.06785311824205895,0.07001431671245488,-0.0687493973536723,46
GhazniCity,Afghanistan,Ghazni,33.55,68.42,highland_rainfed,2024-11-30,2024-12-16,0.07396747113939167,0.07952343728837007,0.059954955508759886,-0.04294523547311928,46
Maimana,Afghanistan,Faryab,35.92,64.78,plains_rainfed,2024-11-30,2024-12-16,0.16187226089018392,0.09605542330486727,0.09061417181553896,-0.0025522368492014113,48
Chaghcharan,Afghanistan,Ghor,34.52,65.25,highland_rainfed,2024-11-30,2024-12-16,0.10242673492578688,0.07996996160639476,0.07497998093400685,-0.039549640076142555,47
Zaranj,Afghanistan,Nimroz,31,61.87,arid_irrigated,2024-11-30,2024-12-16,0.1408768670104768,0.12104593764395118,0.11415475729200264,-0.052222997197024994,46
Dronten,Netherlands,Flevoland,52.53,5.72,temperate_arable,2024-11-30,2024-12-16,0.22761285002857398,0.12813738292872853,0.10676996699925405,0.035995436807221566,63
Uden,Netherlands,Noord-Brabant,51.66,5.62,temperate_dairy_pasture,2024-11-30,2024-12-16,0.5103145862596024,0.23783001720127403,0.22643265770337986,0.11896426154312678,36
Tiel,Netherlands,Gelderland,51.9,5.6,temperate_horticulture,2024-11-30,2024-12-16,-0.3194544027315172,-0.07890817950495255,-0.07270074558541585,0.24719455531558848,60
Almelo,Netherlands,Overijssel,52.35,6.6,temperate_dairy_pasture,2024-11-30,2024-12-16,0.8329768607775642,0.6189791126863824,0.5461845341579458,0.37334042398947964,62
Venlo,Netherlands,Limburg,51.37,6.17,temperate_horticulture,2024-11-30,2024-12-16,0.20408245982897363,0.060096004453780154,0.06059245994787782,-0.15247615418406987,58
Wieringermeer,Netherlands,Noord-Holland,52.85,5,temperate_arable,2024-11-30,2024-12-16,0.36746704913291733,0.36340810920965555,0.25901356938847075,0.09201127639443604,6
Emmen,Netherlands,Drenthe,52.75,6.85,temperate_arable,2024-11-30,2024-12-16,0.5429121917128672,0.28334209789108766,0.2643345546428413,0.22651773969163763,59
Bunnik,Netherlands,Utrecht,52.05,5.2,temperate_dairy_pasture,2024-11-30,2024-12-16,0.8490127785802708,0.6490831903573803,0.5587767771884257,0.39623636471365625,56
Alblasserdam,Netherlands,Zuid-Holland,51.87,4.67,temperate_dairy_pasture,2024-11-30,2024-12-16,0.19717370496243905,1.052964428560942,0.09574066054981689,0.12605269644266057,58
Ashburton,New Zealand,Canterbury,-43.9,171.75,maritime_arable,2024-11-30,2024-12-16,0.7126148550553251,0.4267316740524039,0.4109435417355507,0.26121302466920787,53
Hamilton,New Zealand,Waikato,-37.78,175.28,maritime_dairy_pasture,2024-11-30,2024-12-16,0.5480299182781527,0.3227664021399918,0.2940360241077495,0.17467737235891254,44
PalmerstonN,New Zealand,Manawatu,-40.35,175.61,maritime_dairy_pasture,2024-11-30,2024-12-16,0.259606522710427,0.24005830830968597,0.18032411853946795,-0.12201264589296087,7
Hastings,New Zealand,HawkesBay,-39.64,176.84,maritime_horticulture,2024-11-30,2024-12-16,0.0797190713013118,0.061146709651247105,0.04963655563628757,-0.0475888098990607,49
Balclutha,New Zealand,Otago,-46.23,169.75,maritime_arable,2024-11-30,2024-12-16,0.43662645426802627,0.41022125435117784,0.30493612729605263,0.11610922228794027,52
TePuke,New Zealand,BayOfPlenty,-37.78,176.32,maritime_horticulture,2024-11-30,2024-12-16,0.5123042104382763,0.37169350271641005,0.326245667174344,0.13554094230681704,51
Stratford,New Zealand,Taranaki,-39.34,174.28,maritime_dairy_pasture,2024-11-30,2024-12-16,0.5416293028568759,0.4654643116106164,0.38148834422002265,0.05010509518166142,50
Blenheim,New Zealand,Marlborough,-41.51,173.96,maritime_horticulture,2024-11-30,2024-12-16,0.1608035619820614,0.09907754596840669,0.08966080387829697,-0.038926128972273266,51
Masterton,New Zealand,Wairarapa,-40.96,175.66,maritime_arable,2024-11-30,2024-12-16,0.5781579681748352,0.45703138575527386,0.3930631554154075,0.12805182565911147,51
Kerikeri,New Zealand,Northland,-35.22,173.95,maritime_horticulture,2024-11-30,2024-12-16,0.46350450046196734,0.3039757036384452,0.3033533547150369,0.10158060032161352,47
Motueka,New Zealand,Tasman,-41.11,173,maritime_horticulture,2024-11-30,2024-12-16,0.6452408925646483,0.497380439694987,0.45120588469207623,0.18859007377976372,51
Shakardara,Afghanistan,Kabul,34.65,69.03,highland_irrigated,2024-12-16,2024-12-31,0.09233170232641305,0.08656825900349388,0.07454328255082544,-0.058418207165499746,44
Kama,Afghanistan,Nangarhar,34.42,70.55,lowland_irrigated,2024-12-16,2024-12-31,0.13097530430190568,0.07818663279761129,0.0666433385991289,0.05653596315582438,47
Dawlatabad,Afghanistan,Balkh,36.85,66.85,plains_irrigated,2024-12-16,2024-12-31,0.09348599663709879,0.07163006968119202,0.06964644684938777,-0.09479867472544085,50
Injil,Afghanistan,Herat,34.28,62.15,plains_irrigated,2024-12-16,2024-12-31,0.12644081242017713,0.0886037636033503,0.08615289065074981,-0.019370462742941845,47
Arghandab,Afghanistan,Kandahar,31.72,65.65,arid_irrigated,2024-12-16,2024-12-31,0.11111058169220472,0.08115533900264758,0.08199820892748604,-0.06910020984728572,47
Khanabad,Afghanistan,Kunduz,36.65,68.95,plains_irrigated,2024-12-16,2024-12-31,0.049909392231489075,0.03612390981916882,0.02858913608878483,0.028934827088122925,44
Faizabad,Afghanistan,Badakhshan,37.1,70.55,highland_rainfed,2024-12-16,2024-12-31,0.11909954620128049,0.0783203147266078,0.0726973038743303,-0.031205103697602453,49
NadAli,Afghanistan,Helmand,31.55,64.25,arid_irrigated,2024-12-16,2024-12-31,0.09794124359515179,0.06885228297362567,0.07189777326678665,-0.06806580207552483,46
GhazniCity,Afghanistan,Ghazni,33.55,68.42,highland_rainfed,2024-12-16,2024-12-31,0.09800664129481639,0.08846637440000707,0.07245795619366874,-0.05842226718638284,46
Maimana,Afghanistan,Faryab,35.92,64.78,plains_rainfed,2024-12-16,2024-12-31,0.13262342517593254,0.08089339949898983,0.07523180270130947,-0.019763641768484615,48
Chaghcharan,Afghanistan,Ghor,34.52,65.25,highland_rainfed,2024-12-16,2024-12-31,0.08338790595962364,0.06438381053023881,0.05802360775018477,0.004244542251394208,47
Zaranj,Afghanistan,Nimroz,31,61.87,arid_irrigated,2024-12-16,2024-12-31,0.11646610780801948,0.1051773767010943,0.09831682264590201,-0.06555231052592515,46
Uden,Netherlands,Noord-Brabant,51.66,5.62,temperate_dairy_pasture,2024-12-16,2024-12-31,0.2614844254239809,0.18270879431191722,0.1308126625012012,0.02657176705466076,62
Venlo,Netherlands,Limburg,51.37,6.17,temperate_horticulture,2024-12-16,2024-12-31,0.17775030628409613,0.048100943151906966,0.04809570281355229,-0.12965847787120868,58
Hamilton,New Zealand,Waikato,-37.78,175.28,maritime_dairy_pasture,2024-12-16,2024-12-31,0.4940082924659611,0.2777277848344393,0.24417411326421176,0.1842212323729593,43
Gore,New Zealand,Southland,-46.1,168.95,maritime_dairy_pasture,2024-12-16,2024-12-31,0.2173186681221258,0.22831803442813725,0.19006152877376672,0.38829181891426523,54
PalmerstonN,New Zealand,Manawatu,-40.35,175.61,maritime_dairy_pasture,2024-12-16,2024-12-31,0.3842246237637208,0.27515561109085196,0.2460874074006728,-0.028719198575872077,48
Balclutha,New Zealand,Otago,-46.23,169.75,maritime_arable,2024-12-16,2024-12-31,0.4280094987835534,0.3105382998981802,0.2689699220662641,0.07707446874092266,52
Blenheim,New Zealand,Marlborough,-41.51,173.96,maritime_horticulture,2024-12-16,2024-12-31,0.15211542547438395,0.08564829775531838,0.07995105379262862,-0.057623487533591956,51
Masterton,New Zealand,Wairarapa,-40.96,175.66,maritime_arable,2024-12-16,2024-12-31,0.49900247368783135,0.33478917169812744,0.3076753747249863,0.056869889678604894,51
Kerikeri,New Zealand,Northland,-35.22,173.95,maritime_horticulture,2024-12-16,2024-12-31,0.3805119094640125,0.21381845015744683,0.2254014004652464,-0.11489418450768116,47
Motueka,New Zealand,Tasman,-41.11,173,maritime_horticulture,2024-12-16,2024-12-31,0.6818354612685854,0.5913458345137967,0.5021458327251748,0.24503701354874613,51
