name,country,region,system,lat,lon,purity,period_start,period_end,NDVI,EVI,SAVI,NDMI,NDRE,GCVI,VV_asc,VH_asc,VH_VV_asc,VV_desc,VH_desc,VH_VV_desc,LAI,FPAR,ET,PET,ESI,LST_day,LST_night,NDVI_n,EVI_n,SAVI_n,NDMI_n,NDRE_n,GCVI_n,VV_asc_n,VH_asc_n,VH_VV_asc_n,VV_desc_n,VH_desc_n,VH_VV_desc_n,LAI_n,FPAR_n,ET_n,PET_n,ESI_n,LST_day_n,LST_night_n
TransNzoia,Kenya,Trans Nzoia,arable,1.02004,34.9521,1,2019-01-01,2019-01-17,0.4978018404723819,0.2730720814446932,0.28173977207609624,0.0023771126211919514,0.30303292513110847,2.439043690939121,-12.164808435958598,-17.06606024958093,-4.901251813622334,-10.593379974298415,-17.19120975192887,-6.597829777630457,1.5,0.48500001430511475,15.800000190734863,51.150001525878906,0.3088954001837319,32.87000274658203,12.59000015258789,42,42,42,42,42,42,42,42,42,42,42,42,42,42,42,42,42,42,42
UasinGishu,Kenya,Uasin Gishu,arable,0.51986,35.27118,1,2019-01-01,2019-01-17,0.17642081272971064,0.10146758217242391,0.10352653957096312,-0.13838736921148964,0.10292248772490527,0.8288927220033627,-7.385860922205589,-11.51402924606171,-4.128168323856125,,,,,,,,,34.72999954223633,14.319999694824219,41,41,41,41,41,41,39,39,39,0,0,0,0,0,0,0,0,41,41
Bungoma,Kenya,Bungoma,arable,0.56621,34.55648,1,2019-01-01,2019-01-17,0.32437592906160806,0.22567832001080942,0.22578497634810335,-0.072391065438823,0.1968880135119588,1.5541875922938873,-10.740096465306593,-17.576202460478136,-6.836105995171539,-10.373582860850421,-16.954473350193418,-6.580890489343003,0.6499999761581421,0.36000001430511475,9.100000381469727,55.54999923706055,0.16381639075520638,34.150166353948826,17.853654435604877,43,43,43,43,43,43,43,43,43,43,43,43,5,5,5,5,5,43,43
Kakamega,Kenya,Kakamega,arable,0.27623,34.76076,1,2019-01-01,2019-01-17,0.7690970776310284,0.5192484804658812,0.4782313378903631,0.2950011946098052,0.5454898307584395,5.365683682897702,-7.238095280067002,-13.930728225029107,-6.692632944962101,-9.890967941939032,-16.112997843812934,-6.222029901873906,2.200000047683716,0.6299999952316284,24,53.150001525878906,0.4515521977607907,31.220001220703125,16.290000915527344,42,42,42,42,42,42,42,42,42,42,42,42,42,42,42,42,42,42,42
Narok,Kenya,Narok,arable,-1.08903,35.86838,1,2019-01-01,2019-01-17,0.519693687658364,0.31547918860644153,0.30992899409720087,0.08314505130359987,0.35840861847469474,2.5508208674933,-9.51512069524896,-15.616559873159604,-6.101439177910643,,,,,,,,,34.37000274658203,14.430000305175781,43,43,43,43,43,43,43,43,43,0,0,0,0,0,0,0,0,43,43
Nakuru,Kenya,Nakuru,arable,-0.29617,36.06889,1,2019-01-01,2019-01-17,0.31598995670149865,0.1761518122050269,0.1767105379373979,-0.06791887356847981,0.20752046231148064,1.424388402440584,-7.307544165752767,-17.402142615621752,-10.094598449868986,,,,,,,,,,15.4399995803833,43,43,43,43,43,43,43,43,43,0,0,0,0,0,0,0,0,0,43
Bomet,Kenya,Bomet,arable,-0.7818,35.35257,1,2019-01-01,2019-01-17,0.7120488477070679,0.38229280076999306,0.37973412227279757,0.16808500895168982,0.49330815918059645,4.311567377860344,-9.894208845193354,-15.91496139464883,-6.020752549455478,,,,2.5,0.6749999523162842,27.350000381469727,49.05000305175781,0.5575942646244052,28.190000534057617,12.630000114440918,43,43,43,43,43,43,43,43,43,0,0,0,43,43,43,43,43,43,43
Machakos,Kenya,Machakos,arable,-1.52184,37.25951,1,2019-01-01,2019-01-17,0.7359219467523053,0.6269514762929509,0.5388160254023657,0.2807920287845849,0.5190575886549068,4.035282641665942,-7.544928035949793,-13.91978484762817,-6.374856811678377,,,,1.600000023841858,0.5049999952316284,16.799999237060547,44.19999694824219,0.3800905067195638,,14.979999542236328,42,42,42,42,42,42,42,42,42,0,0,0,3,3,3,3,3,0,42
Kitui,Kenya,Kitui,arable,-1.37469,38.00979,1,2019-01-01,2019-01-17,0.5895862224987288,0.4857698362870811,0.41000482067151417,0.11262996485299642,0.40331800280115276,2.501406932229232,-9.430533825348846,-15.271906782426106,-5.841372957077263,,,,1.180381174596035,0.4455170990155818,15.985453881757678,45.35200544964572,0.3526527464590679,,18.674240644202637,29,29,29,29,29,29,42,42,42,0,0,0,42,42,42,42,42,0,42
Makueni,Kenya,Makueni,arable,-1.7978,37.62171,1,2019-01-01,2019-01-17,0.6439562283570172,0.49955084277332745,0.44480516517405194,0.23224357986136487,0.4568134844303132,2.690101938053384,-10.426914614567607,-15.989552409417097,-5.5626377948494845,,,,2.450000047683716,0.6299999952316284,23.450000762939453,44.849998474121094,0.5228539924359271,,17.739999771118164,10,10,10,10,10,10,42,42,42,0,0,0,42,42,42,42,42,0,42
Embu,Kenya,Embu,arable,-0.5301,37.45517,1,2019-01-01,2019-01-17,0.525662721679527,0.34198695344593877,0.3339587911818355,0.11085921758518333,0.35761284179170205,2.791861793255211,-8.72122316531178,-15.748461114002309,-7.027237948690526,,,,,,,,,28.989999771118164,17.630001068115234,41,41,41,41,41,41,41,41,41,0,0,0,0,0,0,0,0,41,41
Meru,Kenya,Meru,arable,0.04501,37.65082,1,2019-01-01,2019-01-17,0.4809525963937264,0.31498697899513856,0.3185683638672051,0.10737068601348707,0.31025406426664237,2.5083659866426324,-10.072277721584694,-16.44154104532766,-6.369263323742968,,,,,,,,,,16.290000915527344,43,43,43,43,43,43,43,43,43,0,0,0,0,0,0,0,0,0,43
Kama,Afghanistan,Nangarhar,arable,34.41904,70.54964,1,2019-01-01,2019-01-17,0.3682732146073972,0.21894743677853157,0.20827921035317323,0.11327886837260051,0.2425722805298649,1.3999946867454947,-11.114536798069242,-16.866218090939377,-5.75168129287014,-10.728078980969553,-17.746466284184095,-7.01838730321454,0.30000001192092896,0.22499999403953552,3.75,28.049999237060547,0.1336898432084583,13.170000076293945,3.740000009536743,51,51,51,51,51,51,51,51,51,51,51,51,51,51,51,51,51,51,51
Injil,Afghanistan,Herat,arable,34.27998,62.15003,1,2019-01-01,2019-01-17,0.176034569510861,0.10345631576927897,0.11014216496995352,-0.0012602399282427383,0.0998991366853611,0.8438306604927133,-11.300257771123915,-21.633517438875742,-10.333259667751825,-10.01707467626548,-19.95970994980695,-9.942635273541475,0.23995138418587528,0.18398298253116577,4.860170216382612,22.91065701248193,0.21209602920179854,11.729999542236328,0.06999999284744263,50,50,50,50,50,50,50,50,50,50,50,50,50,50,50,50,50,50,50
Dawlatabad,Afghanistan,Balkh,arable,36.84988,66.85002,1,2019-01-01,2019-01-17,,,,,,,-6.159312187576239,-18.560481395635904,-12.401169208059661,-7.370534148397999,-18.53472327587315,-11.16418912747515,0.10000000149011612,0.10000000149011612,5.730375485676818,20.59112760860289,0.27829273033361646,8.656892465475961,1.5835492944637213,0,0,0,0,0,0,51,51,51,51,51,51,51,51,51,51,51,51,51
Khanabad,Afghanistan,Kunduz,arable,36.64938,68.94992,1,2019-01-01,2019-01-17,0.06138269813093416,0.030006987407596605,0.028406901169078548,-0.059565644783501064,0.02773816138116365,0.3049378506552119,-6.901827817477522,-17.609723327640154,-10.70789551016263,-7.95717563817933,-17.03317591455117,-9.076000276371833,0.10000000149011612,0.09000000357627869,5.900000095367432,22.599998474121094,0.2610619687485125,11.3100004196167,0.10999999940395355,46,46,46,46,46,46,51,51,51,51,51,51,51,51,51,51,51,51,51
NadAli,Afghanistan,Helmand,arable,31.55054,64.24993,1,2019-01-01,2019-01-17,0.10266739844920028,0.08447122927121263,0.08529800890096978,-0.07420679725906744,0.05676213024779042,0.636035150734346,-14.137583064748277,-24.167851422893463,-10.030268358145188,-14.81082333931994,-27.094150001184264,-12.283326661864324,0.20000000298023224,0.17000000178813934,1.5499999523162842,34.849998474121094,0.04447632769531634,,4.349999904632568,46,46,46,46,46,46,46,46,46,46,46,46,46,46,46,46,46,0,46
Arghandab,Afghanistan,Kandahar,arable,31.72032,65.64915,1,2019-01-01,2019-01-17,0.09315033568106841,0.07283425076785763,0.07274148186801244,-0.06956247462899143,0.04314929690433329,0.515398168814533,-9.831744806936667,-21.267444494468556,-11.435699687531883,-10.70355302319117,-20.35050773802409,-9.64695471483292,,,,,,20.59000015258789,3.7699999809265137,45,45,45,45,45,45,45,45,45,45,45,45,0,0,0,0,0,45,45
Shakardara,Afghanistan,Kabul,arable,34.64811,69.03023,1,2019-01-01,2019-01-17,0.10761338237383179,0.06863683980806416,0.0735806146474496,-0.09949181399673158,0.06363698682224417,0.6187862930689488,-6.994837278206684,-19.54157731993397,-12.546740041727288,-9.476254794096054,-21.859306075346232,-12.383051281250173,0.10000000149011612,0.10000000149011612,6.949999809265137,14.649999618530273,0.4744027297089021,,-7.680000305175781,51,51,51,51,51,51,51,51,51,51,51,51,51,51,51,51,51,0,51
Zaranj,Afghanistan,Nimroz,arable,31.00023,61.8703,1,2019-01-01,2019-01-17,0.1138700572583657,0.09849994590695217,0.0954059877723935,-0.052000314777024825,0.07497710711652698,0.5934140491293735,-17.19375953885073,-28.61103535042111,-11.417275811570383,-16.37034401044861,-26.879359661315796,-10.50901565086718,,,,,,22.74411416884199,4.945424897493779,45,45,45,45,45,45,45,45,45,45,45,45,0,0,0,0,0,45,45
Maimana,Afghanistan,Faryab,arable,35.9212,64.78515,1,2019-01-01,2019-01-17,0.18742521605057574,0.09819601459495665,0.10211190093901741,-0.0729541626097236,0.10188668611700162,0.8264072729295976,-11.718806105873094,-18.352785415091034,-6.633979309217946,-10.561142643342341,-16.91294676976456,-6.351804126422223,,,,,,,1.7599999904632568,51,51,51,51,51,51,51,51,51,51,51,51,0,0,0,0,0,0,51
GhazniCity,Afghanistan,Ghazni,arable,33.55396,68.41578,1,2019-01-01,2019-01-17,0.15358962741015333,0.1042641586224326,0.10152105063187815,-0.009705311961180914,0.09526171043144589,0.7554187997479629,-10.482896355672839,-17.506888942259707,-7.023992586586864,-10.945362559842035,-18.99099569251636,-8.045633132674325,,,,,,,-6.28000020980835,50,50,50,50,50,50,50,50,50,50,50,50,0,0,0,0,0,0,50
Faizabad,Afghanistan,Badakhshan,arable,37.10051,70.54587,1,2019-01-01,2019-01-17,,,,,,,-10.896707559194043,-19.18629971428655,-8.289592155092507,-11.396175386119996,-19.118720068053992,-7.722544681933994,0.10000000149011612,0.08019555089247002,7.057822286303397,12.713688467185392,0.5551352426603733,-3.2752452034406225,-5.5820090848249455,0,0,0,0,0,0,51,51,51,51,51,51,51,51,51,51,51,51,51
Chaghcharan,Afghanistan,Ghor,arable,34.51767,65.24922,1,2019-01-01,2019-01-17,,,,,,,-10.047098118150695,-18.203795357331536,-8.156697239180838,-7.542167968226103,-20.204934874886092,-12.662766906659991,0.10000000149011612,0.09000000357627869,8.649999618530273,12.800000190734863,0.6757812101277528,,-9.15999984741211,0,0,0,0,0,0,51,51,51,51,51,51,51,51,51,51,51,0,51
TransNzoia,Kenya,Trans Nzoia,arable,1.02004,34.9521,1,2019-01-17,2019-02-02,0.3954585039833637,0.21637717210019486,0.22470233761997807,-0.051805260352701096,0.24043201411147125,1.9609318877749917,-11.510999636933409,-17.39646107078668,-5.885461433853271,-11.941907264058367,-17.958471385219166,-6.0165641211608065,1.0499999523162842,0.3700000047683716,10,58.5,0.17094017094017094,33.75,13.920000076293945,42,42,42,42,42,42,42,42,42,42,42,42,42,42,42,42,42,42,42
UasinGishu,Kenya,Uasin Gishu,arable,0.51986,35.27118,1,2019-01-17,2019-02-02,0.17248001659206522,0.0987266809991488,0.09896213920970215,-0.15193988442015857,0.10102520069866203,0.8028038994204506,-8.086263873266637,-12.618453690166684,-4.532189816900044,-3.976508564415969,-16.552460879789074,-12.57595231537311,,,,,,,15.15999984741211,41,41,41,41,41,41,39,39,39,41,41,41,0,0,0,0,0,0,41
Bungoma,Kenya,Bungoma,arable,0.56621,34.55648,1,2019-01-17,2019-02-02,0.2697589170968274,0.18693255181277474,0.18908059941193575,-0.1051488808965142,0.16092838994589573,1.3062558803762188,-10.313813164080454,-16.792714036622076,-6.4789008725416295,-11.040114490118741,-18.685333027535577,-7.64521853741684,0.6000000238418579,0.3199999928474426,7.399999618530273,63.400001525878906,0.11671923407619647,33.813343027779176,17.587223710592763,43,43,43,43,43,43,43,43,43,43,43,43,5,5,5,5,5,43,43
Kakamega,Kenya,Kakamega,arable,0.27623,34.76076,1,2019-01-17,2019-02-02,0.7526047161191438,0.466895746175751,0.446871276410305,0.2671704938251007,0.5281281077048237,5.289579987292068,-8.40346846766269,-13.513487363743677,-5.110018896080989,-11.105499528916429,-16.74254286877243,-5.637043339856003,2.3000001907348633,0.6599999666213989,25.099998474121094,59.5,0.42184871385077466,31.829998016357422,17,42,42,42,42,42,42,42,42,42,42,42,42,42,42,42,42,42,42,42
Narok,Kenya,Narok,arable,-1.08903,35.86838,1,2019-01-17,2019-02-02,0.45822333160327067,0.2762125315018638,0.27057697739082154,0.04080789492301899,0.3125765220933826,2.1586142542198905,-8.015413591250232,-15.759627275698024,-7.74421368444779,-10.409998547815446,-15.738931283978859,-5.328932736163416,,,,,,34.959999084472656,14.039999961853027,43,43,43,43,43,43,43,43,43,43,43,43,0,0,0,0,0,43,43
Nakuru,Kenya,Nakuru,arable,-0.29617,36.06889,1,2019-01-17,2019-02-02,0.26359374621710197,0.15631400158810024,0.15543508044236973,-0.098363039716932,0.1686295185897124,1.1980831772464982,-5.77737460742653,-17.51094902440684,-11.73357441698031,-10.446233954555286,-15.562141121954417,-5.1159071673991345,,,,,,,15.989999771118164,43,43,43,43,43,43,43,43,43,43,43,43,0,0,0,0,0,0,43
Bomet,Kenya,Bomet,arable,-0.7818,35.35257,1,2019-01-17,2019-02-02,0.735580987728135,0.46883616553124796,0.43715415386445217,0.24756690711513976,0.5462627583395457,4.457255967045967,-8.129567516743927,-15.155457129608777,-7.025889612864849,-9.42517791606366,-15.488328731218754,-6.063150815155093,2.049999952316284,0.6150000095367432,24.950000762939453,55.099998474121094,0.45281309353679494,28.489999771118164,13.779999732971191,43,43,43,43,43,43,43,43,43,43,43,43,43,43,43,43,43,43,43
Machakos,Kenya,Machakos,arable,-1.52184,37.25951,1,2019-01-17,2019-02-02,0.8220587828413112,0.6838381461569576,0.6110035089927229,0.3306817484377814,0.5825415219370726,5.669867485878515,-8.96648347237531,-14.587214526275295,-5.620731053899984,,,,1.8499999046325684,0.5649999976158142,20.75,54.849998474121094,0.3783044772515373,31.260000228881836,16.639999389648438,42,42,42,42,42,42,42,42,42,0,0,0,3,3,3,3,3,42,42
Kitui,Kenya,Kitui,arable,-1.37469,38.00979,1,2019-01-17,2019-02-02,0.5094430862462374,0.35625660845450213,0.3362127048894763,0.04666654974884329,0.33776231670768875,2.2347450039679426,-10.182737141045752,-16.457419228660687,-6.2746820876149325,,,,1.2247898174708733,0.47823849300365284,12.392306760822175,60.29641346546567,0.20573355338908889,29.850000381469727,19.605042903412624,42,42,42,42,42,42,42,42,42,0,0,0,42,42,42,42,42,10,42
Makueni,Kenya,Makueni,arable,-1.7978,37.62171,1,2019-01-17,2019-02-02,0.4924027172039123,0.4057988732026118,0.3626889051777137,0.07254597938958918,0.32721168170433884,2.122202009914569,-12.627966679054406,-17.525109386203606,-4.897142707149199,,,,2.1999998092651367,0.625,22.549999237060547,54.54999923706055,0.4133822099440173,29.610000610351562,18.75,42,42,42,42,42,42,42,42,42,0,0,0,42,42,42,42,42,42,42
Embu,Kenya,Embu,arable,-0.5301,37.45517,1,2019-01-17,2019-02-02,0.44603394994195616,0.2522884379538381,0.257211097165226,0.05220039288270777,0.3019347453109645,2.3327203930505807,-8.771828132165453,-16.740289997449857,-7.9684618652844055,,,,,,,,,30.190000534057617,18.220001220703125,41,41,41,41,41,41,41,41,41,0,0,0,0,0,0,0,0,41,41
Meru,Kenya,Meru,arable,0.04501,37.65082,1,2019-01-17,2019-02-02,0.434324899540584,0.29469629023083127,0.29584258349044745,0.09724258158736596,0.28169954869554664,2.1809243448047306,-11.188412241084189,-16.944703305573032,-5.756291064488844,,,,,,,,,30.09000015258789,16.489999771118164,43,43,43,43,43,43,43,43,43,0,0,0,0,0,0,0,0,43,43
Kama,Afghanistan,Nangarhar,arable,34.41904,70.54964,1,2019-01-17,2019-02-02,0.42592256837842096,0.22077517496109694,0.2308219724833276,0.09411938755907591,0.2965077532991508,2.314768017916321,-10.886112700390676,-16.840627899831425,-5.954515199440748,-10.262787485343182,-17.495896612398884,-7.2331091270557,0.4000000059604645,0.30000001192092896,4.599999904632568,23.950000762939453,0.19206679574518715,14.1899995803833,2.820000171661377,51,51,51,51,51,51,51,51,51,51,51,51,51,51,51,51,51,51,51
Injil,Afghanistan,Herat,arable,34.27998,62.15003,1,2019-01-17,2019-02-02,0.18147787820391698,0.11084262418842519,0.11429231553496957,0.024235789842486255,0.10525114761683146,0.865923039047606,-9.027993066246296,-20.587214608136136,-11.559221541889842,-11.137719198630121,-20.376341220818613,-9.23862202218849,0.25,0.19199756459246967,4.080024330117519,24.360170787891644,0.16748873261886338,,0.32999998331069946,50,50,50,50,50,50,50,50,50,50,50,50,50,50,50,50,50,0,50
Dawlatabad,Afghanistan,Balkh,arable,36.84988,66.85002,1,2019-01-17,2019-02-02,0.10204122170822634,0.07480773675577053,0.07330073124265522,-0.10403086813876715,0.05393768502435865,0.5633328997500807,-12.005885602326668,-23.008252588408936,-11.002366986082267,-13.687837419060845,-26.37777750160661,-12.689940082545773,0.10000000149011612,0.10000000149011612,5.25,23.982253295530644,0.21892006386803164,10.809322541604661,-0.11187779933815574,51,51,51,51,51,51,51,51,51,51,51,51,51,51,51,51,51,51,51
Khanabad,Afghanistan,Kunduz,arable,36.64938,68.94992,1,2019-01-17,2019-02-02,0.14299599623374412,0.07760393312916339,0.08279536994905896,-0.10179411105752098,0.07894046948586858,0.7286140760653012,-12.101724898690462,-22.5878209663368,-10.486096067646333,-12.40133988459056,-21.99386752575565,-9.592527641165097,0.10000000149011612,0.09000000357627869,5.599999904632568,23.75,0.23578946966873973,11.760000228881836,-2.2899999618530273,51,51,51,51,51,51,51,51,51,51,51,51,51,51,51,51,51,51,51
NadAli,Afghanistan,Helmand,arable,31.55054,64.24993,1,2019-01-17,2019-02-02,0.11695426245678718,0.09958162421166007,0.09984644876042408,-0.06417530016311959,0.07363491758615222,0.7068834062761337,-14.471409075267278,-24.86551685526833,-10.394107780001056,-14.784308420779102,-27.04368632439001,-12.259377903610911,0.20000000298023224,0.1850000023841858,1.649999976158142,35,0.0471428564616612,18.829999923706055,3.570000171661377,46,46,46,46,46,46,46,46,46,46,46,46,46,46,46,46,46,46,46
Arghandab,Afghanistan,Kandahar,arable,31.72032,65.64915,1,2019-01-17,2019-02-02,0.12187505451023367,0.08834988350352924,0.09091612771615058,-0.051315721779543286,0.06747899458667175,0.6434918067728849,-10.072047072628404,-20.46221913624389,-10.39017206361548,-11.27342002371646,-20.436530634201592,-9.16311061048513,,,,,,17.139999389648438,2.1700000762939453,45,45,45,45,45,45,45,45,45,45,45,45,0,0,0,0,0,45,45
Shakardara,Afghanistan,Kabul,arable,34.64811,69.03023,1,2019-01-17,2019-02-02,,,,,,,-6.251961791096228,-19.779268069198565,-13.527306278102337,-9.501255251859725,-21.641292960307094,-12.14003770844737,,,6.899999618530273,11.300000190734863,0.6106194249614036,,-8.319999694824219,0,0,0,0,0,0,51,51,51,51,51,51,0,0,51,51,51,0,51
Zaranj,Afghanistan,Nimroz,arable,31.00023,61.8703,1,2019-01-17,2019-02-02,0.10235206906845039,0.08818906426265095,0.08557168266004647,-0.07230142598071049,0.05711635490682547,0.5702581838356767,-17.271620778489964,-30.040700764945854,-12.769079986455893,-17.15324543795561,-30.468710562142213,-13.3154651241866,,,,,,26.46846177639252,5.019505175494988,45,45,45,45,45,45,45,45,45,45,45,45,0,0,0,0,0,45,45
Maimana,Afghanistan,Faryab,arable,35.9212,64.78515,1,2019-01-17,2019-02-02,0.16549807650830844,0.10736843479128737,0.10231458709196807,-0.06092368061143326,0.09614829748152617,0.6511731224664424,-12.934379866671563,-18.823026853509674,-5.888646986838113,-10.571190548202823,-17.762257084921703,-7.1910665367188775,,,,,,,1.1399999856948853,51,51,51,51,51,51,51,51,51,51,51,51,0,0,0,0,0,0,51
GhazniCity,Afghanistan,Ghazni,arable,33.55396,68.41578,1,2019-01-17,2019-02-02,0.15455213292740677,0.10381406822208344,0.10065604727071459,-0.0776948371866982,0.09688650748194601,0.7589962028527246,-11.806418927625646,-17.887125773498905,-6.08070684587326,-10.206824848483176,-18.087131029420334,-7.880306180937166,,,,,,9.770000457763672,-10.479999542236328,50,50,50,50,50,50,50,50,50,50,50,50,0,0,0,0,0,50,50
Faizabad,Afghanistan,Badakhshan,arable,37.10051,70.54587,1,2019-01-17,2019-02-02,0.2082498768607402,0.1318198317645854,0.10941357177189241,0.010014672345570377,0.14099043201026984,0.6502412529178326,-9.299195105542765,-18.27733586015401,-8.978140754611257,-9.961475789953255,-18.381904351723264,-8.420428561770006,0.10195552742202157,0.09078221371592403,8.5,14.503911066433615,0.5860498627122477,1.9299999475479126,-5.641226799398285,51,51,51,51,51,51,51,51,51,51,51,51,51,51,51,51,51,5,51
Chaghcharan,Afghanistan,Ghor,arable,34.51767,65.24922,1,2019-01-17,2019-02-02,,,,,,,-9.933070147997668,-17.33904360904997,-7.405973461052298,-9.794386854822134,-20.227522569964943,-10.433135715142807,0.10000000149011612,0.09000000357627869,9.07065550757698,12.010327756913844,0.7552344391146361,,-12.5,0,0,0,0,0,0,51,51,51,51,51,51,38,38,51,51,51,0,51
TransNzoia,Kenya,Trans Nzoia,arable,1.02004,34.9521,1,2019-02-02,2019-02-18,0.3269405439997201,0.1943623813499818,0.2040068912977611,-0.0695473852103345,0.19496884776463086,1.6857820567862871,-12.0066803169892,-17.330983744341168,-5.324303427351967,-11.677834879924365,-19.19671989743486,-7.518885017510486,1,0.3799999952316284,9,58.95000076293945,0.15267175374929084,37.029998779296875,14.549999237060547,42,42,42,42,42,42,42,42,42,42,42,42,42,42,42,42,42,42,42
UasinGishu,Kenya,Uasin Gishu,arable,0.51986,35.27118,1,2019-02-02,2019-02-18,0.13888810557911527,0.08202258974844652,0.08257141360603777,-0.15219646021869923,0.07807815028005412,0.6835956804625558,-7.996260652076222,-12.478136030093209,-4.4818753780169835,-4.519288722747278,-16.464886193318222,-11.945597470570938,,,,,,,16.540000915527344,41,41,41,41,41,41,41,41,41,41,41,41,0,0,0,0,0,0,41
Bungoma,Kenya,Bungoma,arable,0.56621,34.55648,1,2019-02-02,2019-02-18,0.2256362612285477,0.16456921004338462,0.1687793356659493,-0.10920672240156679,0.13812874477192205,1.1497574205447012,-10.972977122094301,-17.439639658750817,-6.466662536656515,-11.400056901008163,-18.838068009358487,-7.438011108350322,0.44999998807907104,0.26499998569488525,5.550000190734863,64.44999694824219,0.0861132731347047,37.97690894455031,18.732067090510988,43,43,43,43,43,43,43,43,43,43,43,43,5,5,5,5,5,43,43
Kakamega,Kenya,Kakamega,arable,0.27623,34.76076,1,2019-02-02,2019-02-18,0.651954085110883,0.3974323066394159,0.38810153972073524,0.20069867322148835,0.45488214322821036,3.9103220653607456,-8.085045543419943,-14.09063458095217,-6.00558903753223,-10.714275909646211,-16.86186727827975,-6.147591368633535,1.399999976158142,0.4749999940395355,17.100000381469727,62,0.2758064577656408,35.900001525878906,18.15999984741211,42,42,42,42,42,42,42,42,42,42,42,42,42,42,42,42,42,42,42
Narok,Kenya,Narok,arable,-1.08903,35.86838,1,2019-02-02,2019-02-18,0.33887892113645,0.20235540155002532,0.20256338365681786,-0.022743342080847256,0.22262808249091587,1.491810571188886,-9.898266466246014,-15.527849967380524,-5.629583501134505,-10.630311864216232,-15.664405625045825,-5.034093760829593,,,,,,,15.600000381469727,43,43,43,43,43,43,43,43,43,43,43,43,0,0,0,0,0,0,43
Nakuru,Kenya,Nakuru,arable,-0.29617,36.06889,1,2019-02-02,2019-02-18,0.22990723372232627,0.14000650144171442,0.14223676066263935,-0.101450762876999,0.14404606867977424,1.1128908603389223,-8.319411703609171,-17.473482047605824,-9.15407034399665,-11.45369315976217,-15.864665106695043,-4.410971946932872,,,,,,,14.65999984741211,43,43,43,43,43,43,43,43,43,43,43,43,0,0,0,0,0,0,43
Bomet,Kenya,Bomet,arable,-0.7818,35.35257,1,2019-02-02,2019-02-18,0.6523070234891496,0.3899125945426069,0.37937630307615944,0.1556451906633486,0.47019427166005157,3.6495214019860933,-10.48310961151925,-16.52201386594071,-6.038904254421457,-10.260880461120069,-15.402333002217432,-5.141452541097361,1.7999999523162842,0.5099999904632568,20.25,56.5,0.3584070796460177,35.220001220703125,14.029999732971191,43,43,43,43,43,43,43,43,43,43,43,43,43,43,43,43,43,43,43
Machakos,Kenya,Machakos,arable,-1.52184,37.25951,1,2019-02-02,2019-02-18,0.7703680430223295,0.5875955705465724,0.5363468355366162,0.2772162302765025,0.5506530712006474,5.1972278791983255,-8.647167123532766,-14.259829754522201,-5.612662630989438,-10.141547080315128,-16.26956498629573,-6.128017905980601,1.5999999046325684,0.5249999761581421,17.25,56.400001525878906,0.30585105555511216,31.690000534057617,17.459999084472656,42,42,42,42,42,42,42,42,42,42,42,42,3,3,3,3,3,42,42
Kitui,Kenya,Kitui,arable,-1.37469,38.00979,1,2019-02-02,2019-02-18,0.46520875288265434,0.2885612210430071,0.29225752634651997,-0.03271868792972322,0.2991638724324649,2.2713467079828673,-11.544570932340193,-16.26128697208225,-4.716716039742055,-10.777747246182017,-17.177104937789686,-6.399357691607668,1.0075953300090112,0.4176793670189889,15.877957220034752,60.952003923766824,0.2605288079647145,32.649196123328444,19.660400641338708,42,42,42,42,42,42,42,42,42,42,42,42,42,42,42,42,42,42,42
Makueni,Kenya,Makueni,arable,-1.7978,37.62171,1,2019-02-02,2019-02-18,0.4389480956339242,0.2611508969229021,0.26442801037374825,0.0017789431296249293,0.27606362071014584,2.1501021920615933,-12.209334722183842,-18.453890270864843,-6.244555548681002,-10.573138565468035,-16.822766667556017,-6.249628102087981,1.25,0.4350000023841858,18,56.599998474121094,0.3180212099869586,33.849998474121094,18.84000015258789,42,42,42,42,42,42,42,42,42,42,42,42,42,42,42,42,42,42,42
Embu,Kenya,Embu,arable,-0.5301,37.45517,1,2019-02-02,2019-02-18,0.33110575352730043,0.2071945494067206,0.2097413928857517,-0.014663475553672279,0.21118079372772372,1.8723945996708538,-9.620971170563449,-15.636318154807382,-6.015346984243935,-8.232570198732413,-15.109489573472958,-6.876919374740541,,,,,,31.729999542236328,17.869998931884766,41,41,41,41,41,41,41,41,41,41,41,41,0,0,0,0,0,41,41
Meru,Kenya,Meru,arable,0.04501,37.65082,1,2019-02-02,2019-02-18,0.34559886734426143,0.22928128104196369,0.23553002388421518,0.03656609899495352,0.2141853967675784,1.7723816900083524,-11.505932602322268,-18.038710811140163,-6.532778208817894,-11.44812693554446,-17.708303074693696,-6.260176139149238,,,,,,30.729999542236328,16.599998474121094,43,43,43,43,43,43,43,43,43,43,43,43,0,0,0,0,0,43,43
Kama,Afghanistan,Nangarhar,arable,34.41904,70.54964,1,2019-02-02,2019-02-18,0.4058915468947046,0.23608998487881147,0.22338242269923225,0.14423035170775272,0.2770068720172595,1.708261595206453,-9.898350288799044,-16.33648511324314,-6.438134824444105,-9.11514975090247,-17.049205353136,-7.934055602233534,0.550000011920929,0.36000001430511475,4.5,25.75,0.17475728155339806,15.880001068115234,5.159999847412109,51,51,51,51,51,51,51,51,51,51,51,51,51,51,51,51,51,51,51
Injil,Afghanistan,Herat,arable,34.27998,62.15003,1,2019-02-02,2019-02-18,0.22508790933025272,0.13798255169159088,0.1423090992658868,0.08567550913634525,0.13887767872464107,0.9866860352972368,-9.422749777805144,-18.64396870139021,-9.221218923585065,-10.333573752571294,-19.827813426938754,-9.494239674367462,0.28995138715886215,0.24697326354356403,5.360048755834322,20.06017002680699,0.2671972136118045,11.280000686645508,1.4600000381469727,50,50,50,50,50,50,50,50,50,50,50,50,50,50,50,50,50,50,50
Dawlatabad,Afghanistan,Balkh,arable,36.84988,66.85002,1,2019-02-02,2019-02-18,,,,,,,-10.903406314464958,-23.469028346741677,-12.565622032276718,-11.1317600222981,-22.397081007978837,-11.265320985680736,0.10000000149011612,0.10000000149011612,6.969624323588314,19.539249028646353,0.35669778531437374,8.029248799764522,-0.08672308164728057,0,0,0,0,0,0,51,51,51,51,51,51,51,51,51,51,51,51,51
Khanabad,Afghanistan,Kunduz,arable,36.64938,68.94992,1,2019-02-02,2019-02-18,0.19792227159099124,0.09116561976310147,0.10071489287383405,-0.0913354837492874,0.11178635072393381,0.917309385473073,-7.055859391003624,-16.424657465006185,-9.368798074002557,-9.340983376059457,-18.93288446172608,-9.591901085666615,0.10000000149011612,0.09000000357627869,6.199999809265137,19.100000381469727,0.32460731337367926,15.029999732971191,3.049999952316284,51,51,51,51,51,51,51,51,51,51,51,51,51,51,51,51,51,51,51
NadAli,Afghanistan,Helmand,arable,31.55054,64.24993,1,2019-02-02,2019-02-18,0.1141796053647995,0.08514478481972397,0.08979356608639902,-0.03583934930133731,0.06382464175126447,0.7449896316172471,-11.127342924715869,-22.332062416190535,-11.204719491474664,-14.078872562579251,-26.086096021509885,-12.007223458930627,0.44999998807907104,0.2549999952316284,3.8999998569488525,30.649999618530273,0.12724306380059475,17.59000015258789,4.640000343322754,46,46,46,46,46,46,46,46,46,46,46,46,46,46,46,46,46,46,46
Arghandab,Afghanistan,Kandahar,arable,31.72032,65.64915,1,2019-02-02,2019-02-18,0.1713194416086452,0.11194693265811458,0.1158031536370292,0.03553350414980029,0.08624962190431096,0.742337614951224,-9.493702842981016,-20.622622428684057,-11.128919585703038,-10.479867580549714,-19.94501521154735,-9.465147630997638,,,,,,16.549999237060547,3.1700000762939453,45,45,45,45,45,45,45,45,45,45,45,45,0,0,0,0,0,45,45
Shakardara,Afghanistan,Kabul,arable,34.64811,69.03023,1,2019-02-02,2019-02-18,,,,,,,-7.757986220255362,-20.21958166633627,-12.461595446080914,-9.425860071814368,-22.35490897868483,-12.929048906870465,,,7.550000190734863,13.25,0.569811335149801,,-9.630000114440918,0,0,0,0,0,0,51,51,51,51,51,51,0,0,51,51,51,0,51
Zaranj,Afghanistan,Nimroz,arable,31.00023,61.8703,1,2019-02-02,2019-02-18,0.11044125572570006,0.09700928877662385,0.09464017041662891,-0.05685900219447898,0.06780066605614385,0.6042299727114409,-17.4027553949395,-29.477443205058893,-12.074687810119398,-17.258468090385414,-28.701649167346975,-11.443181076961556,,,,,,21.715355088955327,5.190233105396725,45,45,45,45,45,45,45,45,45,45,45,45,0,0,0,0,0,45,45
Maimana,Afghanistan,Faryab,arable,35.9212,64.78515,1,2019-02-02,2019-02-18,0.1935641260387123,0.11551006958962272,0.11348223228007134,-0.07540995235985293,0.0999685521363835,0.7686987031835791,-9.622847394587216,-16.605078549170265,-6.982231154583049,-9.071663586976758,-16.30239913223632,-7.230735545259564,,,,,,,0.8299999833106995,51,51,51,51,51,51,51,51,51,51,51,51,0,0,0,0,0,0,51
GhazniCity,Afghanistan,Ghazni,arable,33.55396,68.41578,1,2019-02-02,2019-02-18,,,,,,,-11.615390393860366,-17.908137534055566,-6.2927471401952,-9.652027919798014,-17.18066661684159,-7.528638697043582,,,,,,,-9.680000305175781,0,0,0,0,0,0,50,50,50,50,50,50,0,0,0,0,0,0,50
Faizabad,Afghanistan,Badakhshan,arable,37.10051,70.54587,1,2019-02-02,2019-02-18,0.2331817859906779,0.14198219184952615,0.12231337569270179,0.022237848391922305,0.13930970234462342,0.7486551512939822,-9.175904735238449,-17.82859835772291,-8.652693622484461,-10.438429797131302,-17.402377181565218,-6.963947384433915,0.15000000596046448,0.12999999523162842,9.059777782221511,14.263688695218951,0.6351619839878281,,-5.224969275531349,51,51,51,51,51,51,51,51,51,51,51,51,51,51,51,51,51,0,51
Chaghcharan,Afghanistan,Ghor,arable,34.51767,65.24922,1,2019-02-02,2019-02-18,0.15426072478294373,0.06980536878108978,0.09380294382572174,-0.1611187756061554,-0.02059401199221611,1.2883727550506592,-10.509537268642353,-17.11768490058182,-6.60814763193947,-8.35643837887586,-21.2620671419962,-12.905628763120331,0.10000000149011612,0.06896722799232807,10.770655513827693,13.5896724275703,0.7925680292256716,,-10.270000457763672,1,1,1,1,1,1,51,51,51,51,51,51,51,51,51,51,51,0,51
TransNzoia,Kenya,Trans Nzoia,arable,1.02004,34.9521,1,2019-02-18,2019-03-06,0.31395014659647785,0.17380369726084008,0.18649571048693037,-0.10055838612933024,0.17974123268308861,1.7136364590727422,-11.809034804458577,-18.83116608657644,-7.02213128211787,-12.800758012741674,-19.072324941778398,-6.271566929036728,0.6499999761581421,0.26999998092651367,7.100000381469727,60.29999923706055,0.11774461809787298,36.230003356933594,14.719999313354492,42,42,42,42,42,42,42,42,42,42,42,42,42,42,42,42,42,42,42
UasinGishu,Kenya,Uasin Gishu,arable,0.51986,35.27118,1,2019-02-18,2019-03-06,0.1418525499287542,0.0832344219951881,0.08396333830650103,-0.15946708904838214,0.08554395959985858,0.7135722887109249,-7.671133070510662,-12.609366857343256,-4.938233786832591,-3.7698716116492808,-17.285518266427683,-13.515646654778399,,,,,,,13.290000915527344,41,41,41,41,41,41,41,41,41,41,41,41,0,0,0,0,0,0,41
Bungoma,Kenya,Bungoma,arable,0.56621,34.55648,1,2019-02-18,2019-03-06,0.24429247735385387,0.16102258662765645,0.1666870161086927,-0.1365285327907367,0.14188368864404463,1.2212467025315423,-10.50245067603787,-17.74209159491525,-7.239640918877383,-10.946875619453905,-18.652454689122123,-7.70557906966821,0.5,0.2800000011920929,7.400000095367432,60.54999923706055,0.12221305018346143,34.71691062301711,17.97246350700737,43,43,43,43,43,43,43,43,43,43,43,43,5,5,5,5,5,43,43
Kakamega,Kenya,Kakamega,arable,0.27623,34.76076,1,2019-02-18,2019-03-06,0.7529826083976459,0.46260720870202837,0.4500374144628109,0.26607910949411073,0.516786493757748,5.113045615231778,-8.04735154007048,-13.168558165230559,-5.121206625160081,-9.999639503958516,-16.69221739704834,-6.6925778930898225,1.350000023841858,0.47999998927116394,17.700000762939453,60.25,0.29377594627285397,32.13999938964844,17.889999389648438,42,42,42,42,42,42,42,42,42,42,42,42,42,42,42,42,42,42,42
Narok,Kenya,Narok,arable,-1.08903,35.86838,1,2019-02-18,2019-03-06,0.33292074226827106,0.20521791038860185,0.20275292858650482,-0.03323230725938894,0.2142513420206857,1.455764661384307,-9.418099435475515,-15.544401232811197,-6.126301797335682,-10.196840546147502,-16.813262253619826,-6.616421707472327,,,,,,37.20000076293945,14.890000343322754,43,43,43,43,43,43,43,43,43,43,43,43,0,0,0,0,0,43,43
Nakuru,Kenya,Nakuru,arable,-0.29617,36.06889,1,2019-02-18,2019-03-06,0.22548805478409892,0.13980858929545095,0.13971909625340337,-0.11171649442372084,0.14208617090880202,1.0454407087813113,-7.804209319556632,-17.214992855121213,-9.410783535564583,-10.47250507180643,-14.93703902452842,-4.464533952721986,,,,,,,16.350000381469727,43,43,43,43,43,43,43,43,43,43,43,43,0,0,0,0,0,0,43
Bomet,Kenya,Bomet,arable,-0.7818,35.35257,1,2019-02-18,2019-03-06,0.6645376195252652,0.36459313210441935,0.36074488325894244,0.16272625409447822,0.45459629526151674,3.6404410737832276,-10.275712090768259,-16.41911860240784,-6.143406511639579,-9.758671321280785,-16.24710744885857,-6.488436127577785,1.75,0.550000011920929,20.75,55.04999923706055,0.37693006880244906,33.38999938964844,13.65999984741211,43,43,43,43,43,43,43,43,43,43,43,43,43,43,43,43,43,43,43
Machakos,Kenya,Machakos,arable,-1.52184,37.25951,1,2019-02-18,2019-03-06,0.49287529156572013,0.32340183857233584,0.32507687336047836,0.012009541624348299,0.3425203230889405,3.3132507471978165,-9.595504018639314,-16.33685328940384,-6.74134927076452,,,,1.2000000476837158,0.4300000071525574,12.050000190734863,55,0.2190909125588157,35.77000045776367,19.139999389648438,42,42,42,42,42,42,42,42,42,0,0,0,3,3,3,3,3,42,42
Kitui,Kenya,Kitui,arable,-1.37469,38.00979,1,2019-02-18,2019-03-06,0.3479187371367964,0.22708172089265735,0.22532933545737385,-0.10953559098225461,0.21261555476598606,1.6626415672490682,-11.226455627401851,-16.791925851272367,-5.565470223870513,,,,0.9575952813697503,0.3857595246084736,9.79230637935245,59.48881758809625,0.16490656381192795,33.697046216827864,21.082720223563673,42,42,42,42,42,42,42,42,42,0,0,0,42,42,42,42,42,42,42
Makueni,Kenya,Makueni,arable,-1.7978,37.62171,1,2019-02-18,2019-03-06,0.39449912963268563,0.23925324179321894,0.2542868723581906,-0.08342979253998038,0.24169463400631666,2.0745803693757736,-12.17790039369258,-18.909282598818812,-6.7313822051262315,,,,1.5999999046325684,0.5199999809265137,15.449999809265137,53.150001525878906,0.29068672371989457,35.16999816894531,20.310001373291016,42,42,42,42,42,42,42,42,42,0,0,0,42,42,42,42,42,42,42
Embu,Kenya,Embu,arable,-0.5301,37.45517,1,2019-02-18,2019-03-06,0.2834370409422844,0.16899230656368952,0.1790571392618075,-0.06379613879830952,0.17433545813830909,1.756773890760143,-10.00649908526999,-17.101534904243735,-7.095035818973743,,,,,,,,,34.189998626708984,20.31999969482422,41,41,41,41,41,41,41,41,41,0,0,0,0,0,0,0,0,41,41
Meru,Kenya,Meru,arable,0.04501,37.65082,1,2019-02-18,2019-03-06,0.31192037577234066,0.19942170321807695,0.2093199389841264,0.011358832405216393,0.18573428279836962,1.6807237112759412,-11.28967675121351,-17.754810763033696,-6.46513401182018,,,,,,,,,34.869998931884766,17.8700008392334,43,43,43,43,43,43,43,43,43,0,0,0,0,0,0,0,0,43,43
Kama,Afghanistan,Nangarhar,arable,34.41904,70.54964,1,2019-02-18,2019-03-06,0.45506270016721206,0.23771921483422973,0.2434634958586596,0.1620560179184045,0.30927831223589836,2.332461574618527,-9.674040113845997,-15.79556273664353,-6.12152262279753,-7.885115782759778,-16.506277110921165,-8.62116132816138,0.8500000238418579,0.42000001668930054,5.699999809265137,24.549999237060547,0.23217922551543088,18.149999618530273,5.670000076293945,51,51,51,51,51,51,51,51,51,51,51,51,51,51,51,51,51,51,51
Injil,Afghanistan,Herat,arable,34.27998,62.15003,1,2019-02-18,2019-03-06,0.2472579269854317,0.17258656549181864,0.17145702186700204,0.07890032622439201,0.1539414144580626,1.0735567404691695,-10.116161942951212,-19.12994888386922,-9.013786940918003,-7.682944087690711,-16.80320253623915,-9.120258448548435,0.519975693579431,0.30198542331760475,5.480024234981937,26.58995152910872,0.20609619724348988,14.789999961853027,3.619999885559082,50,50,50,50,50,50,50,50,50,50,50,50,50,50,50,50,50,50,50
Dawlatabad,Afghanistan,Balkh,arable,36.84988,66.85002,1,2019-02-18,2019-03-06,0.12388642529618708,0.06722283460358533,0.07040958915390241,-0.11864212967973249,0.0642880994375511,0.6952895486301369,-13.158222445458035,-27.162258759956188,-14.00403631449814,-11.801141892420338,-25.35252269265896,-13.551380800238636,0.20000000298023224,0.15392489010977634,5.349999904632568,28.665869297574982,0.18664941090233006,,2.2932770093994823,51,51,51,51,51,51,51,51,51,51,51,51,51,51,51,51,51,0,51
Khanabad,Afghanistan,Kunduz,arable,36.64938,68.94992,1,2019-02-18,2019-03-06,0.156639777424767,0.100061386743207,0.10507744587827969,-0.0798333891510407,0.07998159251450998,0.7535203226022117,-6.410996234292268,-16.757093520953415,-10.346097286661138,-10.975696527251321,-21.926095536690756,-10.950399009439439,0.25,0.17000000178813934,7.650000095367432,25.75,0.29708738234436627,18.709999084472656,1.5700000524520874,51,51,51,51,51,51,51,51,51,51,51,51,51,51,51,51,51,51,51
NadAli,Afghanistan,Helmand,arable,31.55054,64.24993,1,2019-02-18,2019-03-06,0.10822769157922091,0.07985590012304819,0.0846819139461019,-0.060115605093205154,0.05829046266336939,0.7077779820285626,-14.033330446841115,-26.130879245587256,-12.09754879874614,-11.261923449160447,-22.011912394281644,-10.749988945121196,0.5,0.2800000011920929,4.75,33,0.14393939393939395,18.400001525878906,5.569999694824219,46,46,46,46,46,46,46,46,46,46,46,46,46,46,46,46,46,46,46
Arghandab,Afghanistan,Kandahar,arable,31.72032,65.64915,1,2019-02-18,2019-03-06,0.2109344829640413,0.14712282974327553,0.1472415463482042,0.0007462528601838524,0.11739896895124462,0.8414237113294678,-8.61320235154547,-17.686741363728096,-9.073539012182627,-10.612796295645067,-18.977978326162752,-8.365182030517694,,,,,,18.670000076293945,4.670000076293945,45,45,45,45,45,45,45,45,45,45,45,45,0,0,0,0,0,45,45
Shakardara,Afghanistan,Kabul,arable,34.64811,69.03023,1,2019-02-18,2019-03-06,,,,,,,-9.438160590905616,-22.356056576819512,-12.917895985913896,-10.067917352286125,-20.494674058194114,-10.42675670590799,,,6.850000381469727,11,0.6227273074063387,,-7.639999866485596,0,0,0,0,0,0,51,51,51,51,51,51,0,0,51,51,51,0,51
Zaranj,Afghanistan,Nimroz,arable,31.00023,61.8703,1,2019-02-18,2019-03-06,0.1116465471851376,0.10519053560683653,0.09703390405956523,-0.052153578012003377,0.07111281158866545,0.5798432506458019,-16.75131657511289,-31.704962701314116,-14.953646126201223,-14.359176498063043,-28.266935338431068,-13.907758840368025,,,,,,27.423453149330488,7.888408824339699,45,45,45,45,45,45,45,45,45,45,45,45,0,0,0,0,0,45,45
Maimana,Afghanistan,Faryab,arable,35.9212,64.78515,1,2019-02-18,2019-03-06,0.19226158078826275,0.1184932212149273,0.11691980448237727,-0.047647594892412666,0.09731366188867421,0.7657213285083494,-10.682241358822484,-17.235346935453574,-6.553105576631093,-9.57275050806158,-17.283118368642462,-7.710367860580888,,,,,,,2.3500001430511475,51,51,51,51,51,51,51,51,51,51,51,51,0,0,0,0,0,0,51
GhazniCity,Afghanistan,Ghazni,arable,33.55396,68.41578,1,2019-02-18,2019-03-06,,,,,,,-10.06776264445253,-16.97153957243112,-6.903776927978593,-9.415510256481971,-17.318587049152836,-7.903076792670875,,,,,,,-9.470000267028809,0,0,0,0,0,0,50,50,50,50,50,50,0,0,0,0,0,0,50
Faizabad,Afghanistan,Badakhshan,arable,37.10051,70.54587,1,2019-02-18,2019-03-06,0.2659627380820943,0.15766630410658525,0.14432944172150544,-0.03371930548280078,0.15682958600717306,0.9281714667500245,-10.838491920546215,-18.679826952676056,-7.841335032129837,-11.275780100251781,-18.59528612698879,-7.319506026737011,0.20391105484404315,0.11891104649939288,10.359778010255068,18.567598998713112,0.5579493057243995,,-1.248044476107867,51,51,51,51,51,51,51,51,51,51,51,51,51,51,51,51,51,0,51
Chaghcharan,Afghanistan,Ghor,arable,34.51767,65.24922,1,2019-02-18,2019-03-06,0.03199813457966425,0.031946820634747464,0.02283513593545269,0.09591805810870137,-0.004071096882592586,0.16078415781923497,-9.074907319349862,-17.044195959261533,-7.969288639911679,-8.057973822606726,-19.27187720022987,-11.213903377623138,0.21032771988138432,0.12809831537813557,8.608193319388027,11.409831906971686,0.7542460283571573,,-9.319999694824219,46,46,46,46,46,46,51,51,51,51,51,51,51,51,51,51,51,0,51
TransNzoia,Kenya,Trans Nzoia,arable,1.02004,34.9521,1,2019-03-06,2019-03-22,0.32690098740143764,0.1718759358528534,0.18555858125805758,-0.11986444742056529,0.20026926229699543,1.8530000663224624,-11.957951309301396,-19.547218110796585,-7.589266801495189,-12.566195812995126,-20.251407378724878,-7.685211565729749,0.75,0.2850000262260437,6.400000095367432,64.89999389648438,0.0986132618991528,38.12000274658203,15.739999771118164,42,42,42,42,42,42,42,42,42,42,42,42,42,42,42,42,42,42,42
UasinGishu,Kenya,Uasin Gishu,arable,0.51986,35.27118,1,2019-03-06,2019-03-22,0.14233781995628694,0.08631058117805987,0.08484916211311569,-0.16633928401997072,0.08216237559322367,0.6983586412148695,-7.9769241364886705,-12.758125734255104,-4.781201597766434,-3.564972427164126,-16.905029232058293,-13.340056804894168,,,,,,41.83000183105469,17.18000030517578,41,41,41,41,41,41,37,37,37,41,41,41,0,0,0,0,0,41,41
Bungoma,Kenya,Bungoma,arable,0.56621,34.55648,1,2019-03-06,2019-03-22,0.26447164212897184,0.19108011005283157,0.19359249647944318,-0.10255619019972191,0.1668569707638664,1.3419655950777836,-10.34243443139216,-17.331211558838532,-6.988777127446372,-11.40283300072978,-19.064864327712087,-7.662031326982302,0.5,0.28999999165534973,5.550000190734863,67.44999694824219,0.08228317927121125,37.82064747265695,18.8176198982073,43,43,43,43,43,43,43,43,43,43,43,43,5,5,5,5,5,43,43
Kakamega,Kenya,Kakamega,arable,0.27623,34.76076,1,2019-03-06,2019-03-22,0.7949760565492472,0.5360692580243064,0.4993160175234747,0.30964276762658344,0.5696711915173472,5.874383557404105,-7.089939222575036,-12.488454118838762,-5.398514896263722,-10.910383735804281,-16.580907063232942,-5.670523327428665,2.049999952316284,0.6050000190734863,24.299999237060547,64.75,0.3752895635067266,34.63999938964844,17.40999984741211,42,42,42,42,42,42,42,42,42,42,42,42,42,42,42,42,42,42,42
Narok,Kenya,Narok,arable,-1.08903,35.86838,1,2019-03-06,2019-03-22,0.32501997247532427,0.18563081886311977,0.19025772313311712,-0.06825335134493403,0.2109156171281826,1.5247495007675256,-9.70227578170895,-15.869095308704862,-6.166819526995913,-9.717407443707424,-17.376995229874694,-7.659587786167272,,,,,,38.540000915527344,15.579999923706055,43,43,43,43,43,43,43,43,43,43,43,43,0,0,0,0,0,43,43
Nakuru,Kenya,Nakuru,arable,-0.29617,36.06889,1,2019-03-06,2019-03-22,0.20074684203677828,0.11994014626339117,0.12153501823891234,-0.13279012761976677,0.12945822063642354,0.9978961410360708,-7.747239061286879,-17.1095223513711,-9.362283290084218,-9.259210745489394,-14.711801338904301,-5.452590593414912,,,,,,,17.520000457763672,43,43,43,43,43,43,43,43,43,43,43,43,0,0,0,0,0,0,43
Bomet,Kenya,Bomet,arable,-0.7818,35.35257,1,2019-03-06,2019-03-22,0.7153838088734634,0.4313506571746993,0.41493109777496673,0.20083375379453616,0.5102143999698201,4.16399111443662,-9.0417505542298,-15.279901164615584,-6.238150610385779,-9.365038202522348,-15.387229222389228,-6.02219101986688,1.9000000953674316,0.5249999761581421,21.200000762939453,60.5,0.35041323575106537,32.98999786376953,13.479999542236328,43,43,43,43,43,43,43,43,43,43,43,43,43,43,43,43,43,43,43
Machakos,Kenya,Machakos,arable,-1.52184,37.25951,1,2019-03-06,2019-03-22,0.40823369934823034,0.28816905598510867,0.280956817440984,-0.01753773674849457,0.2811502796947531,2.263589584438353,-9.56722512425495,-15.82755088044816,-6.260325756193211,,,,1.2000000476837158,0.4050000011920929,9.100000381469727,63,0.14444445049951946,36.37999725341797,18.869998931884766,41,41,41,41,41,41,42,42,42,0,0,0,3,3,3,3,3,42,42
Kitui,Kenya,Kitui,arable,-1.37469,38.00979,1,2019-03-06,2019-03-22,0.3086785402027848,0.18188460669146153,0.1936228938730676,-0.1765592846896232,0.18159434527593074,1.6070083581044803,-12.03393533952835,-18.32545162009017,-6.2915162805618206,,,,0.7555913576029342,0.3532384930036528,10.067937227375301,65.95200392376682,0.15269160513358906,35.453924176938855,21.93160267207655,42,42,42,42,42,42,42,42,42,0,0,0,42,42,42,42,42,42,42
Makueni,Kenya,Makueni,arable,-1.7978,37.62171,1,2019-03-06,2019-03-22,0.32566258064936987,0.19865971868380206,0.2103520693728723,-0.15098496606225362,0.19848861538539686,1.7165250306404678,-12.417424514200817,-18.980326637028647,-6.562902122827832,,,,1.100000023841858,0.41999998688697815,11.899999618530273,62.599998474121094,0.1900958451851999,35.62000274658203,20.990001678466797,42,42,42,42,42,42,42,42,42,0,0,0,42,42,42,42,42,42,42
Embu,Kenya,Embu,arable,-0.5301,37.45517,1,2019-03-06,2019-03-22,0.2272327638806558,0.12470240215604524,0.14026415821843927,-0.09955983424399513,0.12843767570688458,1.4683362885159204,-10.824306968461237,-18.49970475501902,-7.6753977865577845,,,,,,,,,36.25,20.549999237060547,41,41,41,41,41,41,41,41,41,0,0,0,0,0,0,0,0,41,41
Meru,Kenya,Meru,arable,0.04501,37.65082,1,2019-03-06,2019-03-22,0.3238721274618579,0.2074822565477487,0.21486120999281333,0.003890203726987217,0.19545344959078698,1.628657540203578,-12.14584214679995,-17.76405755805809,-5.618215411258138,,,,,,,,,33.310001373291016,17.720001220703125,43,43,43,43,43,43,43,43,43,0,0,0,0,0,0,0,0,43,43
Kama,Afghanistan,Nangarhar,arable,34.41904,70.54964,1,2019-03-06,2019-03-22,0.4269251112252302,0.27349506035619375,0.2544440291063978,0.17843302063062522,0.2902465085960881,1.811140244572148,-9.557371864649602,-16.52885475544571,-6.971482890796108,-7.054361562866695,-16.59916216381712,-9.544800600950424,1.100000023841858,0.5199999809265137,7.949999809265137,32.5,0.2446153787466196,21.889999389648438,8.920000076293945,51,51,51,51,51,51,51,51,51,51,51,51,51,51,51,51,51,51,51
Injil,Afghanistan,Herat,arable,34.27998,62.15003,1,2019-03-06,2019-03-22,0.30407813717042936,0.2311110177167272,0.22069098022155087,0.11844957347582835,0.19316136652336793,1.2452121717658244,-10.565949264735252,-19.503630993735545,-8.937681729000294,-11.800063585015076,-19.88297990638643,-8.082916321371354,0.6000000238418579,0.32599269377740886,5.789829592650674,32.78995076802408,0.17656588239329446,,6.130000114440918,50,50,50,50,50,50,50,50,50,50,50,50,50,50,50,50,50,0,50
Dawlatabad,Afghanistan,Balkh,arable,36.84988,66.85002,1,2019-03-06,2019-03-22,0.08311558132531793,0.06317049437056338,0.06299227566913501,-0.09013630187247497,0.04606285918683581,0.4796657708728258,-13.196372070226962,-27.692718252472805,-14.49634618224584,-13.776367543310323,-25.586423934200948,-11.810056390890622,0.30000001192092896,0.18196244922721322,5.550000190734863,34.04112455684507,0.16303885324107736,26.35064688113773,7.6904787140042234,51,51,51,51,51,51,51,51,51,51,51,51,51,51,51,51,51,51,51
Khanabad,Afghanistan,Kunduz,arable,36.64938,68.94992,1,2019-03-06,2019-03-22,0.19006391927497665,0.18099420618828574,0.16837193939163184,-0.05457110388283855,0.11108150121657118,0.7485356349240351,-13.762921702833628,-24.78656990768644,-11.023648204852806,-10.944574920603669,-21.19429061356766,-10.249715692963994,0.20000000298023224,0.15000000596046448,8.25,29.549999237060547,0.2791878244671203,,6.25,51,51,51,51,51,51,51,51,51,51,51,51,51,51,51,51,51,0,51
NadAli,Afghanistan,Helmand,arable,31.55054,64.24993,1,2019-03-06,2019-03-22,0.1262251380931085,0.11177911507104757,0.10414684887608484,-0.04497747756885504,0.07170107408412801,0.5993646278594855,-13.766752377296564,-24.44219093527723,-10.675438557980666,-13.64478653489298,-25.261258254093914,-11.616471719200932,0.6000000238418579,0.32499998807907104,4.949999809265137,40.599998474121094,0.12192118215029794,23.049999237060547,9.180000305175781,46,46,46,46,46,46,46,46,46,46,46,46,46,46,46,46,46,46,46
Arghandab,Afghanistan,Kandahar,arable,31.72032,65.64915,1,2019-03-06,2019-03-22,0.2874208750725005,0.21574569682260095,0.2091678083329118,0.04092048133754119,0.18311171571850723,1.1936643319740403,-11.162569010227891,-19.269167264567702,-8.106598254339806,-11.170682013879919,-17.929221007702644,-6.758538993822722,,,,,,22.950000762939453,7.850000381469727,45,45,45,45,45,45,45,45,45,45,45,45,0,0,0,0,0,45,45
Shakardara,Afghanistan,Kabul,arable,34.64811,69.03023,1,2019-03-06,2019-03-22,,,,,,,-9.860519215146814,-21.846922073144388,-11.98640285799757,-8.764705853695828,-19.857697936396086,-11.09299208270026,0.25,0.13499999046325684,10.350000381469727,21.149999618530273,0.48936172899037406,,-2.190000057220459,0,0,0,0,0,0,51,51,51,51,51,51,51,51,51,51,51,0,51
Zaranj,Afghanistan,Nimroz,arable,31.00023,61.8703,1,2019-03-06,2019-03-22,0.10097205175081038,0.09645127095845837,0.08950327497325547,-0.053199821592845704,0.06008160358830417,0.5267757250373247,-16.948822353998967,-34.696587199921964,-17.747764845922987,-13.60425110960591,-26.00537315114828,-12.401122041542369,,,,,,30.42382522526195,10.714602358376153,45,45,45,45,45,45,45,45,45,45,45,45,0,0,0,0,0,45,45
Maimana,Afghanistan,Faryab,arable,35.9212,64.78515,1,2019-03-06,2019-03-22,0.1973158892687517,0.15907311880056266,0.14358294277818523,-0.039666205186185056,0.11195740072556447,0.710480593595496,-10.203565988153251,-17.357801501872412,-7.154235513719166,-9.420171012594901,-17.079970520172758,-7.659799507577855,,,,,,,5.359999656677246,51,51,51,51,51,51,51,51,51,51,51,51,0,0,0,0,0,0,51
GhazniCity,Afghanistan,Ghazni,arable,33.55396,68.41578,1,2019-03-06,2019-03-22,,,,,,,-11.118123251956955,-18.889550725414836,-7.771427473457881,-10.698363780529904,-18.487524042058244,-7.789160261528337,,,,,,,-4.390000343322754,0,0,0,0,0,0,50,50,50,50,50,50,0,0,0,0,0,0,50
Faizabad,Afghanistan,Badakhshan,arable,37.10051,70.54587,1,2019-03-06,2019-03-22,0.25190038014199573,0.16589642142347677,0.15706124375343775,-0.07307607398240622,0.14822589398198036,0.9504513724621002,-11.028106283856472,-18.412663627941654,-7.384557344085184,-11.582765648386065,-19.14276531307721,-7.559999664691137,0.20391105484404315,0.1313688631217058,12.196088780130218,23.957822895806682,0.509067608684212,20.346540770966026,1.9339109999945148,51,51,51,51,51,51,51,51,51,51,51,51,51,51,51,51,51,51,51
Chaghcharan,Afghanistan,Ghor,arable,34.51767,65.24922,1,2019-03-06,2019-03-22,,,,,,,-9.457478057972255,-16.889853169014014,-7.432375111041759,-7.795457315993808,-19.75481907511978,-11.959361759125976,0.10000000149011612,0.07000000029802322,12.515243704148977,18.55327793810677,0.6744485593475079,,-3.3899998664855957,0,0,0,0,0,0,51,51,51,51,51,51,51,51,51,51,51,0,51
TransNzoia,Kenya,Trans Nzoia,arable,1.02004,34.9521,1,2019-03-22,2019-04-07,0.2904746959595669,0.1547492596565124,0.16883066835324592,-0.13071976265086455,0.17566965194732254,1.6730797297651192,-12.407811510723269,-19.144842201818797,-6.737030691095532,-12.554588118342542,-19.939809125635126,-7.385221007292581,0.8999999761581421,0.32499998807907104,7.399999618530273,60.80000305175781,0.12171051393255365,39.43000030517578,15.380000114440918,42,42,42,42,42,42,42,42,42,42,42,42,42,42,42,42,42,42,42
UasinGishu,Kenya,Uasin Gishu,arable,0.51986,35.27118,1,2019-03-22,2019-04-07,0.13948811828592092,0.08369401921379807,0.08295647568169111,-0.15874765914522376,0.0819500364816424,0.6663474216075793,-7.845805087227646,-12.937267812857332,-5.091462725629683,-4.871157599508663,-16.20091793145734,-11.329760331948682,,,,,,,16.40999984741211,41,41,41,41,41,41,41,41,41,41,41,41,0,0,0,0,0,0,41
Bungoma,Kenya,Bungoma,arable,0.56621,34.55648,1,2019-03-22,2019-04-07,0.2554847932208562,0.17987396621106805,0.1820082015333764,-0.11067004574015062,0.15240404653586784,1.2880440078419915,-10.089559395562205,-16.952644357500837,-6.863084961938624,-11.118339140664135,-19.36411843383404,-8.245779293169905,0.5,0.2800000011920929,5.699999809265137,64.3499984741211,0.08857808771444557,37.91413479265669,20.50484399026979,43,43,43,43,43,43,43,43,43,43,43,43,5,5,5,5,5,43,43
Kakamega,Kenya,Kakamega,arable,0.27623,34.76076,1,2019-03-22,2019-04-07,0.736997463719527,0.47217332391536093,0.4528001252887562,0.24646898207496876,0.5215478764111887,5.024780244737729,-8.256670283362471,-14.171008052045458,-5.9143377686829846,-10.274086541792737,-16.71160755430102,-6.437521012508282,1.7000000476837158,0.5449999570846558,20.049999237060547,62.05000305175781,0.3231264826906814,37.16999816894531,18.56999969482422,42,42,42,42,42,42,42,42,42,42,42,42,42,42,42,42,42,42,42
Narok,Kenya,Narok,arable,-1.08903,35.86838,1,2019-03-22,2019-04-07,0.296096434958393,0.17179052875078366,0.17951382775841215,-0.07820261134796049,0.18747691295196708,1.412124661716999,-10.292714326200343,-16.05548354420179,-5.762769218001453,-9.810043605740859,-16.77627205037156,-6.966228444630701,,,,,,41.47999954223633,16.060001373291016,43,43,43,43,43,43,43,43,43,43,43,43,0,0,0,0,0,43,43
Nakuru,Kenya,Nakuru,arable,-0.29617,36.06889,1,2019-03-22,2019-04-07,0.1953420569952593,0.11574298734347174,0.11747881633007362,-0.1363706077355813,0.12143661082730862,0.943293100186914,-7.69462690969659,-17.217165631475254,-9.52253872177866,-11.082902293429845,-15.419746131565445,-4.336843838135603,,,,,,,16.639999389648438,43,43,43,43,43,43,43,43,43,43,43,43,0,0,0,0,0,0,43
Bomet,Kenya,Bomet,arable,-0.7818,35.35257,1,2019-03-22,2019-04-07,0.6649105966216464,0.3992299018327224,0.3845868486454207,0.16072154320677262,0.46453947234838777,3.580861425366365,-9.667106726725951,-15.684616864771801,-6.017510138045849,-8.927326418723606,-14.766857600061732,-5.839531181338121,1.75,0.5649999976158142,21.400001525878906,56.55000305175781,0.3784261780904308,32.529998779296875,14.819999694824219,43,43,43,43,43,43,43,43,43,43,43,43,43,43,43,43,43,43,43
Machakos,Kenya,Machakos,arable,-1.52184,37.25951,1,2019-03-22,2019-04-07,0.36594317222760175,0.2853539956154443,0.25854096647654595,-0.05119976171250626,0.25680975944471623,1.7089255108051944,-8.78745000662924,-15.22915639476616,-6.441706388136922,-10.56437619954598,-18.18364603339123,-7.619269833845252,1,0.375,8.899999618530273,58.5,0.1521367456159021,35.650001525878906,19.06999969482422,42,42,42,42,42,42,42,42,42,42,42,42,3,3,3,3,3,42,42
Kitui,Kenya,Kitui,arable,-1.37469,38.00979,1,2019-03-22,2019-04-07,0.2597009477314159,0.16466583820339709,0.16634830112585736,-0.1910098718657814,0.15469208678268226,1.318287035283286,-11.087573478040138,-18.924098715520223,-7.836525237480085,-12.207980332219547,-18.442555300857993,-6.234574968638442,0.8767937407599168,0.36035876980076453,7.90833776948698,62.72320903683992,0.12614646271435448,37.130001068115234,20.76704591165209,42,42,42,42,42,42,42,42,42,42,42,42,42,42,42,42,42,32,42
Makueni,Kenya,Makueni,arable,-1.7978,37.62171,1,2019-03-22,2019-04-07,,,,,,,-13.201798175021892,-19.789429895214486,-6.587631720192594,-11.237864489246732,-18.264495834912797,-7.026631345666067,1.0499999523162842,0.38499999046325684,12.350000381469727,58.45000076293945,0.21129170607813427,37.18000030517578,20.310001373291016,0,0,0,0,0,0,42,42,42,42,42,42,42,42,42,42,42,42,42
Embu,Kenya,Embu,arable,-0.5301,37.45517,1,2019-03-22,2019-04-07,0.23999951884183907,0.14159103337228005,0.15417850413356438,-0.0916062758270381,0.13914522756278905,1.47104635810057,-10.196935303249296,-17.491129093349223,-7.294193790099926,-7.906386648688277,-16.70294375203814,-8.796557103349862,,,,,,36.04999923706055,19.68000030517578,41,41,41,41,41,41,41,41,41,41,41,41,0,0,0,0,0,41,41
Meru,Kenya,Meru,arable,0.04501,37.65082,1,2019-03-22,2019-04-07,0.31443767072666856,0.20713192515883558,0.2086477722635298,0.04892764386712732,0.20292792858606562,1.4485634588162575,-11.022945309139814,-16.849520612304406,-5.826575303164591,-12.252275232443933,-17.76427466093341,-5.511999428489478,,,,,,34.38999938964844,17.15999984741211,43,43,43,43,43,43,43,43,43,43,43,43,0,0,0,0,0,43,43
Kama,Afghanistan,Nangarhar,arable,34.41904,70.54964,1,2019-03-22,2019-04-07,0.5156385853679882,0.3553355942037753,0.32652971679334,0.22034529755742555,0.3388044387171033,2.3594829402596957,-10.427881493761356,-17.056878704445893,-6.628997210684539,-8.979687643988283,-17.23311349471869,-8.25342585073041,1.5499999523162842,0.574999988079071,13.149999618530273,42.849998474121094,0.30688448277243485,25.68000030517578,15.289999961853027,51,51,51,51,51,51,51,51,51,51,51,51,51,51,51,51,51,51,51
Injil,Afghanistan,Herat,arable,34.27998,62.15003,1,2019-03-22,2019-04-07,0.34565561384128224,0.29806113284849745,0.2638577414410455,0.14626231917847937,0.23977701811360996,1.294535531762243,-11.24954334556242,-18.40630968115511,-7.156766335592689,-11.985062485023846,-17.40596102166711,-5.420898536643268,0.9500000476837158,0.41699755863200516,9.059926914048155,35.61997538215725,0.2543483143141528,,10.059999465942383,50,50,50,50,50,50,50,50,50,50,50,50,50,50,50,50,50,0,50
Dawlatabad,Afghanistan,Balkh,arable,36.84988,66.85002,1,2019-03-22,2019-04-07,0.0893372128755188,0.07224282383910406,0.0695650205542354,-0.08233651404682493,0.05165733081651974,0.5086037058633807,-12.01201273015796,-22.93603861470927,-10.924025884551316,-10.604653301313848,-21.314392475376206,-10.709739174062356,0.550000011920929,0.3110751134665024,8.784131465364462,34.36774633732612,0.25563018620311817,,9.724233946244274,51,51,51,51,51,51,51,51,51,51,51,51,51,51,51,51,51,0,51
Khanabad,Afghanistan,Kunduz,arable,36.64938,68.94992,1,2019-03-22,2019-04-07,,,,,,,-9.229311186958117,-15.671561389709003,-6.4422502027508814,-8.862357471780557,-16.175641069314626,-7.313283597534063,0.5,0.2750000059604645,10.899999618530273,35.900001525878906,0.30362114638554794,25.90999984741211,10.25,0,0,0,0,0,0,51,51,51,51,51,51,51,51,51,51,51,51,51
NadAli,Afghanistan,Helmand,arable,31.55054,64.24993,1,2019-03-22,2019-04-07,0.0812701887034658,0.06627319248020647,0.06756365324890436,-0.0755509704591623,0.03420585456006785,0.6013432228031442,-13.706678081569386,-24.599901418885196,-10.893223337315801,-13.439240576331292,-26.759169144815477,-13.31992856848418,0.8500000238418579,0.38499999046325684,7.899999618530273,47,0.16808509826660156,29.360000610351562,12.869999885559082,46,46,46,46,46,46,46,46,46,46,46,46,46,46,46,46,46,46,46
Arghandab,Afghanistan,Kandahar,arable,31.72032,65.64915,1,2019-03-22,2019-04-07,0.45541843438154167,0.35603600254764595,0.3371273376465723,0.15504014246559894,0.3217583726949515,2.421148679604564,-11.302335665902913,-18.534586269324578,-7.232250603421655,-12.001463934390344,-18.10654027473652,-6.105076340346175,,,,,,31.700000762939453,12.920000076293945,45,45,45,45,45,45,45,45,45,45,45,45,0,0,0,0,0,45,45
Shakardara,Afghanistan,Kabul,arable,34.64811,69.03023,1,2019-03-22,2019-04-07,0.09671181135974632,0.07404071644120326,0.07192190168484486,-0.09376515091410287,0.04355667657559732,0.46331700000364423,-11.419324997124136,-23.218298868184817,-11.79897387106068,-10.301108942663976,-24.2596677530602,-13.958558810396223,0.20000000298023224,0.13499999046325684,13.549999237060547,36,0.3763888676961263,,2.869999885559082,51,51,51,51,51,51,51,51,51,51,51,51,51,51,51,51,51,0,51
Zaranj,Afghanistan,Nimroz,arable,31.00023,61.8703,1,2019-03-22,2019-04-07,0.08879608221337781,0.08677595154877367,0.08015743034945251,-0.048058858139065914,0.047396079367618416,0.49011743723372553,-16.66045175708603,-31.563850297682734,-14.903398540596704,-17.57122618127493,-28.234054958995028,-10.662828777720085,,,,,,38.914728625130536,17.446211660707224,45,45,45,45,45,45,45,45,45,45,45,45,0,0,0,0,0,45,45
Maimana,Afghanistan,Faryab,arable,35.9212,64.78515,1,2019-03-22,2019-04-07,0.2759746790251815,0.20961240794085673,0.18916226730543623,0.014700290586359353,0.15068330829055332,0.971105421362488,-9.990489785927966,-16.496951774234436,-6.506461988306472,-8.655828158078743,-16.02884405695133,-7.373015898872582,,,,,,,,51,51,51,51,51,51,51,51,51,51,51,51,0,0,0,0,0,0,0
GhazniCity,Afghanistan,Ghazni,arable,33.55396,68.41578,1,2019-03-22,2019-04-07,0.12340789766515012,0.09040276940419592,0.08413177076379154,-0.07522822617748269,0.057252191206419015,0.5639211108985482,-10.040214235776496,-16.351933967727525,-6.311719731951025,-8.574752250810693,-16.94956774312945,-8.374815492318756,,,,,,,3.309999942779541,50,50,50,50,50,50,50,50,50,50,50,50,0,0,0,0,0,0,50
Faizabad,Afghanistan,Badakhshan,arable,37.10051,70.54587,1,2019-03-22,2019-04-07,0.3259194135884025,0.19880927607445414,0.1967099818544343,-0.016160033147456142,0.18612654205565282,1.3339750105301784,-8.84195861806815,-15.995239350419828,-7.153280732351678,-9.447800090771468,-15.34902580038291,-5.9012257096114435,0.30391106320194783,0.19175997028431824,12.79999927435924,29.359778010255063,0.4359717527850642,22.88983087564183,6.4868177631764805,51,51,51,51,51,51,51,51,51,51,51,51,51,51,51,51,51,51,51
Chaghcharan,Afghanistan,Ghor,arable,34.51767,65.24922,1,2019-03-22,2019-04-07,0.1516101336007357,0.10359182870954776,0.10247648265315944,-0.028573915083383132,0.07789547395578268,0.6877068339894529,-9.011036278688133,-16.615558371927946,-7.604522093239814,-7.288711976374723,-18.927585204974232,-11.638873228599516,0.10000000149011612,0.07000000029802322,12.760327559928264,29.210328322867714,0.4368427334271468,21.549999237060547,2.5799999237060547,51,51,51,51,51,51,51,51,51,51,51,51,51,51,51,51,51,51,51
TransNzoia,Kenya,Trans Nzoia,arable,1.02004,34.9521,1,2019-04-07,2019-04-23,0.2888772310563802,0.15436868572862397,0.16463688562828796,-0.12056902385130945,0.16759118070562826,1.5055626575989576,-12.415062244563897,-20.725999235839584,-8.310936991275694,-12.146699523711952,-19.597587744484038,-7.450888220772081,0.800000011920929,0.3100000023841858,7.199999809265137,57.5,0.12521738798721976,43.25,15.869999885559082,42,42,42,42,42,42,42,42,42,42,42,42,42,42,42,42,42,42,42
UasinGishu,Kenya,Uasin Gishu,arable,0.51986,35.27118,1,2019-04-07,2019-04-23,0.12703214825855072,0.07871477188938718,0.07715602962531447,-0.15842298016520098,0.0736147422925602,0.6115015624550426,-7.401059527727277,-13.11219055645283,-5.7111310287255534,,,,,,,,,,15.110000610351562,41,41,41,41,41,41,41,41,41,0,0,0,0,0,0,0,0,0,41
Bungoma,Kenya,Bungoma,arable,0.56621,34.55648,1,2019-04-07,2019-04-23,,,,,,,-9.670745837922354,-17.761071379968314,-8.09032554204596,-10.563011289127408,-18.893261437793665,-8.330250148666265,0.6000000238418579,0.3050000071525574,8.300000190734863,57.150001525878906,0.14523184547906656,36.42129738800327,,0,0,0,0,0,0,43,43,43,43,43,43,5,5,5,5,5,43,0
Kakamega,Kenya,Kakamega,arable,0.27623,34.76076,1,2019-04-07,2019-04-23,0.7299335899098772,0.4755420186828337,0.44625558440819924,0.2572638008998281,0.5135837254310738,4.673061923562411,-7.660619680256053,-13.619483031900472,-5.958863351644423,-9.503420903577133,-16.31617477202095,-6.812753868443816,2.0999999046325684,0.6150000095367432,24.700000762939453,56.75,0.4352423041927657,31.989999771118164,16.950000762939453,42,42,42,42,42,42,42,42,42,42,42,42,42,42,42,42,42,42,42
Narok,Kenya,Narok,arable,-1.08903,35.86838,1,2019-04-07,2019-04-23,0.28856720186228313,0.1700249420144191,0.17480313268520536,-0.081699470427012,0.18012014674817264,1.377576083533486,-11.295546992417231,-16.210418557566346,-4.914871565149117,,,,,,,,,37.279998779296875,16.360000610351562,43,43,43,43,43,43,43,43,43,0,0,0,0,0,0,0,0,43,43
Nakuru,Kenya,Nakuru,arable,-0.29617,36.06889,1,2019-04-07,2019-04-23,0.18742403687550502,0.11192922070538894,0.11151076702206263,-0.14161006088350578,0.11558621157068297,0.8965537893043567,-7.531197248103489,-17.08421078749588,-9.553013539392389,,,,,,,,,,17.270000457763672,43,43,43,43,43,43,43,43,43,0,0,0,0,0,0,0,0,0,43
Bomet,Kenya,Bomet,arable,-0.7818,35.35257,1,2019-04-07,2019-04-23,0.653471811425878,0.38694240542751307,0.374638956939748,0.13030950997622598,0.4518514467480306,3.5846103480418585,-10.070996999707189,-16.212638250028828,-6.141641250321644,,,,2,0.5950000286102295,20.150001525878906,53.45000076293945,0.37698786226866215,31.130001068115234,15.84000015258789,43,43,43,43,43,43,43,43,43,0,0,0,43,43,43,43,43,43,43
Machakos,Kenya,Machakos,arable,-1.52184,37.25951,1,2019-04-07,2019-04-23,0.4254309499589336,0.3005181735365832,0.293049890477033,-0.04336960766130552,0.29326244903003135,2.5914769018230652,-9.728027614892698,-17.53518532972042,-7.807157714827725,,,,1.100000023841858,0.3999999761581421,9.449999809265137,53.29999923706055,0.1772983104039965,,18.829999923706055,42,42,42,42,42,42,42,42,42,0,0,0,3,3,3,3,3,0,42
Kitui,Kenya,Kitui,arable,-1.37469,38.00979,1,2019-04-07,2019-04-23,0.24327220233583266,0.1416238525468906,0.14723405147267865,-0.23083003166271582,0.14661499804288836,1.2292800579938388,-11.573786101934617,-18.82326301705142,-7.249476915116802,,,,0.7555913576029342,0.33995795634161735,10.10390975336323,57.5176124444457,0.17593265497634125,,19.81111894006687,42,42,42,42,42,42,42,42,42,0,0,0,42,42,42,42,42,0,42
Makueni,Kenya,Makueni,arable,-1.7978,37.62171,1,2019-04-07,2019-04-23,0.23472752389688675,0.17529070938049618,0.17412870970407604,-0.1792080603575345,0.1356013830851938,1.1562570685531661,-12.929414222874403,-20.036122508061037,-7.106708285186633,,,,0.9500000476837158,0.36500000953674316,8.850000381469727,54.099998474121094,0.16358596360595376,38.16999816894531,21.110000610351562,29,29,29,29,29,29,42,42,42,0,0,0,42,42,42,42,42,42,42
Embu,Kenya,Embu,arable,-0.5301,37.45517,1,2019-04-07,2019-04-23,0.21709414460709722,0.14099011212040333,0.1412955053347436,-0.0904459563668943,0.1304427429045075,1.1844029647617995,-9.452807421166137,-18.163248043025558,-8.710440621859421,,,,,,,,,35.09000015258789,19.229999542236328,41,41,41,41,41,41,41,41,41,0,0,0,0,0,0,0,0,41,41
Meru,Kenya,Meru,arable,0.04501,37.65082,1,2019-04-07,2019-04-23,0.3382756967846339,0.22721494534184766,0.2305533199267943,0.029121724968144726,0.21028086446165073,1.6555468938599325,-10.53657564082198,-16.883609147709496,-6.3470335068875166,,,,,,,,,35.90999984741211,16.170000076293945,43,43,43,43,43,43,43,43,43,0,0,0,0,0,0,0,0,43,43
Kama,Afghanistan,Nangarhar,arable,34.41904,70.54964,1,2019-04-07,2019-04-23,0.603373186584842,0.41054940099661047,0.3729213079086618,0.24392962828321607,0.4059932377279838,2.848507888572064,-11.231968800098217,-16.37533437806057,-5.143365577962356,-8.537660114089874,-16.520701379941375,-7.983041265851497,1.5499999523162842,0.5449999570846558,12.799999237060547,42.650001525878906,0.30011720466865266,27.3799991607666,14.84000015258789,51,51,51,51,51,51,51,51,51,51,51,51,51,51,51,51,51,51,51
Injil,Afghanistan,Herat,arable,34.27998,62.15003,1,2019-04-07,2019-04-23,0.5751358702240594,0.45624181436399364,0.4199927434166512,0.2984204744093394,0.4255370610669812,3.4820307628869407,-11.811912808437043,-17.825600851628206,-6.013688043191164,-11.555715989945085,-18.20023807460275,-6.644522084657669,1.2000000476837158,0.49700972732500664,12.279781123614196,38.19999694824219,0.3214602645191903,19.079999923706055,13.010000228881836,50,50,50,50,50,50,50,50,50,50,50,50,50,50,50,50,50,50,50
Dawlatabad,Afghanistan,Balkh,arable,36.84988,66.85002,1,2019-04-07,2019-04-23,0.12301527497195738,0.11959386118875619,0.102386133204895,-0.054384152515323594,0.06797033348559264,0.49166506980566677,-9.816387002938527,-21.338497747434086,-11.522110744495558,-9.853667846816533,-21.258241452229928,-11.40457360541339,0.699999988079071,0.3680375626937155,10.323380119704339,38.434131494017436,0.2685723624392025,29.69668584190675,12.239859679033932,51,51,51,51,51,51,51,51,51,51,51,51,51,51,51,51,51,51,51
Khanabad,Afghanistan,Kunduz,arable,36.64938,68.94992,1,2019-04-07,2019-04-23,0.40322969226102123,0.3808472075546434,0.29543172471483187,0.14701088133574036,0.2790628952977316,1.2388344462170156,-7.790869834894754,-13.898527268094485,-6.107657433199729,-8.881742201054164,-14.624961152064389,-5.743218951010219,0.7999999523162842,0.3700000047683716,12.699999809265137,36.75,0.3455782261024527,27.190000534057617,15.15999984741211,34,34,34,34,34,34,51,51,51,51,51,51,51,51,51,51,51,51,51
NadAli,Afghanistan,Helmand,arable,31.55054,64.24993,1,2019-04-07,2019-04-23,0.1484606580004763,0.12725252973499582,0.12186018604395993,-0.022603821986751045,0.08418345102623327,0.7203429947753451,-11.293077580295392,-22.4845544244567,-11.191476844161308,-13.109104969252401,-23.522667687031763,-10.41356271777936,0.75,0.3700000047683716,7.699999809265137,45.75,0.1683060067598937,30.489999771118164,16.489999771118164,46,46,46,46,46,46,46,46,46,46,46,46,46,46,46,46,46,46,46
Arghandab,Afghanistan,Kandahar,arable,31.72032,65.64915,1,2019-04-07,2019-04-23,0.4611998692103396,0.37853684725791803,0.33687554757980387,0.20262887308531724,0.3198636817900882,1.9584237785372303,-11.29835330665885,-17.316055879964452,-6.017702573305599,-10.548343666457995,-17.3408645303545,-6.792520863896514,,,,,,36.459999084472656,16.299999237060547,45,45,45,45,45,45,45,45,45,45,45,45,0,0,0,0,0,45,45
Shakardara,Afghanistan,Kabul,arable,34.64811,69.03023,1,2019-04-07,2019-04-23,0.12762558877468105,0.09031533209666052,0.08846568177344132,-0.07206433975687974,0.061118275318992575,0.5296223139934649,-6.87248389142391,-17.709307763597117,-10.836823872173207,-7.65163934284397,-17.85580217630788,-10.204162833463906,0.30000001192092896,0.17499999701976776,10.699999809265137,38.25,0.2797385571049709,,8.469999313354492,51,51,51,51,51,51,51,51,51,51,51,51,51,51,51,51,51,0,51
Zaranj,Afghanistan,Nimroz,arable,31.00023,61.8703,1,2019-04-07,2019-04-23,0.11434572274341852,0.11209216358199617,0.09925019797702805,-0.06057129664659327,0.06917880708374101,0.5240495582698428,-16.678694403174397,-25.424455268148783,-8.745760864974383,-13.757235820608988,-25.82156530160787,-12.06432948099888,,,,,,39.19742409437858,18.549475256594327,45,45,45,45,45,45,45,45,45,45,45,45,0,0,0,0,0,45,45
Maimana,Afghanistan,Faryab,arable,35.9212,64.78515,1,2019-04-07,2019-04-23,0.41366945727614457,0.3620416877374461,0.30735617325794884,0.10712858452505211,0.25683762412431166,1.5094674990029042,-10.314006373869578,-16.673316231951272,-6.359309858081695,-9.267875892193759,-16.408714919142753,-7.140839026948995,,,,,,,13.369999885559082,44,44,44,44,44,44,51,51,51,51,51,51,0,0,0,0,0,0,51
GhazniCity,Afghanistan,Ghazni,arable,33.55396,68.41578,1,2019-04-07,2019-04-23,0.341593621430039,0.24381837875889814,0.2332169977453915,0.05281415246942526,0.2056636833845707,1.559921306853314,-9.435926060946564,-15.40242272991268,-5.9664966689661085,-8.006366174795088,-15.942714931919214,-7.936348757124122,,,,,,24.220001220703125,8.239999771118164,50,50,50,50,50,50,50,50,50,50,50,50,0,0,0,0,0,50,50
Faizabad,Afghanistan,Badakhshan,arable,37.10051,70.54587,1,2019-04-07,2019-04-23,0.5100667478718802,0.31990736189857927,0.31279077449998105,0.10853300428028173,0.3081250860321347,2.8046047954749023,,,,-8.211290827875416,-16.672695747419823,-8.461404919544403,0.7175997240887847,0.32067102156533694,13.077377543874075,34.44021946865161,0.37971871427626364,25.249717058076687,12.762346838903051,51,51,51,51,51,51,0,0,0,51,51,51,51,51,51,51,51,51,51
Chaghcharan,Afghanistan,Ghor,arable,34.51767,65.24922,1,2019-04-07,2019-04-23,,,,,,,-8.924917556274961,-15.901445813138299,-6.9765282568633324,-7.154064299732602,-18.369327849008016,-11.215263549275408,0.12065543683137016,0.06722940095138691,12.43967205235129,31.11196729192111,0.3998441822750796,20.990001678466797,5.140000343322754,0,0,0,0,0,0,51,51,51,51,51,51,51,51,51,51,51,51,51
TransNzoia,Kenya,Trans Nzoia,arable,1.02004,34.9521,1,2019-04-23,2019-05-09,0.415313336770614,0.2301613778635994,0.23585552276391958,-0.04989357100136165,0.2540635906051293,1.8993126169816,-8.988308413881356,-14.618886748637854,-5.630578334756497,-9.642567392421945,-16.85873155182253,-7.216164159400581,0.949999988079071,0.3449999988079071,13.550000190734863,43.099998474121094,0.31438516636771596,31.6299991607666,15.569999694824219,42,42,42,42,42,42,42,42,42,42,42,42,42,42,42,42,42,42,42
UasinGishu,Kenya,Uasin Gishu,arable,0.51986,35.27118,1,2019-04-23,2019-05-09,0.20244554438455464,0.12668376825411853,0.12096718189370773,-0.12387139554672681,0.12779597764194742,0.8402794798096903,-6.31860164788577,-12.02532463484849,-5.706722986962723,-3.575553546768234,-16.020768283928994,-12.44521473716076,,,,,,,16.329999923706055,41,41,41,41,41,41,41,41,41,41,41,41,0,0,0,0,0,0,41
Bungoma,Kenya,Bungoma,arable,0.56621,34.55648,1,2019-04-23,2019-05-09,0.361706756300749,0.2569404322343351,0.25046249242850593,-0.042676848417491295,0.2309914936113792,1.6330446104612402,-9.06871147658663,-17.336450325498735,-8.267738848912106,-9.254810529266445,-17.150941113082368,-7.89613058381592,0.699999988079071,0.36000001430511475,12.649999618530273,46.29999923706055,0.27321813881164514,31.195492226507756,18.08286068708477,43,43,43,43,43,43,43,43,43,43,43,43,5,5,5,5,5,43,43
Kakamega,Kenya,Kakamega,arable,0.27623,34.76076,1,2019-04-23,2019-05-09,0.7247113528590433,0.45658422776836194,0.4260167062341031,0.26471450676120434,0.5135457154004229,4.37961556440044,-6.630343404519187,-13.370922872303849,-6.740579467784664,-9.895582262443321,-16.0575263172789,-6.161944054835582,2.0500001907348633,0.5899999737739563,22.950000762939453,45.400001525878906,0.5055066077444401,30.119998931884766,,42,42,42,42,42,42,42,42,42,42,42,42,42,42,42,42,42,42,0
Narok,Kenya,Narok,arable,-1.08903,35.86838,1,2019-04-23,2019-05-09,0.3731754343622221,0.2477865813263225,0.2246335612690604,0.02990730575746753,0.2449181876395126,1.4419110711590388,-8.040749792909738,-13.87569416936898,-5.834944376459242,-8.891084125119109,-14.77485298726351,-5.883768862144406,,,,,,,14.930000305175781,43,43,43,43,43,43,43,43,43,43,43,43,0,0,0,0,0,0,43
Nakuru,Kenya,Nakuru,arable,-0.29617,36.06889,1,2019-04-23,2019-05-09,0.254702719283022,0.1332649457834208,0.13434139418462457,-0.12770298813483544,0.15951119986278425,1.1352480000680256,-7.3340852286364795,-16.950946958518877,-9.616861729882396,-8.232418093589096,-14.747756397887908,-6.515338304298814,,,,,,,13.739999771118164,43,43,43,43,43,43,43,43,43,43,43,43,0,0,0,0,0,0,43
Bomet,Kenya,Bomet,arable,-0.7818,35.35257,1,2019-04-23,2019-05-09,0.6373177530302732,0.3819644506777929,0.37237326428450823,0.146750082085255,0.4355784581897137,3.459415830526639,-9.678068029621556,-15.841445680256063,-6.163377650634509,-8.673200097648767,-14.844596241267311,-6.171396143618547,2.0999999046325684,0.6200000047683716,27.25,44.54999923706055,0.6116722888141172,27.299999237060547,,43,43,43,43,43,43,43,43,43,43,43,43,43,43,43,43,43,43,0
Machakos,Kenya,Machakos,arable,-1.52184,37.25951,1,2019-04-23,2019-05-09,0.5076387127699639,0.33734080761838037,0.3204119539665742,-0.011527023612357225,0.34236923630873695,2.59900338100452,-8.860330046258388,-16.836150411397472,-7.975820365139084,-8.270546705448995,-15.622901114562648,-7.3523544091136515,0.8500000238418579,0.3149999976158142,10.850000381469727,47.150001525878906,0.23011664963604633,,16.989999771118164,42,42,42,42,42,42,42,42,42,42,42,42,3,3,3,3,3,0,42
Kitui,Kenya,Kitui,arable,-1.37469,38.00979,1,2019-04-23,2019-05-09,,,,,,,-12.248712157588367,-17.9554427804701,-5.706730622881731,-9.83183357540535,-15.23752882060983,-5.405695245204485,0.6575953061671538,0.29247898055499444,8.221524891030093,47.08280657973525,0.1747380207327017,,18.051434690107683,0,0,0,0,0,0,42,42,42,42,42,42,42,42,42,42,42,0,42
Makueni,Kenya,Makueni,arable,-1.7978,37.62171,1,2019-04-23,2019-05-09,0.4637500011526795,0.24434069734673175,0.22025166054246606,-0.0016345107928831767,0.2958492557456862,1.4907788322498965,-12.231118855672783,-18.622981703291426,-6.391862847618645,-8.225666076136958,-13.535250458272442,-5.309584382135483,0.8500000238418579,0.28999999165534973,13.300000190734863,47.70000076293945,0.2788259953460694,,19.75,42,42,42,42,42,42,42,42,42,42,42,42,42,42,42,42,42,0,42
Embu,Kenya,Embu,arable,-0.5301,37.45517,1,2019-04-23,2019-05-09,0.2804253351983211,0.18547833128705649,0.17566307147850657,-0.02511622341166688,0.16954060492227488,1.1347861966060995,-10.205876537559913,-17.45262387681779,-7.246747339257877,-5.992416695342839,-13.611322498762492,-7.618905803419653,,,,,,,18.329999923706055,38,38,38,38,38,38,41,41,41,41,41,41,0,0,0,0,0,0,41
Meru,Kenya,Meru,arable,0.04501,37.65082,1,2019-04-23,2019-05-09,0.46872380514555306,0.28576188621390325,0.28797229602494295,0.07719122497134139,0.29451853988307314,2.2624522120153205,-11.321630835833925,-17.930384660522446,-6.608753824688522,-10.80207908183612,-16.16194744500454,-5.359868363168416,,,,,,,15.079999923706055,43,43,43,43,43,43,43,43,43,43,43,43,0,0,0,0,0,0,43
Kama,Afghanistan,Nangarhar,arable,34.41904,70.54964,1,2019-04-23,2019-05-09,0.5485848873130158,0.4450679746080684,0.38498513216917224,0.24671592663908967,0.38066144082243025,2.5856310806867002,-11.002030624543996,-16.313079604000023,-5.311048979456024,-8.32221724262127,-16.353341167648402,-8.031123925027131,1,0.4399999976158142,10.699999809265137,57.95000076293945,0.18464192697833523,29.389999389648438,17.799999237060547,51,51,51,51,51,51,51,51,51,51,51,51,51,51,51,51,51,51,51
Injil,Afghanistan,Herat,arable,34.27998,62.15003,1,2019-04-23,2019-05-09,0.5210173762308332,0.4178161684360721,0.3821702581067195,0.26833304688230963,0.3735953705468562,2.605089088561607,-13.473626095267683,-18.162739634596658,-4.689113539328977,-13.215039750717668,-18.624364268423705,-5.409324517706032,1.2600486127831754,0.5100121460432364,11.809683992951578,48.53026620379528,0.24339079514917877,24.56999969482422,11.510000228881836,50,50,50,50,50,50,50,50,50,50,50,50,50,50,50,50,50,50,50
Dawlatabad,Afghanistan,Balkh,arable,36.84988,66.85002,1,2019-04-23,2019-05-09,0.14665881783655535,0.121762393342306,0.11400311079394118,-0.04203700240661759,0.0933854449799309,0.6499496873852381,-12.884636885061385,-22.25537075953633,-9.370733874474938,-12.536573669621758,-22.787026429710888,-10.250452760089134,0.6499999761581421,0.34303755673325115,8.166384379425386,52.49112681701044,0.15556573589635164,30.10658146084156,14.725426906106714,51,51,51,51,51,51,51,51,51,51,51,51,51,51,51,51,51,51,51
Khanabad,Afghanistan,Kunduz,arable,36.64938,68.94992,1,2019-04-23,2019-05-09,0.38115741253341634,0.2993616767419549,0.28470421123157374,0.06583873630415331,0.22559821339703934,1.3781744794788733,-13.840322646069295,-19.24761242727611,-5.407289781206813,-12.900447880962995,-18.2016272265441,-5.301179345581102,0.800000011920929,0.3499999940395355,10.350000381469727,47.25,0.2190476271210524,31.979999542236328,14.329999923706055,51,51,51,51,51,51,51,51,51,51,51,51,51,51,51,51,51,51,51
NadAli,Afghanistan,Helmand,arable,31.55054,64.24993,1,2019-04-23,2019-05-09,0.12477134846484482,0.11245414598931128,0.10929081059480783,-0.017275827419579223,0.07780991613086478,0.6716167837897342,-12.90353288417076,-22.614968062443523,-9.711435178272763,-12.701252664195959,-20.753807291970325,-8.052554627774366,0.550000011920929,0.25999999046325684,3.549999952316284,66,0.05378787806539825,34.73999786376953,15.480000495910645,46,46,46,46,46,46,46,46,46,46,46,46,46,46,46,46,46,46,46
Arghandab,Afghanistan,Kandahar,arable,31.72032,65.64915,1,2019-04-23,2019-05-09,0.3922588287644202,0.29607578452037814,0.2924173331034846,0.085039289117598,0.25930298211395447,1.7437910790538866,-11.078547062698282,-17.58081062573237,-6.50226356303409,-11.255138327676862,-16.87375048972931,-5.618612162052454,,,,,,37.880001068115234,15.549999237060547,45,45,45,45,45,45,45,45,45,45,45,45,0,0,0,0,0,45,45
Shakardara,Afghanistan,Kabul,arable,34.64811,69.03023,1,2019-04-23,2019-05-09,0.12482978472362677,0.10745530397644647,0.10187067278008638,-0.07185345364857991,0.06968112464253427,0.5568756005743393,-11.403111308864627,-23.429439753991375,-12.026328445126753,-9.355280270865052,-21.63480108409518,-12.279520813230135,0.4000000059604645,0.2150000035762787,6.199999809265137,47.70000076293945,0.12997902956182406,,8.25,51,51,51,51,51,51,51,51,51,51,51,51,51,51,51,51,51,0,51
Zaranj,Afghanistan,Nimroz,arable,31.00023,61.8703,1,2019-04-23,2019-05-09,0.10765661023523178,0.10986304822561975,0.09624674326377565,-0.03866105025319627,0.06113783476407563,0.4912570981975932,-15.717028988286788,-25.163971922702864,-9.446942934416072,-15.642903558628907,-25.695130883115365,-10.052227324486461,,,,,,38.99910486016513,18.423285626116602,45,45,45,45,45,45,45,45,45,45,45,45,0,0,0,0,0,45,45
Maimana,Afghanistan,Faryab,arable,35.9212,64.78515,1,2019-04-23,2019-05-09,0.4725297176410483,0.35931707980274186,0.3397593616823813,0.11076838367240403,0.2801149285442913,2.3917432546777913,-10.080873577139995,-16.854029943842114,-6.773156366702119,-10.23492097524567,-16.62849332514462,-6.393572349898946,,,,,,,14.729999542236328,51,51,51,51,51,51,51,51,51,51,51,51,0,0,0,0,0,0,51
GhazniCity,Afghanistan,Ghazni,arable,33.55396,68.41578,1,2019-04-23,2019-05-09,0.39536186392666534,0.3331899788593442,0.2973639133887862,0.10443303593183073,0.25431524079039847,1.799701138596593,-10.803915488859483,-17.03369527584701,-6.2297797869875255,-10.306146021704427,-17.370184977663726,-7.064038955959298,,,,,,,7.860000133514404,50,50,50,50,50,50,50,50,50,50,50,50,0,0,0,0,0,0,50
Faizabad,Afghanistan,Badakhshan,arable,37.10051,70.54587,1,2019-04-23,2019-05-09,0.5887236947010368,0.4444021138232811,0.4074558230742008,0.17341684976131688,0.38021786371407285,3.233718130492354,-8.707554879381957,-15.360454121759208,-6.652899242377253,-10.090251331849398,-16.482437497078344,-6.392186165228942,0.6656441812822173,0.32567101796254966,12.184087974104168,38.63435726014444,0.31539238677142134,29.089324263810237,10.784302792584834,51,51,51,51,51,51,51,51,51,51,51,51,51,51,51,51,51,51,51
Chaghcharan,Afghanistan,Ghor,arable,34.51767,65.24922,1,2019-04-23,2019-05-09,0.23655399368736718,0.19596458428139335,0.1816192359061507,0.011202946089679583,0.1495463913824055,1.0759836240825684,-9.361764689171912,-17.000944956989226,-7.639180267817313,-7.486408672286267,-17.626054444545247,-10.139645772258978,0.20000000298023224,0.1269016798534928,7.770655513827692,44.02770476668089,0.1764994861774185,25.34000015258789,5.079999923706055,51,51,51,51,51,51,51,51,51,51,51,51,51,51,51,51,51,51,51
TransNzoia,Kenya,Trans Nzoia,arable,1.02004,34.9521,1,2019-05-09,2019-05-25,0.4732336657113425,0.28408825220623696,0.28271607919742314,-0.0017712579435442332,0.30195538521506265,2.1903525273996354,-10.584401948235495,-16.632252924645428,-6.047850976409934,-9.686824498288836,-17.339915265817815,-7.6530907675289805,1.399999976158142,0.4699999988079071,21.450000762939453,41.19999694824219,0.5206311250431931,28.479999542236328,15.270000457763672,42,42,42,42,42,42,42,42,42,42,42,42,42,42,42,42,42,42,42
UasinGishu,Kenya,Uasin Gishu,arable,0.51986,35.27118,1,2019-05-09,2019-05-25,0.2347902284124386,0.14593383420395536,0.14151135844404544,-0.1122926458829415,0.15056048190404753,1.0471432680460409,-6.481635241734561,-12.701148015779989,-6.2195127740454295,-4.354113010038109,-16.343734105589547,-11.989621095551438,,,,,,,12.34000015258789,41,41,41,41,41,41,41,41,41,41,41,41,0,0,0,0,0,0,41
Bungoma,Kenya,Bungoma,arable,0.56621,34.55648,1,2019-05-09,2019-05-25,0.37788351683576554,0.26206194024426,0.2573325528284847,-0.031559098638514534,0.24163651171479106,1.7335228569581116,-8.625353087540182,-16.331376379824388,-7.706023292284206,-8.472929710212417,-16.71449378066407,-8.241564070451652,0.699999988079071,0.36000001430511475,17.5,40.69999694824219,0.4299754622157488,26.07680370648925,19.50762043226492,43,43,43,43,43,43,43,43,43,43,43,43,5,5,5,5,5,43,43
Kakamega,Kenya,Kakamega,arable,0.27623,34.76076,1,2019-05-09,2019-05-25,0.8091941565575886,0.4852858927798345,0.4683784642904128,0.2964856114939081,0.5650780185171709,6.422629935959263,-7.017409790992203,-13.068766992054716,-6.051357201062511,-9.84826169801133,-16.265038213387733,-6.416776515376409,2.3499999046325684,0.6449999809265137,28.349998474121094,43.54999923706055,0.6509758661487087,28.93000030517578,16.790000915527344,42,42,42,42,42,42,42,42,42,42,42,42,42,42,42,42,42,42,42
Narok,Kenya,Narok,arable,-1.08903,35.86838,1,2019-05-09,2019-05-25,0.48277721306383997,0.25221249761952463,0.2493803907044379,0.0830657102809709,0.32265279290430326,2.012949158521172,-9.400878389103106,-15.59379454910764,-6.192916160004532,-9.556044955533466,-15.906319511222282,-6.350274555688815,,,,,,29.290000915527344,14.890000343322754,43,43,43,43,43,43,43,43,43,43,43,43,0,0,0,0,0,43,43
Nakuru,Kenya,Nakuru,arable,-0.29617,36.06889,1,2019-05-09,2019-05-25,0.29505480263817696,0.161572013137001,0.1601390266738245,-0.08888676876385251,0.19075348270513415,1.253768857107932,-5.786686893434527,-15.412514310809518,-9.625827417374994,-9.920719101895529,-16.661591269437228,-6.7408721675416965,,,,,,,14.149999618530273,43,43,43,43,43,43,43,43,43,43,43,43,0,0,0,0,0,0,43
Bomet,Kenya,Bomet,arable,-0.7818,35.35257,1,2019-05-09,2019-05-25,0.6865010203810615,0.43678154888567444,0.4127935813746423,0.17373231618933394,0.473090755254469,3.895418025934371,-9.569713415494732,-16.009195289798946,-6.439481874304213,-8.757703682819947,-15.016956984353554,-6.2592533015336045,2.549999952316284,0.675000011920929,29.900001525878906,46.650001525878906,0.6409432057422763,27.040000915527344,15.210000038146973,43,43,43,43,43,43,43,43,43,43,43,43,43,43,43,43,43,43,43
Machakos,Kenya,Machakos,arable,-1.52184,37.25951,1,2019-05-09,2019-05-25,,,,,,,-9.359826203621402,-17.576072118930124,-8.216245915308722,-9.742963395532776,-17.795236836361287,-8.052273440828511,1.4500000476837158,0.48500001430511475,19.100000381469727,43.44999694824219,0.43958577037926433,,15.940000534057617,0,0,0,0,0,0,42,42,42,42,42,42,3,3,3,3,3,0,42
Kitui,Kenya,Kitui,arable,-1.37469,38.00979,1,2019-05-09,2019-05-25,0.2949123724944076,0.26237917362814034,0.21780696599016355,-0.06297242378205763,0.175779275261105,0.9714312813139064,-10.335765893416555,-17.285294938916046,-6.949529045499493,-10.334126575378026,-16.97614307668177,-6.642016501303745,1.236392922532398,0.4726793741715463,11.399158884591586,43.5,0.2620496295308409,30.14392434481548,18.53484810841993,7,7,7,7,7,7,42,42,42,42,42,42,42,42,42,42,42,42,42
Makueni,Kenya,Makueni,arable,-1.7978,37.62171,1,2019-05-09,2019-05-25,,,,,,,-11.780747332536867,-16.898040924462396,-5.11729359192553,-9.274532832094655,-14.565772932094834,-5.291240100000178,1.5,0.48000001907348633,21.25,42.400001525878906,0.5011792272467261,,17.989999771118164,0,0,0,0,0,0,42,42,42,42,42,42,42,42,42,42,42,0,42
Embu,Kenya,Embu,arable,-0.5301,37.45517,1,2019-05-09,2019-05-25,0.359322804180417,0.22213785923444307,0.2167336467131022,-0.006093473499386361,0.2265383820864388,1.6714016356600316,-9.476232163822083,-17.148546067342483,-7.6723139035204,-7.691359872458544,-16.22723542473071,-8.53587555227217,,,,,,,10.880000114440918,41,41,41,41,41,41,41,41,41,41,41,41,0,0,0,0,0,0,41
Meru,Kenya,Meru,arable,0.04501,37.65082,1,2019-05-09,2019-05-25,0.22016063332557678,0.17069610953330994,0.13848567008972168,-0.08683936297893524,0.1479937732219696,0.7595847249031067,-10.49503025100918,-17.58241997428191,-7.087389723272729,-9.829496561461616,-16.057134234073086,-6.227637672611469,,,,,,,,1,1,1,1,1,1,43,43,43,43,43,43,0,0,0,0,0,0,0
Kama,Afghanistan,Nangarhar,arable,34.41904,70.54964,1,2019-05-09,2019-05-25,0.4775720794154384,0.3480489956195643,0.3248751210210295,0.16414889717959075,0.33554730638258706,2.5183895246624255,-9.847363427112553,-16.639974240099072,-6.792610812986514,-9.672166212859176,-16.772463796979427,-7.100297584120247,0.8500000238418579,0.38999998569488525,10.450000762939453,53.599998474121094,0.1949627063512861,33.349998474121094,20.229999542236328,51,51,51,51,51,51,51,51,51,51,51,51,51,51,51,51,51,51,51
Injil,Afghanistan,Herat,arable,34.27998,62.15003,1,2019-05-09,2019-05-25,0.366300163050097,0.2694207628217249,0.26046286157454623,0.12903094087999278,0.24169235406984718,1.555034097221114,-12.074917108434638,-18.365990392310007,-6.291073283875366,-13.166836338480415,-18.44406960335669,-5.277233264876285,0.7998784321633498,0.33596839689358327,8.118516998893826,56.930755479216,0.14298077470880663,29.959999084472656,16.600000381469727,50,50,50,50,50,50,50,50,50,50,50,50,50,50,50,50,50,50,50
Dawlatabad,Afghanistan,Balkh,arable,36.84988,66.85002,1,2019-05-09,2019-05-25,0.1065507644144275,0.1015943411871323,0.09079318737460826,-0.0589952913270856,0.05714111206322204,0.48481957736036696,-13.148650789047034,-23.697613406715895,-10.548962617668868,-13.80403256587383,-23.636214785939366,-9.832182220065539,0.5,0.26803753885185766,4.550515655845802,61.099998474121094,0.07447652650553131,35.93586975533864,17.75784995545186,51,51,51,51,51,51,51,51,51,51,51,51,51,51,51,51,51,51,51
Khanabad,Afghanistan,Kunduz,arable,36.64938,68.94992,1,2019-05-09,2019-05-25,0.21050600905967315,0.16790844926099624,0.17212970453264098,-0.028014385225964656,0.10813076683113643,0.9764082538318665,-13.236122306186159,-23.69169006759546,-10.455567761409295,-12.839857563743466,-19.141271804639665,-6.3014142408962,0.5,0.23000000417232513,6.099999904632568,56.44999694824219,0.1080602344447517,40.86000061035156,18.080001831054688,51,51,51,51,51,51,51,51,51,51,51,51,51,51,51,51,51,51,51
NadAli,Afghanistan,Helmand,arable,31.55054,64.24993,1,2019-05-09,2019-05-25,0.14525295963216184,0.1316873438447269,0.12722637782790766,-0.022054371233251116,0.08019672146539635,0.7097850367773826,-13.21656996359754,-20.686414992489034,-7.469845028891491,-13.257937045595538,-21.916232517071624,-8.658295471476086,0.30000001192092896,0.15000000596046448,1.2999999523162842,67.5,0.01925925855283384,41.27000045776367,18.65999984741211,46,46,46,46,46,46,46,46,46,46,46,46,46,46,46,46,46,46,46
Arghandab,Afghanistan,Kandahar,arable,31.72032,65.64915,1,2019-05-09,2019-05-25,0.2037915191717998,0.1700499622417791,0.16459797732607476,-0.010962905085156927,0.12459502314881729,0.9539696889527004,-11.21284806815004,-18.059435911347894,-6.8465878431978515,-11.289427829075667,-18.81911702623643,-7.529689197160766,,,,,,43.44000244140625,18.68000030517578,45,45,45,45,45,45,45,45,45,45,45,45,0,0,0,0,0,45,45
Shakardara,Afghanistan,Kabul,arable,34.64811,69.03023,1,2019-05-09,2019-05-25,0.10900491307723074,0.09597785128210737,0.09118350940753817,-0.07585238938072228,0.04957529481639951,0.5244744066649278,-7.06212494564331,-22.072397663215387,-15.01027271757208,-8.209939626149552,-21.402931525370565,-13.192991899221017,0.5,0.24500000476837158,8.350000381469727,42.79999923706055,0.19509347033444469,,10.520000457763672,51,51,51,51,51,51,51,51,51,51,51,51,51,51,51,51,51,0,51
Zaranj,Afghanistan,Nimroz,arable,31.00023,61.8703,1,2019-05-09,2019-05-25,0.11062565834290335,0.11637605322355328,0.09935244962992736,-0.0397833258457299,0.06108000645480661,0.45830084447022545,-15.986790285355594,-24.268186341275854,-8.28139605592026,-14.179860983162923,-23.794436175291157,-9.614575192128239,,,,,,41.818749069738,21.64818853396164,45,45,45,45,45,45,45,45,45,45,45,45,0,0,0,0,0,45,45
Maimana,Afghanistan,Faryab,arable,35.9212,64.78515,1,2019-05-09,2019-05-25,0.4119041360349129,0.36092562871796713,0.3171420689271931,0.0994485222443532,0.26503110686895126,1.6827016705709463,-9.84628426215712,-15.93257384504212,-6.086289582885004,-9.90529792197619,-16.423478153362506,-6.518180231386316,,,,,,,19.170000076293945,51,51,51,51,51,51,51,51,51,51,51,51,0,0,0,0,0,0,51
GhazniCity,Afghanistan,Ghazni,arable,33.55396,68.41578,1,2019-05-09,2019-05-25,0.4782362775094127,0.42262864577775794,0.374541621037099,0.16063901383814944,0.31425501293029034,3.323101809071719,-10.183408527703335,-17.422537222135738,-7.239128694432408,-8.728301141513723,-16.35034987504434,-7.622048733530617,,,,,,32.90999984741211,10,50,50,50,50,50,50,50,50,50,50,50,50,0,0,0,0,0,50,50
Faizabad,Afghanistan,Badakhshan,arable,37.10051,70.54587,1,2019-05-09,2019-05-25,0.6021760783357745,0.46353892847297845,0.42008175795565017,0.21670812767563905,0.40152180716620167,2.878243472925417,-9.344004623955732,-14.615902139376177,-5.271897515420448,-9.393808725066977,-15.751746358412149,-6.357937633345174,0.9136886573900844,0.3693021667617728,12.737155707565304,39.25782198367245,0.3244445666649208,29.94502269362509,12.827821827691446,51,51,51,51,51,51,51,51,51,51,51,51,51,51,51,51,51,51,51
Chaghcharan,Afghanistan,Ghor,arable,34.51767,65.24922,1,2019-05-09,2019-05-25,0.22485306360856636,0.2066439268575366,0.1847456713810394,-0.000330104335861839,0.13383524612704809,0.9978977524959789,-8.178497580906381,-14.786913298526093,-6.608415717619713,-5.751304574831785,-17.331302292870223,-11.579997718038438,0.20000000298023224,0.11706553924697224,7.910327753788489,45.62065359397763,0.17339330791461588,32.52000045776367,9.34000015258789,51,51,51,51,51,51,51,51,51,51,51,51,51,51,51,51,51,51,51
TransNzoia,Kenya,Trans Nzoia,arable,1.02004,34.9521,1,2019-05-25,2019-06-10,0.6151784258046826,0.38908118904138084,0.3671503378988783,0.1335842610035883,0.40122945308935887,2.797706524987659,-8.168090310532417,-15.318061554378458,-7.149971243846043,-9.051408535028253,-16.164633004788328,-7.113224469760076,2.049999952316284,0.5799999833106995,23.549999237060547,43,0.5476744008618731,24.270000457763672,,42,42,42,42,42,42,42,42,42,42,42,42,42,42,42,42,42,42,0
UasinGishu,Kenya,Uasin Gishu,arable,0.51986,35.27118,1,2019-05-25,2019-06-10,0.2612388125770087,0.16868391232418872,0.15859362388495882,-0.0854706363800121,0.16895972728395017,1.1610554960522923,-8.150684161839754,-12.830573180293586,-4.679889018453832,-3.0425609413601236,-15.999965079262386,-12.957404137902268,,,,,,29.729999542236328,14.289999961853027,41,41,41,41,41,41,41,41,41,41,41,41,0,0,0,0,0,41,41
Bungoma,Kenya,Bungoma,arable,0.56621,34.55648,1,2019-05-25,2019-06-10,0.3904646028692102,0.28453538867148304,0.26831908278746797,-0.026202384028027388,0.2507595003497041,1.785418569055904,-9.733639226402742,-16.382668998279858,-6.649029771877112,-9.182964962566325,-16.062003499507576,-6.879038536941246,0.800000011920929,0.4150000214576721,19.200000762939453,42.25,0.45443788788022377,26.35050440242263,17.625239567532773,43,43,43,43,43,43,43,43,43,43,43,43,5,5,5,5,5,43,43
Kakamega,Kenya,Kakamega,arable,0.27623,34.76076,1,2019-05-25,2019-06-10,,,,,,,-6.329808113419957,-11.763907702915336,-5.434099589495382,-9.441564366421893,-16.00271870523291,-6.5611543388110105,1.5,0.5699999928474426,25.599998474121094,43.54999923706055,0.5878300556280099,28.469999313354492,15.65999984741211,0,0,0,0,0,0,42,42,42,42,42,42,42,42,42,42,42,42,42
Narok,Kenya,Narok,arable,-1.08903,35.86838,1,2019-05-25,2019-06-10,0.5836288235045262,0.31721838991261947,0.2983637792750356,0.15548590303606488,0.389886088067117,2.4750841127956167,-8.321161187651914,-14.205018472330863,-5.88385728467895,-8.556817073383858,-15.359204129455371,-6.802387056071512,,,,,,,10.729999542236328,43,43,43,43,43,43,43,43,43,43,43,43,0,0,0,0,0,0,43
Nakuru,Kenya,Nakuru,arable,-0.29617,36.06889,1,2019-05-25,2019-06-10,0.3236569609040802,0.19511323030552405,0.18282933620710415,-0.06659090110365294,0.21346049260464012,1.2401604892736662,-3.4352698400345116,-15.08589581598379,-11.650625975949277,-7.812830599788689,-14.306707259684273,-6.4938766598955855,,,,,,,10.850000381469727,43,43,43,43,43,43,43,43,43,43,43,43,0,0,0,0,0,0,43
Bomet,Kenya,Bomet,arable,-0.7818,35.35257,1,2019-05-25,2019-06-10,0.6539219587507616,0.47889085433279377,0.446164808406644,0.15757278308443234,0.42947269083848366,3.256867034982817,-9.548707375997585,-15.724894030142606,-6.176186654145016,-9.501427581950177,-14.98873228301681,-5.487304701066636,2.549999952316284,0.6649999618530273,24.599998474121094,35.80000305175781,0.6871507367905996,27.75,,35,35,35,35,35,35,43,43,43,43,43,43,43,43,43,43,43,43,0
Machakos,Kenya,Machakos,arable,-1.52184,37.25951,1,2019-05-25,2019-06-10,,,,,,,-8.868651771411843,-15.291601802120692,-6.422950030708847,-9.792502586447561,-17.49647562884483,-7.703973042397273,1,0.33000001311302185,18.75,39.5,0.47468354430379744,27.670000076293945,12.270000457763672,0,0,0,0,0,0,42,42,42,42,42,42,3,3,3,3,3,42,42
Kitui,Kenya,Kitui,arable,-1.37469,38.00979,1,2019-05-25,2019-06-10,,,,,,,-10.2538330081867,-16.82455081362361,-6.570717805436908,-10.883132992370781,-17.458910084091492,-6.575777091720716,0.9712023588373522,0.4069618896451766,13.84715534993886,42.25200697552462,0.32779167936246095,,17.9146415754284,0,0,0,0,0,0,42,42,42,42,42,42,42,42,42,42,42,0,42
Makueni,Kenya,Makueni,arable,-1.7978,37.62171,1,2019-05-25,2019-06-10,,,,,,,-11.580975195044864,-17.78541594214318,-6.2044407470983165,-10.383010558034565,-15.740561274728645,-5.35755071669408,1.399999976158142,0.5799999833106995,22.299999237060547,40.150001525878906,0.5554171454436174,,13.390000343322754,0,0,0,0,0,0,42,42,42,42,42,42,42,42,42,42,42,0,42
Embu,Kenya,Embu,arable,-0.5301,37.45517,1,2019-05-25,2019-06-10,,,,,,,-8.500210620954586,-16.221680409470345,-7.721469788515752,-6.755875478927305,-15.66477091806483,-8.908895439137527,,,,,,29.010000228881836,,0,0,0,0,0,0,41,41,41,41,41,41,0,0,0,0,0,41,0
Meru,Kenya,Meru,arable,0.04501,37.65082,1,2019-05-25,2019-06-10,0.39508226575698185,0.35589372680088277,0.3046319946113207,0.09768597156633875,0.2631117014913077,1.5389658357187244,-9.758790532747904,-16.542008550487253,-6.783218017739343,-9.23228473666004,-16.691538510618006,-7.4592537739579665,,,,,,,16.149999618530273,16,16,16,16,16,16,43,43,43,43,43,43,0,0,0,0,0,0,43
Kama,Afghanistan,Nangarhar,arable,34.41904,70.54964,1,2019-05-25,2019-06-10,0.5046337854707172,0.38304541346826987,0.35957754717913654,0.15571454467068854,0.3562023164788422,2.7460333458054262,-10.250811338149056,-17.04263182623538,-6.7918204880863255,-9.028849580026083,-17.4484772808979,-8.41962770087181,0.8500000238418579,0.3700000047683716,9,70.55000305175781,0.12756909441091452,38.5,21.619998931884766,51,51,51,51,51,51,51,51,51,51,51,51,51,51,51,51,51,51,51
Injil,Afghanistan,Herat,arable,34.27998,62.15003,1,2019-05-25,2019-06-10,0.21969005905400552,0.16644734834670386,0.16180990146601143,0.007025974782315679,0.1382530449753104,1.0374799577256655,-13.013366396489532,-20.882122327950736,-7.868755931461208,-12.928571101222,-20.14521654724771,-7.216645446025711,0.7200972614160813,0.3260291963091159,7.081847955187483,64.29915063075927,0.1105423733651372,33.33000183105469,18.950000762939453,50,50,50,50,50,50,50,50,50,50,50,50,50,50,50,50,50,50,50
Dawlatabad,Afghanistan,Balkh,arable,36.84988,66.85002,1,2019-05-25,2019-06-10,0.10671720120287397,0.09713988400862085,0.08714870729487836,-0.07056198713417695,0.06579867366517604,0.5027957411424459,-11.48545066150314,-21.08358578959922,-9.598135128096075,-11.846516735671345,-22.02510036844843,-10.178583632777087,0.3303755797011434,0.19822534419963708,2.416384566578629,68.5284965027608,0.03526971616902281,38.81177491885129,18.34542699672716,51,51,51,51,51,51,51,51,51,51,51,51,51,51,51,51,51,51,51
Khanabad,Afghanistan,Kunduz,arable,36.64938,68.94992,1,2019-05-25,2019-06-10,0.11179139432076757,0.08811524153985908,0.08996948716128558,-0.08288819854445326,0.047902077407536436,0.6997347454924963,-14.324417998211253,-26.685148679128094,-12.360730680916847,-11.72960360596438,-19.523255002497287,-7.793651396532907,0.25,0.12999999523162842,2.0999999046325684,67.4000015258789,0.03115726790935238,40.31999969482422,16.93000030517578,51,51,51,51,51,51,51,51,51,51,51,51,51,51,51,51,51,51,51
NadAli,Afghanistan,Helmand,arable,31.55054,64.24993,1,2019-05-25,2019-06-10,0.1438410726429811,0.12687849760322428,0.12425819028580366,-0.03588356913360697,0.08511069254599402,0.7439375483100094,-13.249153135840572,-21.485701422164684,-8.236548286324116,-13.210182103399019,-23.811083361497563,-10.600901258098547,0.30000001192092896,0.17500001192092896,0.7999999523162842,77.10000610351562,0.010376133449875377,45.349998474121094,23.459999084472656,46,46,46,46,46,46,46,46,46,46,46,46,46,46,46,46,46,46,46
Arghandab,Afghanistan,Kandahar,arable,31.72032,65.64915,1,2019-05-25,2019-06-10,0.21003072538847975,0.17659457105853393,0.16889904234476227,-0.005179098599439337,0.1338826109975111,0.957919718709873,-10.368707245188471,-18.722118562670865,-8.353411317482388,-10.56634392483249,-17.83684108715496,-7.270497162322469,,,,,,47.209999084472656,21.849998474121094,45,45,45,45,45,45,45,45,45,45,45,45,0,0,0,0,0,45,45
Shakardara,Afghanistan,Kabul,arable,34.64811,69.03023,1,2019-05-25,2019-06-10,0.09872340465141648,0.09011229241701642,0.08329235288440666,-0.0715284124021056,0.05044364482679698,0.4759512062375071,-12.083044341029623,-24.80142645800148,-12.718382116971853,-12.097785067269712,-24.967783009861662,-12.869997942591949,0.6000000238418579,0.2849999964237213,5.649999618530273,53.20000076293945,0.10620299882525969,,11.770000457763672,51,51,51,51,51,51,51,51,51,51,51,51,51,51,51,51,51,0,51
Zaranj,Afghanistan,Nimroz,arable,31.00023,61.8703,1,2019-05-25,2019-06-10,0.13423894623255545,0.1405704747254591,0.11941724839979798,-0.02632154778717432,0.08028680163317291,0.5284502194273105,-15.137140437957042,-22.7226952672606,-7.585554829303557,-14.423589374249923,-23.66252188896749,-9.238932514717568,,,,,,42.499136806307504,25.59643134250681,45,45,45,45,45,45,45,45,45,45,45,45,0,0,0,0,0,45,45
Maimana,Afghanistan,Faryab,arable,35.9212,64.78515,1,2019-05-25,2019-06-10,0.41141897645982584,0.360626134506172,0.32377707251544896,0.08127106659033624,0.2560557483397547,1.801613121720945,-10.002483873757955,-16.81069004831906,-6.808206174561106,-10.41520036634408,-16.567401830581673,-6.152201464237588,,,,,,,19.760000228881836,51,51,51,51,51,51,51,51,51,51,51,51,0,0,0,0,0,0,51
GhazniCity,Afghanistan,Ghazni,arable,33.55396,68.41578,1,2019-05-25,2019-06-10,0.4131061085706444,0.3514674922450506,0.3195692820953868,0.10165483387538675,0.2748362163944358,2.1675502833175577,-10.409516256038113,-16.77672442115951,-6.367208165121391,-9.402387871510067,-16.772746752378595,-7.370358880868528,,,,,,,14.309999465942383,50,50,50,50,50,50,50,50,50,50,50,50,0,0,0,0,0,0,50
Faizabad,Afghanistan,Badakhshan,arable,37.10051,70.54587,1,2019-05-25,2019-06-10,0.7028532088292432,0.5825970995984326,0.5167222479952556,0.27195335447048086,0.4727398086477024,4.285097746545875,-8.484199689052428,-14.854722682344589,-6.370522993292165,-11.337262958637867,-18.675727919155374,-7.338464960517505,0.8636887050738001,0.3600843858553693,13.502799019625446,46.30195839848114,0.2916236235129676,30.232400238347438,14.51312906710925,51,51,51,51,51,51,51,51,51,51,51,51,51,51,51,51,51,51,51
Chaghcharan,Afghanistan,Ghor,arable,34.51767,65.24922,1,2019-05-25,2019-06-10,0.1920939919489575,0.17367300262750773,0.15800657260285192,-0.030085312740426123,0.10394417025859666,0.7623970722326112,-8.22518168861971,-15.667791691438282,-7.4426100028185695,-6.674727931972907,-17.32062725676363,-10.645899324790722,0.2793445750407249,0.14586891673768385,4.600000381469727,50.12229675919801,0.0917762610557545,31,11.789999961853027,51,51,51,51,51,51,51,51,51,51,51,51,51,51,51,51,51,51,51
TransNzoia,Kenya,Trans Nzoia,arable,1.02004,34.9521,1,2019-06-10,2019-06-26,0.648224488239017,0.45908328504071916,0.4138092270513555,0.1995856347997598,0.45096184312462023,3.160869434592836,-9.89480985727813,-14.847571330621106,-4.952761473342976,-8.899747535051787,-15.036524054715454,-6.136776519663665,2.6500000953674316,0.699999988079071,27.5,39.650001525878906,0.6935686996645183,23.029998779296875,14.360000610351562,42,42,42,42,42,42,42,42,42,42,42,42,42,42,42,42,42,42,42
UasinGishu,Kenya,Uasin Gishu,arable,0.51986,35.27118,1,2019-06-10,2019-06-26,0.25909287819585736,0.18236977097247767,0.15762525571208327,-0.05874803751464851,0.17090651889352781,0.9701474321058082,-6.210667533049877,-12.244685149708202,-6.03401761665833,-2.4054053365190273,-14.898786869484749,-12.49338153296572,,,,,,28.049999237060547,13.629999160766602,41,41,41,41,41,41,40,40,40,41,41,41,0,0,0,0,0,41,41
Bungoma,Kenya,Bungoma,arable,0.56621,34.55648,1,2019-06-10,2019-06-26,0.3790750048444193,0.27301015243619925,0.24443609137359829,0.01846912046814077,0.25437857607331477,1.4696534598649682,-9.733046486533098,-16.803887385426496,-7.070840898893395,-9.534530349887165,-15.79225935411353,-6.257729004226372,0.8999999761581421,0.4699999988079071,21.149999618530273,34.20000076293945,0.6184210276816513,27.522234741456877,16.69158520822184,27,27,27,27,27,27,43,43,43,43,43,43,5,5,5,5,5,43,43
Kakamega,Kenya,Kakamega,arable,0.27623,34.76076,1,2019-06-10,2019-06-26,0.7629706823254513,0.4991035842933931,0.453853265762396,0.31397743219657986,0.5438298753884543,4.807149649401418,-7.454229545566534,-12.892864230769632,-5.4386346852031,-10.456767937126719,-16.517556361152455,-6.060788424025738,2.4000000953674316,0.6700000166893005,25.25,37,0.6824324324324325,26.389999389648438,16.270000457763672,42,42,42,42,42,42,42,42,42,42,42,42,42,42,42,42,42,42,42
Narok,Kenya,Narok,arable,-1.08903,35.86838,1,2019-06-10,2019-06-26,0.4262992385497962,0.34014873720582783,0.2953769396878285,0.06009590376576154,0.2962583605515856,1.5795386595604364,-8.674482754823424,-15.81884798420496,-7.144365229381535,-8.158344594382626,-14.275849599901045,-6.117505005518419,,,,,,,12.84000015258789,29,29,29,29,29,29,43,43,43,43,43,43,0,0,0,0,0,0,43
Nakuru,Kenya,Nakuru,arable,-0.29617,36.06889,1,2019-06-10,2019-06-26,0.464071763950401,0.29012242605936345,0.27009886247556286,0.08614406058092723,0.3145385370136794,1.8633981120537932,-5.4511417743536095,-15.027349918671339,-9.57620814431773,-7.227565654501516,-13.154894869100959,-5.927329214599441,,,,,,,14.850000381469727,43,43,43,43,43,43,43,43,43,43,43,43,0,0,0,0,0,0,43
Bomet,Kenya,Bomet,arable,-0.7818,35.35257,1,2019-06-10,2019-06-26,,,,,,,-9.888716178618699,-16.921148258869522,-7.032432080250817,-7.810851320087619,-13.950682219309495,-6.139830899221881,1.5499999523162842,0.48500001430511475,25.200000762939453,36.04999923706055,0.6990291621707734,24.290000915527344,14.380000114440918,0,0,0,0,0,0,43,43,43,43,43,43,43,43,43,43,43,43,43
Machakos,Kenya,Machakos,arable,-1.52184,37.25951,1,2019-06-10,2019-06-26,0.6613960134882889,0.40246742856101836,0.37602008733929715,0.12326919539435051,0.47978561400365444,3.631122141558917,-8.93417770889293,-16.692952722260934,-7.758775013368004,-10.724817396813084,-17.738829367902095,-7.014011971089019,1.7000000476837158,0.5349999666213989,17.25,40.04999923706055,0.4307116186918074,31.309999465942383,15.350000381469727,42,42,42,42,42,42,42,42,42,42,42,42,3,3,3,3,3,42,42
Kitui,Kenya,Kitui,arable,-1.37469,38.00979,1,2019-06-10,2019-06-26,0.4714294428532033,0.331152117568916,0.31168867295791686,-0.0016153454998531075,0.305578547352382,2.1751751555756336,-10.46623371848878,-17.007376577822075,-6.5411428593332985,-11.751634970374171,-18.11742689016154,-6.365791919787368,1.086392946374256,0.44631866895230365,15.354330303423076,43.556008719542646,0.3528114539090274,31.651117551487125,17.785675166433705,42,42,42,42,42,42,42,42,42,42,42,42,42,42,42,42,42,42,42
Makueni,Kenya,Makueni,arable,-1.7978,37.62171,1,2019-06-10,2019-06-26,0.5199872742358228,0.3416211534678753,0.3349298663702491,-0.020603899378884034,0.3405816316516937,2.487873404191035,-12.020575543617664,-17.88258071412022,-5.862005170502561,-10.6056015552944,-16.754094654253198,-6.148493098958798,2.4000000953674316,0.6600000262260437,17.649999618530273,40.150001525878906,0.4396014681880863,29.739999771118164,17.56999969482422,42,42,42,42,42,42,42,42,42,42,42,42,42,42,42,42,42,42,42
Embu,Kenya,Embu,arable,-0.5301,37.45517,1,2019-06-10,2019-06-26,0.46357538901855083,0.3062998881038705,0.27512041689598116,0.06500188940324016,0.3223888220450024,2.015591834472794,-8.818403296541128,-15.51396023199908,-6.695556935457952,-8.93495206176792,-16.47625657913146,-7.54130451736354,,,,,,26.209999084472656,16.489999771118164,41,41,41,41,41,41,41,41,41,41,41,41,0,0,0,0,0,41,41
Meru,Kenya,Meru,arable,0.04501,37.65082,1,2019-06-10,2019-06-26,0.413549669957943,0.2562950112892694,0.25857834009762276,0.052559511374061056,0.2727945691456573,1.981371703337046,-10.442841229533695,-17.522644442271414,-7.079803212737717,-11.1021680704913,-17.13306477546425,-6.0308967049729425,,,,,,27.290000915527344,14.299999237060547,43,43,43,43,43,43,43,43,43,43,43,43,0,0,0,0,0,43,43
Kama,Afghanistan,Nangarhar,arable,34.41904,70.54964,1,2019-06-10,2019-06-26,0.44286288048749006,0.34249786220103323,0.31054771928170505,0.17468142675784964,0.3198923718653661,2.0022060821166616,-10.352634371002285,-15.911427355860004,-5.558792984857725,-8.888941720675868,-15.968036076209444,-7.079094355533575,0.6000000238418579,0.2849999964237213,5.350000381469727,73.25,0.07303754786989387,36.12999725341797,22.639999389648438,51,51,51,51,51,51,51,51,51,51,51,51,51,51,51,51,51,51,51
Injil,Afghanistan,Herat,arable,34.27998,62.15003,1,2019-06-10,2019-06-26,0.13869426689885034,0.12832561831185602,0.11946038516080058,-0.02252146367444677,0.08535064124631836,0.6977964026780559,-12.546553640902168,-21.881873126823777,-9.33531948592161,-13.568795368113323,-24.760433483852445,-11.191638115739126,0.5800243302624267,0.2710048422048313,5.260656440277345,69.379659946386,0.07587304105766166,37.47999954223633,19.81999969482422,50,50,50,50,50,50,50,50,50,50,50,50,50,50,50,50,50,50,50
Dawlatabad,Afghanistan,Balkh,arable,36.84988,66.85002,1,2019-06-10,2019-06-26,0.1668231814882546,0.14682085566773936,0.13385127553874998,-0.03407264818766805,0.10056291319254465,0.6496129540885242,-11.379492239299909,-22.961234654011736,-11.581742414711831,-13.369959956648104,-21.089550453237347,-7.719590496589249,0.30000001192092896,0.18715022454881877,1.8803755554115822,72.66075166266059,0.02587862016999633,43.14392511598731,19.939998626708984,51,51,51,51,51,51,51,51,51,51,51,51,51,51,51,51,51,51,51
Khanabad,Afghanistan,Kunduz,arable,36.64938,68.94992,1,2019-06-10,2019-06-26,0.09675077879815011,0.08214361586046223,0.08063059275547306,-0.12230926678850014,0.04628970373906686,0.5867980264555469,-14.869523971398012,-27.740485677353348,-12.870961705955338,-15.69362930537691,-27.115711685831105,-11.422082380454192,0.20000000298023224,0.11999999731779099,0.75,76.25,0.009836065573770493,47.34000015258789,20.010000228881836,51,51,51,51,51,51,51,51,51,51,51,51,51,51,51,51,51,51,51
NadAli,Afghanistan,Helmand,arable,31.55054,64.24993,1,2019-06-10,2019-06-26,0.16437709125387132,0.1485846877658545,0.1442161153296926,-0.013848490166797565,0.1024299299783671,0.8112883690150817,-12.654640758457468,-21.49975451068024,-8.845113752222774,-12.048186267852781,-21.621137433863396,-9.572951166010617,0.3500000238418579,0.18000000715255737,0.20000000298023224,79.85000610351562,0.0025046961514437085,46.52000045776367,24.75,46,46,46,46,46,46,46,46,46,46,46,46,46,46,46,46,46,46,46
Arghandab,Afghanistan,Kandahar,arable,31.72032,65.64915,1,2019-06-10,2019-06-26,0.19415731672506056,0.16202934159292837,0.1549058035486548,-0.01065311343330336,0.12491534167764638,0.8821509606886799,-11.101403227810296,-19.24346810075788,-8.14206487294759,-10.510414229322212,-17.94016612932506,-7.429751900002851,,,,,,48.52000045776367,22.889999389648438,45,45,45,45,45,45,45,45,45,45,45,45,0,0,0,0,0,45,45
Shakardara,Afghanistan,Kabul,arable,34.64811,69.03023,1,2019-06-10,2019-06-26,0.10809856357938617,0.09615368289631449,0.0903537113925909,-0.06469277997052979,0.05564530172506052,0.5106222002238291,-11.850593625599092,-25.016230047484296,-13.165636421885198,-12.243036135472893,-23.892795849670932,-11.649759714198042,0.6499999761581421,0.30000001192092896,5.699999809265137,59,0.09661016625873113,,13.880000114440918,51,51,51,51,51,51,51,51,51,51,51,51,51,51,51,51,51,0,51
Zaranj,Afghanistan,Nimroz,arable,31.00023,61.8703,1,2019-06-10,2019-06-26,0.11883971355130629,0.13001062161996763,0.10885752246066581,-0.012145678919122068,0.07578206689141953,0.49721627247725825,-14.598666703102536,-24.133785770342026,-9.5351190672395,-15.265909382909241,-23.688936080721856,-8.423026697812617,,,,,,43.709413178402905,26.537720640147214,45,45,45,45,45,45,45,45,45,45,45,45,0,0,0,0,0,45,45
Maimana,Afghanistan,Faryab,arable,35.9212,64.78515,1,2019-06-10,2019-06-26,0.3674947023273367,0.31346313282466975,0.28441286132349997,0.05588485860171951,0.23853451211982313,1.6624537084459194,-10.373365477320963,-16.40627983530006,-6.0329143579791005,-10.742383923633918,-17.61569270786817,-6.873308784234244,,,,,,,21.209999084472656,51,51,51,51,51,51,51,51,51,51,51,51,0,0,0,0,0,0,51
GhazniCity,Afghanistan,Ghazni,arable,33.55396,68.41578,1,2019-06-10,2019-06-26,0.3967960773141151,0.32741045628033566,0.30029454998043875,0.08362828016013388,0.25474403202159623,1.78918224897119,-9.907920108839262,-16.443844780750442,-6.535924671911179,-10.39431463044514,-16.773829797894415,-6.379515167449273,,,,,,,15.369999885559082,50,50,50,50,50,50,50,50,50,50,50,50,0,0,0,0,0,0,50
Faizabad,Afghanistan,Badakhshan,arable,37.10051,70.54587,1,2019-06-10,2019-06-26,0.6052160036755029,0.4802821640436017,0.4280266457337523,0.20009290427458656,0.4098919471556187,3.182845426306456,-9.423709295837423,-14.718775031046837,-5.295065735209413,-9.825919138891011,-16.67635415900232,-6.850435020111304,0.6215108099670061,0.2766487691532714,7.519019053147241,59.433512094420735,0.1266194630106252,35.86697834043452,16.535528388232784,51,51,51,51,51,51,51,51,51,51,51,51,51,51,51,51,51,51,51
Chaghcharan,Afghanistan,Ghor,arable,34.51767,65.24922,1,2019-06-10,2019-06-26,0.19887087406204118,0.18458002554491315,0.16290215934982907,-0.004999013907007322,0.11770494198549114,0.8833975395776233,-8.8084985965013,-14.831052573371531,-6.022553976870233,-5.486719014083962,-16.972204785794876,-11.485485771710914,0.20000000298023224,0.12896722446488307,2,57.96032832286771,0.03450636498563564,36.66999816894531,13.34000015258789,51,51,51,51,51,51,51,51,51,51,51,51,51,51,51,51,51,51,51
TransNzoia,Kenya,Trans Nzoia,arable,1.02004,34.9521,1,2019-06-26,2019-07-12,0.637656348485984,0.38831381470532955,0.36515953186314737,0.21264332614269008,0.45444223430057806,3.2823218081497294,-8.706652395727923,-15.355901524491378,-6.64924912876345,-8.263507417231933,-15.170519522888247,-6.907012105656312,2.6500000953674316,0.6699999570846558,29,42.55000305175781,0.6815510674517322,22.959999084472656,12.870000839233398,42,42,42,42,42,42,42,42,42,42,42,42,42,42,42,42,42,42,42
UasinGishu,Kenya,Uasin Gishu,arable,0.51986,35.27118,1,2019-06-26,2019-07-12,0.27167226196446304,0.19021003799055683,0.17214820851966525,-0.07010771746382029,0.17477808672346953,1.098066697644713,-7.078556157725112,-12.516397909248532,-5.437841751523418,,,,,,,,,,13.380000114440918,41,41,41,41,41,41,41,41,41,0,0,0,0,0,0,0,0,0,41
Bungoma,Kenya,Bungoma,arable,0.56621,34.55648,1,2019-06-26,2019-07-12,0.4017902318108892,0.279378669480803,0.27374672922707144,-0.027868890332889546,0.25742847857436857,1.892714741097185,-9.277762057452078,-15.85265269222674,-6.574890634774662,-9.695389107180878,-16.94490077560735,-7.249511668426473,0.699999988079071,0.4000000059604645,19.200000762939453,35.099998474121094,0.5470085925244538,29.39016803241562,17.190960560232597,43,43,43,43,43,43,43,43,43,43,43,43,5,5,5,5,5,43,43
Kakamega,Kenya,Kakamega,arable,0.27623,34.76076,1,2019-06-26,2019-07-12,0.7925320532707488,0.4708186817697913,0.44834309160258334,0.3060921141598479,0.5678259665898209,6.085575569805277,-7.216540442854835,-12.550715555123684,-5.33417511226885,-9.816245566569105,-15.545195655170582,-5.728950088601477,2.5999999046325684,0.699999988079071,25.600000381469727,39.04999923706055,0.6555698049072931,26.59000015258789,16.290000915527344,42,42,42,42,42,42,42,42,42,42,42,42,42,42,42,42,42,42,42
Narok,Kenya,Narok,arable,-1.08903,35.86838,1,2019-06-26,2019-07-12,0.35413179874693584,0.2096723258290269,0.18462019902440388,0.043099320707244614,0.24636285198391034,1.1584807389646496,-9.339977558294688,-15.154086278089041,-5.814108719794351,,,,,,,,,,14.039999961853027,6,6,6,6,6,6,43,43,43,0,0,0,0,0,0,0,0,0,43
Nakuru,Kenya,Nakuru,arable,-0.29617,36.06889,1,2019-06-26,2019-07-12,0.4862614194401714,0.3054570124599742,0.2868248640014188,0.1004489466755144,0.3396531429965773,2.1140532571460002,-5.119594904348434,-15.85760829600427,-10.738013391655835,,,,,,,,,,14.5600004196167,43,43,43,43,43,43,43,43,43,0,0,0,0,0,0,0,0,0,43
Bomet,Kenya,Bomet,arable,-0.7818,35.35257,1,2019-06-26,2019-07-12,0.7424471233053149,0.4830829965458438,0.4505197876553981,0.23867972823148356,0.5025522119069985,4.136829109766638,-9.10185451480836,-16.11615407832787,-7.014299563519505,,,,2.5,0.6800000071525574,29.799999237060547,42.05000305175781,0.7086800731115481,24.270000457763672,13.270000457763672,43,43,43,43,43,43,43,43,43,0,0,0,43,43,43,43,43,43,43
Machakos,Kenya,Machakos,arable,-1.52184,37.25951,1,2019-06-26,2019-07-12,0.4524336949241263,0.3842665165391456,0.3227428247259945,0.07322042833680106,0.3195106684744191,1.824352756368012,-10.269955141136963,-17.340415259235716,-7.070460118098752,-10.674346415535744,-18.855213903913317,-8.180867488377569,1.25,0.4399999976158142,12.649999618530273,46.400001525878906,0.2726292931579954,27.06999969482422,15.329999923706055,42,42,42,42,42,42,42,42,42,42,42,42,3,3,3,3,3,42,42
Kitui,Kenya,Kitui,arable,-1.37469,38.00979,1,2019-06-26,2019-07-12,0.4944533536000927,0.1990568901683176,0.20113588462904547,0.0594583462773217,0.3269272755453553,2.0670794529526795,-10.053489820438648,-15.88131086521619,-5.827821044777541,-11.057020741727857,-17.80045927546484,-6.743438533736985,0.986392922532398,0.43767937774782484,11.791465645413762,49.09040013770886,0.24022658485738796,29.320884922694738,17.716961493406593,29,29,29,29,29,29,42,42,42,42,42,42,42,42,42,42,42,42,42
Makueni,Kenya,Makueni,arable,-1.7978,37.62171,1,2019-06-26,2019-07-12,,,,,,,-11.891626771006079,-17.780755447452897,-5.8891286764468225,-11.78539357455247,-17.853542816876097,-6.068149242323633,1.25,0.4699999988079071,12.899999618530273,45.25,0.2850828644979066,28.760000228881836,18.030000686645508,0,0,0,0,0,0,42,42,42,42,42,42,42,42,42,42,42,42,42
Embu,Kenya,Embu,arable,-0.5301,37.45517,1,2019-06-26,2019-07-12,,,,,,,-10.936886956515693,-17.150029419215773,-6.213142462700075,-6.57946877232683,-15.189089068481861,-8.609620296155036,,,,,,27.25,,0,0,0,0,0,0,41,41,41,41,41,41,0,0,0,0,0,41,0
Meru,Kenya,Meru,arable,0.04501,37.65082,1,2019-06-26,2019-07-12,,,,,,,-10.27542130606897,-16.802533231531502,-6.527111925462531,-11.332522784958442,-17.672367914871977,-6.339845129913531,,,,,,26.3700008392334,16.43000030517578,0,0,0,0,0,0,43,43,43,43,43,43,0,0,0,0,0,43,43
Kama,Afghanistan,Nangarhar,arable,34.41904,70.54964,1,2019-06-26,2019-07-12,0.4052333747393134,0.2936749309663138,0.2740507253651329,0.16805436559452142,0.2847838699688456,1.7441792131607234,-9.417537120532435,-16.512488787546317,-7.094951667013882,-9.088682776710199,-16.971634276285332,-7.882951499575132,0.699999988079071,0.3100000023841858,3.6500000953674316,74.30000305175781,0.04912516750268261,35.25,25.59000015258789,51,51,51,51,51,51,51,51,51,51,51,51,51,51,51,51,51,51,51
Injil,Afghanistan,Herat,arable,34.27998,62.15003,1,2019-06-26,2019-07-12,0.11313734296385851,0.10118516907311544,0.09357684188739973,-0.025901104958607632,0.06411819630411385,0.6016155426550255,-10.569155784689961,-18.515657558185023,-7.946501773495068,-11.69052185115783,-19.442171415208417,-7.751649564050587,0.5600486366829955,0.25202186623017636,3.5605348841297766,70.749632280495,0.050366654206229086,40.69000244140625,23.139999389648438,50,50,50,50,50,50,50,50,50,50,50,50,50,50,50,50,50,50,50
Dawlatabad,Afghanistan,Balkh,arable,36.84988,66.85002,1,2019-06-26,2019-07-12,0.22551097138513354,0.21944787925769116,0.19255322015472587,0.023436345655803627,0.14111894706406133,0.787536459529747,-12.266595995586549,-20.929979345082163,-8.663383349495618,-12.750595116936035,-21.252109474986113,-8.501514358050082,0.48037555585928543,0.2560751063139449,0.846244370776976,73.8416411215949,0.011495516984375004,44.83638329698366,23.361501318029216,51,51,51,51,51,51,51,51,51,51,51,51,51,51,51,51,51,51,51
Khanabad,Afghanistan,Kunduz,arable,36.64938,68.94992,1,2019-06-26,2019-07-12,0.08824028088316822,0.07512157954323376,0.0739572717809339,-0.12081371417796836,0.038318184528178464,0.5571385958762958,-14.250617391440215,-28.26935803738719,-14.018740645946982,-14.73135126096944,-27.122579360059188,-12.39122809908975,0.20000000298023224,0.11999999731779099,0.45000001788139343,79.8499984741211,0.005635567019168269,50.650001525878906,23.079999923706055,51,51,51,51,51,51,51,51,51,51,51,51,51,51,51,51,51,51,51
NadAli,Afghanistan,Helmand,arable,31.55054,64.24993,1,2019-06-26,2019-07-12,0.264631293150916,0.2311554097328613,0.22510952005813376,0.04118113469174688,0.1684185017583086,1.224118471608233,-11.937302967982506,-19.559335141651665,-7.622032173669161,-12.129940593605612,-20.318385006577223,-8.18844441297161,0.44999998807907104,0.2199999988079071,0,84.05000305175781,0,45,25.549999237060547,46,46,46,46,46,46,46,46,46,46,46,46,46,46,46,46,46,46,46
Arghandab,Afghanistan,Kandahar,arable,31.72032,65.64915,1,2019-06-26,2019-07-12,0.22367713600130792,0.1950664038448215,0.18148091836146366,0.012788199607904716,0.1485059805022353,1.00817775197241,-10.817958292284468,-19.301540614055046,-8.483582321770582,-11.107997695780133,-18.021575440613944,-6.9135777448338045,,,,,,49.55000305175781,25.15999984741211,45,45,45,45,45,45,45,45,45,45,45,45,0,0,0,0,0,45,45
Shakardara,Afghanistan,Kabul,arable,34.64811,69.03023,1,2019-06-26,2019-07-12,0.1090379321154325,0.09731973511341326,0.09195361599197305,-0.06496641198736791,0.060118554677674664,0.5344240887329971,-11.377264398965092,-26.2329719536861,-14.855707554721002,-12.772227069074207,-24.29259094546095,-11.520363876386744,0.75,0.35500001907348633,6.25,63.599998474121094,0.0982704426092578,,16.920000076293945,51,51,51,51,51,51,51,51,51,51,51,51,51,51,51,51,51,0,51
Zaranj,Afghanistan,Nimroz,arable,31.00023,61.8703,1,2019-06-26,2019-07-12,0.1320439735546067,0.14142498308213283,0.11965768213276246,-0.010822080324301372,0.08172571134299164,0.5384843535336514,-15.130552793448285,-23.584442945045538,-8.45389015159726,-15.260537676361064,-23.006969316515985,-7.74643164015492,,,,,,46.63877813763953,29.611597700299992,45,45,45,45,45,45,45,45,45,45,45,45,0,0,0,0,0,45,45
Maimana,Afghanistan,Faryab,arable,35.9212,64.78515,1,2019-06-26,2019-07-12,0.3461820883753553,0.29763156692664927,0.2708446816815484,0.040145590413838604,0.21665558943301558,1.5140202934167368,-10.132842189916943,-17.186189425217503,-7.053347235300559,-10.483283195486948,-16.57521492867063,-6.091931733183674,,,,,,,23.93000030517578,51,51,51,51,51,51,51,51,51,51,51,51,0,0,0,0,0,0,51
GhazniCity,Afghanistan,Ghazni,arable,33.55396,68.41578,1,2019-06-26,2019-07-12,0.4115732575156444,0.3361643588588872,0.3131476651880644,0.09121581978309354,0.2682233923591155,2.0523998977069198,-10.76634408157042,-16.921811448029963,-6.155467366459543,-9.497830406436844,-16.879047710057,-7.381217303620159,,,,,,40.349998474121094,18.869998931884766,50,50,50,50,50,50,50,50,50,50,50,50,0,0,0,0,0,50,50
Faizabad,Afghanistan,Badakhshan,arable,37.10051,70.54587,1,2019-06-26,2019-07-12,0.3965264446812776,0.2834632418103119,0.2676944604035476,0.04612512312323088,0.25813217890710194,1.966867741449197,-9.223953713570399,-17.410130916407468,-8.18617720283707,-10.573441028435118,-17.442761960968998,-6.8693209325338795,0.5675997432683056,0.2706710108099923,7.374041594184437,62.715911719023524,0.11767824356649444,38.468711468531104,19.992123855640262,51,51,51,51,51,51,51,51,51,51,51,51,51,51,51,51,51,51,51
Chaghcharan,Afghanistan,Ghor,arable,34.51767,65.24922,1,2019-06-26,2019-07-12,0.1799451094877319,0.16324573234901488,0.14705414216305146,-0.023946707068713356,0.09916103916716011,0.748692160512252,-8.25819300829387,-13.927344906558456,-5.669151898264581,-5.469805950525448,-16.561338266433864,-11.091532315908417,0.20000000298023224,0.12999999523162842,1.25,59.96901653227286,0.020844118444902894,39.93000030517578,16.31999969482422,51,51,51,51,51,51,51,51,51,51,51,51,51,51,51,51,51,51,51
TransNzoia,Kenya,Trans Nzoia,arable,1.02004,34.9521,1,2019-07-12,2019-07-28,0.6694820905438388,0.4274371065295432,0.4052404621970995,0.20404082720462627,0.4596095746717178,3.4990742376800883,-10.065155641113165,-15.941867817410442,-5.8767121762972785,-8.285567820205818,-15.723226701464892,-7.437658881259071,2.6999998092651367,0.7000000476837158,29.100000381469727,40.20000076293945,0.7238805927659866,23.729999542236328,13.040000915527344,42,42,42,42,42,42,42,42,42,42,42,42,42,42,42,42,42,42,42
UasinGishu,Kenya,Uasin Gishu,arable,0.51986,35.27118,1,2019-07-12,2019-07-28,0.2605288157914557,0.1689496479973912,0.15385238218683475,-0.08235693904190144,0.1757281158579768,1.0469528477922954,-7.284356227426385,-13.8332124613849,-6.548856233958516,-3.5978161672322346,-17.49122535330432,-13.893409186072082,,,,,,,11.529999732971191,41,41,41,41,41,41,40,40,40,41,41,41,0,0,0,0,0,0,41
Bungoma,Kenya,Bungoma,arable,0.56621,34.55648,1,2019-07-12,2019-07-28,0.4049529335782006,0.28813453911795184,0.28192867634070035,-0.017622244647706023,0.26641737348501215,1.9143779149528317,-8.579184459253218,-16.010052022753516,-7.430867563500303,-10.370000685990568,-17.95180254817928,-7.581801862188711,0.800000011920929,0.39499998092651367,21.549999237060547,39.19999694824219,0.5497449212946149,26.630083482150194,17.60682752297822,43,43,43,43,43,43,43,43,43,43,43,43,5,5,5,5,5,43,43
Kakamega,Kenya,Kakamega,arable,0.27623,34.76076,1,2019-07-12,2019-07-28,0.8100471295950927,0.5038127670828838,0.4706939317039611,0.33839416938245026,0.5728377894886807,6.35015306869029,-7.0709773018087505,-13.76982947408886,-6.698852172280106,-10.554718982812537,-16.685270850834826,-6.13055186802229,2.549999952316284,0.6950000524520874,27.549999237060547,40.400001525878906,0.6819306484286375,26.829999923706055,16.59000015258789,42,42,42,42,42,42,42,42,42,42,42,42,42,42,42,42,42,42,42
Narok,Kenya,Narok,arable,-1.08903,35.86838,1,2019-07-12,2019-07-28,0.3883132251838724,0.21202141897198967,0.2139306843253658,-0.009189087030857319,0.2460580055416257,1.6970122405453747,-8.56259829447974,-14.51557477079264,-5.952976476312903,-10.188771303970116,-15.512397258484427,-5.323625954514311,,,,,,,13.289999961853027,43,43,43,43,43,43,43,43,43,43,43,43,0,0,0,0,0,0,43
Nakuru,Kenya,Nakuru,arable,-0.29617,36.06889,1,2019-07-12,2019-07-28,0.4552656862250825,0.27506310137561596,0.2561896833556437,0.10304785708230763,0.3194922435321675,1.792998575131566,-6.517836938928347,-16.797865601323853,-10.280028662395505,-9.118919065962345,-14.768681136239035,-5.649762070276686,,,,,,,12.630000114440918,43,43,43,43,43,43,43,43,43,43,43,43,0,0,0,0,0,0,43
Bomet,Kenya,Bomet,arable,-0.7818,35.35257,1,2019-07-12,2019-07-28,0.7357449207760357,0.48446615562208406,0.45056523765478423,0.2207179276206085,0.505448420380243,4.245769736811927,-8.407268002689845,-14.745016433512655,-6.337748430822812,-8.470263755012411,-15.214677831119143,-6.744414076106734,2.700000047683716,0.7150000333786011,29.049999237060547,42.79999923706055,0.6787383120302987,24.25,14.470000267028809,43,43,43,43,43,43,43,43,43,43,43,43,43,43,43,43,43,43,43
Machakos,Kenya,Machakos,arable,-1.52184,37.25951,1,2019-07-12,2019-07-28,0.4983053198632073,0.30763402097448916,0.3108759673557529,-0.030046451386946057,0.3496340672237701,3.2412888164613762,-10.571442963629543,-17.258610487117824,-6.687167523488277,-12.610092071057705,-19.1777774727979,-6.567685401740195,1.100000023841858,0.4000000059604645,12.050000190734863,47.150001525878906,0.255567334056629,29.950000762939453,15.059999465942383,42,42,42,42,42,42,42,42,42,42,42,42,3,3,3,3,3,42,42
Kitui,Kenya,Kitui,arable,-1.37469,38.00979,1,2019-07-12,2019-07-28,0.36707290729942144,0.2126211440691833,0.22906044113445573,-0.13464639842029422,0.22075390623832292,1.9350713137453717,-11.523344324976874,-17.27427706202584,-5.750932737048966,-11.284808100472649,-17.923212763038986,-6.638404662566335,0.647996100075042,0.30959922945619706,9.039979801316967,48.647994550354284,0.18580464534233693,27.718985951534837,17.34736335544843,42,42,42,42,42,42,42,42,42,42,42,42,42,42,42,42,42,42,42
Makueni,Kenya,Makueni,arable,-1.7978,37.62171,1,2019-07-12,2019-07-28,0.37819617964759467,0.22529409072393472,0.2403009985113018,-0.10570134025844195,0.23356177570268566,2.017455467809713,-12.78562310497512,-18.850682253528962,-6.065059148553841,-12.279281637921798,-18.999610371668492,-6.720328733746698,0.9500000476837158,0.3700000047683716,10.5,47.20000076293945,0.2224576235228454,28.239999771118164,16.90999984741211,42,42,42,42,42,42,42,42,42,42,42,42,42,42,42,42,42,42,42
Embu,Kenya,Embu,arable,-0.5301,37.45517,1,2019-07-12,2019-07-28,,,,,,,-9.896637373730066,-18.07059121729864,-8.173953843568578,-8.879643203748849,-18.306103415861333,-9.426460212112493,,,,,,23.709999084472656,16.709999084472656,0,0,0,0,0,0,41,41,41,41,41,41,0,0,0,0,0,41,41
Meru,Kenya,Meru,arable,0.04501,37.65082,1,2019-07-12,2019-07-28,0.32101975110463143,0.2400168838903187,0.22453155024340085,0.02948250316553662,0.19935698057899534,1.437672778391724,-10.454347894811354,-17.320788348459683,-6.866440453648335,-11.97892377200767,-17.87111453619664,-5.892190764188969,,,,,,,15.680000305175781,43,43,43,43,43,43,43,43,43,43,43,43,0,0,0,0,0,0,43
Kama,Afghanistan,Nangarhar,arable,34.41904,70.54964,1,2019-07-12,2019-07-28,0.37128750296858687,0.2846649916392529,0.23525184587763903,0.12201023663055001,0.25790458002186917,1.0935300509157895,-10.209296179975386,-16.708055679453594,-6.498759499478201,-9.10478796655732,-16.39904999892835,-7.2942620323710345,0.8999999761581421,0.35500001907348633,8.550000190734863,67.8499984741211,0.12601327019920197,31.670000076293945,25.809999465942383,51,51,51,51,51,51,51,51,51,51,51,51,51,51,51,51,51,51,51
Injil,Afghanistan,Herat,arable,34.27998,62.15003,1,2019-07-12,2019-07-28,0.09520650658912612,0.08460979586935935,0.07895181084693886,-0.031189029413687494,0.05318158950452232,0.5475644220057446,-10.360692379071116,-16.861615287067995,-6.5009229079968796,-9.185097554790444,-17.97868250354238,-8.793584948751931,0.5200972614305718,0.23602916888373404,2.0404376585634245,73.0995107245793,0.027954697756849594,42.150001525878906,25.5,50,50,50,50,50,50,50,50,50,50,50,50,50,50,50,50,50,50,50
Dawlatabad,Afghanistan,Balkh,arable,36.84988,66.85002,1,2019-07-12,2019-07-28,0.2888703155260315,0.2841651658565139,0.24537372832675144,0.06865291561990881,0.1990540495534915,1.0287894251835716,-13.175147209466836,-19.599006023962932,-6.423858814496094,-11.959505512147738,-20.28363928687946,-8.324133774731724,0.5,0.25999999046325684,0,75.30375560538118,0,43.948977535401745,25.97672297152702,51,51,51,51,51,51,51,51,51,51,51,51,51,51,51,51,51,51,51
Khanabad,Afghanistan,Kunduz,arable,36.64938,68.94992,1,2019-07-12,2019-07-28,0.09250479950342788,0.07940115881119038,0.07770444421673126,-0.11314885418000231,0.04271305718693512,0.5590930627215874,-14.140895583393359,-28.828649799328474,-14.687754215935113,-15.992569639797809,-29.01176148031576,-13.019191840517953,0.20000000298023224,0.10999999940395355,0,81.8499984741211,0,51.869998931884766,26.310001373291016,51,51,51,51,51,51,51,51,51,51,51,51,51,51,51,51,51,51,51
NadAli,Afghanistan,Helmand,arable,31.55054,64.24993,1,2019-07-12,2019-07-28,0.3327514801550268,0.29587186903473156,0.27610999739125597,0.08399396242110976,0.22296192914892485,1.7192445999757564,-11.914815546975207,-19.39105990543651,-7.476244358461296,-11.459808492973671,-19.72706761249143,-8.267259119517767,0.550000011920929,0.2549999952316284,0.05000000074505806,81.75,0.0006116208042208937,42.83000183105469,25.75,46,46,46,46,46,46,46,46,46,46,46,46,46,46,46,46,46,46,46
Arghandab,Afghanistan,Kandahar,arable,31.72032,65.64915,1,2019-07-12,2019-07-28,0.2236061909709941,0.18734651065481356,0.1794720424795682,0.006021405240312442,0.13833376028182523,1.043546165944736,-10.912219405642968,-18.82024201082129,-7.908022605178324,-10.898686517851578,-18.077380308076023,-7.178693790224443,,,,,,45.599998474121094,25.889999389648438,45,45,45,45,45,45,45,45,45,45,45,45,0,0,0,0,0,45,45
Shakardara,Afghanistan,Kabul,arable,34.64811,69.03023,1,2019-07-12,2019-07-28,0.10532709873031816,0.0937790082399371,0.0889587158110712,-0.07214101636701768,0.05485888427032174,0.5355723211195007,-11.273861973512412,-25.71387495651026,-14.440012982997837,-12.976191784311782,-25.032150509749098,-12.055958725437307,0.75,0.36000001430511475,7,66.30000305175781,0.10558068895615849,,18.869998931884766,51,51,51,51,51,51,51,51,51,51,51,51,51,51,51,51,51,0,51
Zaranj,Afghanistan,Nimroz,arable,31.00023,61.8703,1,2019-07-12,2019-07-28,0.1395454897710603,0.14573322589111648,0.12640742082958628,-0.00441925487487601,0.08487440646723816,0.5681572081970817,-14.998645827256512,-22.472946586214857,-7.474300758958349,-13.261270357787591,-22.684826929008562,-9.423556571220965,,,,,,48.490617581637125,30.784764571399492,45,45,45,45,45,45,45,45,45,45,45,45,0,0,0,0,0,45,45
Maimana,Afghanistan,Faryab,arable,35.9212,64.78515,1,2019-07-12,2019-07-28,0.3503023744522207,0.28591590239273806,0.268277364122831,0.03975397666075229,0.22253668971903326,1.5653115481587987,-10.670393988911117,-16.51675340459199,-5.846359415680869,-9.885348301070184,-17.26536736379589,-7.380019062725704,,,,,,,26.010000228881836,51,51,51,51,51,51,51,51,51,51,51,51,0,0,0,0,0,0,51
GhazniCity,Afghanistan,Ghazni,arable,33.55396,68.41578,1,2019-07-12,2019-07-28,0.3685393097067911,0.291244246106506,0.27032809102031685,0.060444547505773605,0.23917073367310562,1.6434941354726638,-11.322337662460978,-16.82826925916462,-5.5059315967036415,-9.620629651504158,-16.730218384545413,-7.109588733041243,,,,,,42.150001525878906,20.09000015258789,50,50,50,50,50,50,50,50,50,50,50,50,0,0,0,0,0,50,50
Faizabad,Afghanistan,Badakhshan,arable,37.10051,70.54587,1,2019-07-12,2019-07-28,0.3566795865373314,0.24520716519129448,0.23940212093231233,0.004035241490069469,0.23012445421100786,1.8722809505190903,-8.823853585264219,-17.45030289631954,-8.626449311055314,-8.662313745146774,-16.67374975607507,-8.011436010928298,0.5215107814628115,0.25703989300518437,3.886618700783029,73.27484769839283,0.05318681137840731,42.0968616966003,22.903405142944084,51,51,51,51,51,51,51,51,51,51,51,51,51,51,51,51,51,51,51
Chaghcharan,Afghanistan,Ghor,arable,34.51767,65.24922,1,2019-07-12,2019-07-28,0.21830974043338988,0.203312542981593,0.18159031053186542,-0.0026520611786539504,0.12960703106876054,1.0068935933401437,-8.92410216693539,-15.51651841015511,-6.592416243219714,-7.062658903537846,-16.657405707348087,-9.59474680381024,0.25,0.12999999523162842,1.100000023841858,67.78967470388721,0.016226661756026613,40.90999984741211,17.459999084472656,51,51,51,51,51,51,51,51,51,51,51,51,51,51,51,51,51,51,51
TransNzoia,Kenya,Trans Nzoia,arable,1.02004,34.9521,1,2019-07-28,2019-08-13,0.5097028017044067,0.37952226400375366,0.34312644600868225,0.028619257733225822,0.34016573429107666,2.1389172077178955,-9.05881737185968,-15.30024326155004,-6.241425889690363,-9.636593041198138,-16.26227875728778,-6.625685716089648,3.299999952316284,0.7699999809265137,39.150001525878906,47.54999923706055,0.8233438938809768,26.029998779296875,12.539999961853027,1,1,1,1,1,1,42,42,42,42,42,42,42,42,42,42,42,42,42
UasinGishu,Kenya,Uasin Gishu,arable,0.51986,35.27118,1,2019-07-28,2019-08-13,0.25755546579081073,0.18362695283716918,0.16653876739027898,-0.09510483074870127,0.17109716800328628,1.045783331241843,-8.62203228004165,-13.214944825510937,-4.592912545469292,-3.386491130695015,-15.755825626058297,-12.369334495363281,,,,,,26.40999984741211,9.489999771118164,41,41,41,41,41,41,39,39,39,41,41,41,0,0,0,0,0,41,41
Bungoma,Kenya,Bungoma,arable,0.56621,34.55648,1,2019-07-28,2019-08-13,0.37203919752001685,0.2641474713739099,0.25502068501046765,-0.051577918465916896,0.2410015760505208,1.7059766179836955,-10.26627120358508,-15.795522947518577,-5.529251743933498,-10.476677490199622,-17.592041093148634,-7.115363602949008,0.550000011920929,0.2800000011920929,16.75,42.650001525878906,0.3927315217054925,30.034530445572045,17.261755377509502,43,43,43,43,43,43,43,43,43,43,43,43,5,5,5,5,5,43,43
Kakamega,Kenya,Kakamega,arable,0.27623,34.76076,1,2019-07-28,2019-08-13,0.7643274186587273,0.3852746930697833,0.3581170807025126,0.3746829735506429,0.5752181339032614,4.435525870298648,-7.388567818353797,-13.515164543026767,-6.126596724672968,-10.624344010256864,-16.743571559810857,-6.119227549553988,2,0.6050000190734863,23.399999618530273,42.45000076293945,0.5512367302230865,29.670000076293945,14.680000305175781,37,37,37,37,37,37,42,42,42,42,42,42,42,42,42,42,42,42,42
Narok,Kenya,Narok,arable,-1.08903,35.86838,1,2019-07-28,2019-08-13,0.32859412536999827,0.18364287077721,0.18927894875830942,-0.06931829855961658,0.20415319245095215,1.499409831735764,-9.824998491233531,-15.230265379452977,-5.4052668882194475,-9.599581787909827,-16.144836237023473,-6.545254449113645,,,,,,36.88999938964844,13.690000534057617,43,43,43,43,43,43,43,43,43,43,43,43,0,0,0,0,0,43,43
Nakuru,Kenya,Nakuru,arable,-0.29617,36.06889,1,2019-07-28,2019-08-13,0.47138252240671713,0.29439262950854006,0.28083706558803434,0.08883791610399874,0.3297208733867121,2.1471735024054515,-2.6731450829685226,-14.820799492305825,-12.1476544093373,-8.195510845024579,-14.641260318606381,-6.445749473581803,,,,,,,13.550000190734863,43,43,43,43,43,43,43,43,43,43,43,43,0,0,0,0,0,0,43
Bomet,Kenya,Bomet,arable,-0.7818,35.35257,1,2019-07-28,2019-08-13,0.7182997877312108,0.4477226412747404,0.4264388011482603,0.18388508469174394,0.49261050121134276,4.360940375124231,-10.092664946453842,-15.974105824669007,-5.881440878215167,-9.879901025139876,-15.057810403921426,-5.17790937878155,2.1500000953674316,0.6349999904632568,25.299999237060547,43.599998474121094,0.5802752321672083,29.099998474121094,14.030000686645508,43,43,43,43,43,43,43,43,43,43,43,43,43,43,43,43,43,43,43
Machakos,Kenya,Machakos,arable,-1.52184,37.25951,1,2019-07-28,2019-08-13,,,,,,,-10.421971233752595,-17.382111649152613,-6.9601404154000175,-11.36784518613201,-17.73745805743028,-6.369612871298269,0.949999988079071,0.3400000035762787,10.899999618530273,45.25,0.2408839694702823,36.41999816894531,15.520000457763672,0,0,0,0,0,0,42,42,42,42,42,42,3,3,3,3,3,42,42
Kitui,Kenya,Kitui,arable,-1.37469,38.00979,1,2019-07-28,2019-08-13,,,,,,,-11.376900769803557,-17.710261133887844,-6.333360364084287,-11.132512436453,-18.01792980924315,-6.885417372790152,0.6075953056893808,0.2845992177741544,8.887135921839642,47.417193420264745,0.187327351202513,37.907763981498405,17.738564318071035,0,0,0,0,0,0,42,42,42,42,42,42,42,42,42,42,42,42,42
Makueni,Kenya,Makueni,arable,-1.7978,37.62171,1,2019-07-28,2019-08-13,0.2992770946361532,0.22687526729869129,0.2120996830229768,-0.14176514010921304,0.18344621686069162,1.3118285490755746,-13.764098714933773,-20.585337715678012,-6.821239000744229,-11.858051255090658,-19.072066181612538,-7.214014926521877,0.8999999761581421,0.3449999988079071,9.800000190734863,44.650001525878906,0.21948487918986598,35.5,18.010000228881836,42,42,42,42,42,42,42,42,42,42,42,42,42,42,42,42,42,42,42
Embu,Kenya,Embu,arable,-0.5301,37.45517,1,2019-07-28,2019-08-13,0.2477973429899816,0.14165318088392775,0.14431026500176194,-0.09564571387813181,0.1523319464581419,1.375178326202638,-9.907090479007737,-18.17358506993618,-8.266494590928446,-9.901141827925256,-17.13079787536681,-7.229656047441552,,,,,,29.75,15.389999389648438,41,41,41,41,41,41,41,41,41,41,41,41,0,0,0,0,0,41,41
Meru,Kenya,Meru,arable,0.04501,37.65082,1,2019-07-28,2019-08-13,0.29225208739798914,0.1772412659043203,0.18625803641037075,-0.0359205200104761,0.17717871045365308,1.5563202137819416,-9.45393848728325,-16.465924948779755,-7.011986461496501,-11.525766448410485,-18.72489279633916,-7.199126347928679,,,,,,31.419998168945312,15.100000381469727,43,43,43,43,43,43,43,43,43,43,43,43,0,0,0,0,0,43,43
Kama,Afghanistan,Nangarhar,arable,34.41904,70.54964,1,2019-07-28,2019-08-13,0.5041964926643867,0.3792596435391833,0.3235872525751934,0.18999492177470567,0.3538016068229095,1.8318282171722085,-9.06032285199689,-15.74748293110401,-6.687160079107117,-8.382220695804307,-15.522565635614994,-7.14034493981069,1.600000023841858,0.5900000333786011,19.950000762939453,63.55000305175781,0.31392603941641556,31.309999465942383,25.619998931884766,51,51,51,51,51,51,51,51,51,51,51,51,51,51,51,51,51,51,51
Injil,Afghanistan,Herat,arable,34.27998,62.15003,1,2019-07-28,2019-08-13,0.0919569305908241,0.07868636342192045,0.07440445690003293,-0.03390111732920367,0.04606965229430149,0.524288894046675,-10.096558702188002,-16.57345177161801,-6.47689306943001,-10.190871828158274,-19.155343926043994,-8.96447209788572,0.4699756816585022,0.22999999522438316,2.0400728477071524,69.93994771255667,0.02916967133939209,41.08000183105469,24.549999237060547,50,50,50,50,50,50,50,50,50,50,50,50,50,50,50,50,50,50,50
Dawlatabad,Afghanistan,Balkh,arable,36.84988,66.85002,1,2019-07-28,2019-08-13,0.28522260606355726,0.27868579814686634,0.2408952311441435,0.0741015074980829,0.19990169294679638,1.0116258776508638,-13.423244255647528,-21.575677450248474,-8.152433194600949,-12.786997702410398,-20.548543782084504,-7.7615460796741065,0.5303755677802146,0.29018777815349417,0.3107511174551842,71.49436354017043,0.004350116772136055,41.3632779296738,25.12962475036825,51,51,51,51,51,51,51,51,51,51,51,51,51,51,51,51,51,51,51
Khanabad,Afghanistan,Kunduz,arable,36.64938,68.94992,1,2019-07-28,2019-08-13,0.08996222433682811,0.0751140933773365,0.07509560595362787,-0.11928457300596759,0.03799673954064506,0.558348788800517,-13.802352181892536,-29.415341368355474,-15.612989186462942,-15.88196648973245,-28.392251745491514,-12.510285255759065,0.20000000298023224,0.11999999731779099,0.05000000074505806,77.5,0.0006451612999362331,49.77000045776367,24.979999542236328,51,51,51,51,51,51,51,51,51,51,51,51,51,51,51,51,51,51,51
NadAli,Afghanistan,Helmand,arable,31.55054,64.24993,1,2019-07-28,2019-08-13,0.32823987781200836,0.2969861144236664,0.2714885228454177,0.08742393926260018,0.22866850185349805,1.6184166077784636,-11.913168120711598,-19.52112168257984,-7.60795356186824,-11.84473854759558,-21.33951270464996,-9.494774157054389,0.699999988079071,0.33000001311302185,0.15000000596046448,75.05000305175781,0.001998667553111461,41.31999969482422,25.100000381469727,46,46,46,46,46,46,46,46,46,46,46,46,46,46,46,46,46,46,46
Arghandab,Afghanistan,Kandahar,arable,31.72032,65.64915,1,2019-07-28,2019-08-13,0.17339611848325587,0.14432716779397523,0.14192288788473814,-0.030059712174171326,0.09769088601016404,0.8536746821002397,-10.37071706245074,-18.90481671385922,-8.534099651408482,-11.067201030221694,-19.484905428587005,-8.417704398365307,,,,,,48.040000915527344,25.349998474121094,45,45,45,45,45,45,45,45,45,45,45,45,0,0,0,0,0,45,45
Shakardara,Afghanistan,Kabul,arable,34.64811,69.03023,1,2019-07-28,2019-08-13,0.09877637881023395,0.08762971275091513,0.08348240995312632,-0.07093282475101327,0.04638620455794959,0.5114641121210212,-11.147728473927172,-26.11972242042036,-14.971993946493189,-12.753003027198634,-26.033097561663094,-13.280094534464459,0.800000011920929,0.375,6.900000095367432,62.150001525878906,0.11102172044990717,,19.259998321533203,51,51,51,51,51,51,51,51,51,51,51,51,51,51,51,51,51,0,51
Zaranj,Afghanistan,Nimroz,arable,31.00023,61.8703,1,2019-07-28,2019-08-13,0.14892917786105847,0.15703642280262706,0.13437052093286966,0.0015949707726132293,0.09175593379518959,0.5844224077841138,-15.472450025087932,-22.17024818052044,-6.697798155432504,-14.354876981799828,-22.53326673871933,-8.178389756919495,,,,,,47.1885439258569,29.51288033448071,45,45,45,45,45,45,45,45,45,45,45,45,0,0,0,0,0,45,45
Maimana,Afghanistan,Faryab,arable,35.9212,64.78515,1,2019-07-28,2019-08-13,0.348078354954733,0.28082084638430854,0.26383524081699017,0.03437205098903751,0.21523109546425148,1.6169165929769478,-10.622750619422774,-17.87730861978932,-7.254558000366548,-10.135191085483868,-17.114582935581275,-6.9793918500974055,,,,,,,24.479999542236328,51,51,51,51,51,51,51,51,51,51,51,51,0,0,0,0,0,0,51
GhazniCity,Afghanistan,Ghazni,arable,33.55396,68.41578,1,2019-07-28,2019-08-13,0.3856845220941519,0.28982133075024186,0.2760777302566586,0.0528926953885096,0.24163258471569696,1.7756122447017857,-11.133384129896388,-15.577214270871906,-4.443830140975522,-10.387966498015693,-16.93098422836221,-6.54301773034652,,,,,,,18.689998626708984,50,50,50,50,50,50,50,50,50,50,50,50,0,0,0,0,0,0,50
Faizabad,Afghanistan,Badakhshan,arable,37.10051,70.54587,1,2019-07-28,2019-08-13,0.4012582179074421,0.28745787031428216,0.27568560959836835,0.05527750481001669,0.2630893727045363,1.912709680299197,-9.515642323271763,-15.53261239617374,-6.016970072901973,-8.592479383016995,-15.98379481391596,-7.3913154308989615,0.473466295765184,0.238604302555639,3.9240418222179927,70.25222218626767,0.05594681798560425,39.76519090245591,22.01849008744117,51,51,51,51,51,51,51,51,51,51,51,51,51,51,51,51,51,51,51
Chaghcharan,Afghanistan,Ghor,arable,34.51767,65.24922,1,2019-07-28,2019-08-13,0.17871898450425933,0.15583593636869814,0.14262260817345543,-0.02986608342904431,0.0962881884625385,0.7272935826774145,-8.304246954322412,-15.109872114237419,-6.805625159915009,-7.532368753438124,-17.062573721247617,-9.5302049678095,0.20000000298023224,0.1260327707667453,1.0499999523162842,65.24836446417413,0.01609239546338357,40.18000030517578,17.420000076293945,51,51,51,51,51,51,51,51,51,51,51,51,51,51,51,51,51,51,51
TransNzoia,Kenya,Trans Nzoia,arable,1.02004,34.9521,1,2019-08-13,2019-08-29,0.642817497253418,0.26131853461265564,0.25554901361465454,0.2985532879829407,0.45552825927734375,2.5011820793151855,-9.289703337935054,-15.047111528871303,-5.757408190936253,-8.775100981440781,-15.098574368675735,-6.323473387234951,1.8499999046325684,0.5600000023841858,26.350000381469727,38.29999923706055,0.6879895798006298,23.110000610351562,13.34000015258789,1,1,1,1,1,1,42,42,42,42,42,42,42,42,42,42,42,42,42
UasinGishu,Kenya,Uasin Gishu,arable,0.51986,35.27118,1,2019-08-13,2019-08-29,0.26069184055712674,0.1744109077709038,0.15531686473493736,-0.07955901720130407,0.1752120959021414,1.0585655811297054,-6.3116842183152215,-12.414772871717007,-6.103088653401787,,,,,,,,,,9.930000305175781,41,41,41,41,41,41,41,41,41,0,0,0,0,0,0,0,0,0,41
Bungoma,Kenya,Bungoma,arable,0.56621,34.55648,1,2019-08-13,2019-08-29,0.42530531374699765,0.3039793466657046,0.2909184730107249,0.0002969758490543672,0.2818694786020485,1.9613788635812615,-9.226782411516508,-15.676595812705992,-6.449813401189482,-11.084101286449048,-16.055761476288165,-4.971660189839118,0.699999988079071,0.38499999046325684,21.150001525878906,40.650001525878906,0.5202952209587061,28.84056536508092,16.442775144356485,43,43,43,43,43,43,43,43,43,43,43,43,5,5,5,5,5,43,43
Kakamega,Kenya,Kakamega,arable,0.27623,34.76076,1,2019-08-13,2019-08-29,0.7995610165873317,0.5213991056442796,0.4880218297251472,0.32401394263022654,0.5776916097498798,6.274854712088012,-7.299267970994451,-13.786349859205597,-6.487081888211147,-10.420345368673981,-15.393450730584664,-4.97310536191068,2.049999952316284,0.6000000238418579,26.5,41.25,0.6424242424242425,27.920000076293945,,42,42,42,42,42,42,42,42,42,42,42,42,42,42,42,42,42,42,0
Narok,Kenya,Narok,arable,-1.08903,35.86838,1,2019-08-13,2019-08-29,0.2912580015688054,0.16969112146216325,0.17459510597616273,-0.09023169210405808,0.17319594542591793,1.3157248863704332,-9.784641691542655,-15.614155536907568,-5.829513845364909,,,,,,,,,34.5099983215332,13.470000267028809,43,43,43,43,43,43,43,43,43,0,0,0,0,0,0,0,0,43,43
Nakuru,Kenya,Nakuru,arable,-0.29617,36.06889,1,2019-08-13,2019-08-29,0.49863221748247166,0.3110890267769312,0.2938887618538509,0.07451750804520482,0.3471713766940241,2.277396474393904,-6.616427449241618,-15.817635409598727,-9.20120796035711,,,,,,,,,,10.239999771118164,43,43,43,43,43,43,43,43,43,0,0,0,0,0,0,0,0,0,43
Bomet,Kenya,Bomet,arable,-0.7818,35.35257,1,2019-08-13,2019-08-29,0.5753473428929696,0.3237072754027382,0.3249100132178993,0.039171487578865044,0.3876615408716622,3.161001445166115,-9.962309442505441,-15.98295159971455,-6.020642157209112,,,,1.8499999046325684,0.5699999928474426,25.25,42.900001525878906,0.5885780676433833,29.369998931884766,10.649999618530273,43,43,43,43,43,43,43,43,43,0,0,0,43,43,43,43,43,43,43
Machakos,Kenya,Machakos,arable,-1.52184,37.25951,1,2019-08-13,2019-08-29,,,,,,,-9.742301485919151,-17.58872617953966,-7.846424693620507,-11.930379758028094,-18.695000456027294,-6.764620697999201,0.5,0.18000000715255737,10.199999809265137,46.849998474121094,0.21771611828118612,33.470001220703125,14.460000038146973,0,0,0,0,0,0,42,42,42,42,42,42,3,3,3,3,3,42,42
Kitui,Kenya,Kitui,arable,-1.37469,38.00979,1,2019-08-13,2019-08-29,0.2671540031322349,0.16923132941602925,0.17653248090225984,-0.19361789838824373,0.15851865808955587,1.3406123030145607,-11.657672982312105,-18.663526614952506,-7.00585363264041,-12.429027632079316,-18.69747992855551,-6.268452296476194,0.5075952818475229,0.26055913814447923,8.768357769790786,51.57879644338325,0.16997592015147125,,17.036961188230816,42,42,42,42,42,42,42,42,42,42,42,42,42,42,42,42,42,0,42
Makueni,Kenya,Makueni,arable,-1.7978,37.62171,1,2019-08-13,2019-08-29,0.2342798246280023,0.1464165282511651,0.1513484058221638,-0.18793606981802102,0.1358014199622842,1.2395702655090277,-13.664724867428742,-19.578277086069292,-5.913552218640543,-11.940991403409235,-19.052512135750174,-7.111520732340942,0.8999999761581421,0.35500001907348633,8.25,46.5,0.1774193548387097,33.849998474121094,17.520000457763672,42,42,42,42,42,42,42,42,42,42,42,42,42,42,42,42,42,42,42
Embu,Kenya,Embu,arable,-0.5301,37.45517,1,2019-08-13,2019-08-29,0.19501679128076738,0.0841306218371725,0.09836800703637515,-0.12353857574401242,0.09778362021484675,1.6164379209330273,-10.84110667901963,-18.606687888521865,-7.765581209502233,-9.452721197631526,-18.06909770826607,-8.616376510634547,,,,,,,,11,11,11,11,11,11,41,41,41,41,41,41,0,0,0,0,0,0,0
Meru,Kenya,Meru,arable,0.04501,37.65082,1,2019-08-13,2019-08-29,0.2645953055361523,0.15792745642127998,0.16911124218310633,-0.0462751080546994,0.14963650162861,1.4447676349093945,-11.021291877597125,-17.971581166954245,-6.9502892893571175,-11.771695815116578,-17.90821122294352,-6.136515407826945,,,,,,,15.359999656677246,43,43,43,43,43,43,43,43,43,43,43,43,0,0,0,0,0,0,43
Kama,Afghanistan,Nangarhar,arable,34.41904,70.54964,1,2019-08-13,2019-08-29,0.6330096567779606,0.4626555603759826,0.42230862263826946,0.2652260434756734,0.4605048428312202,3.4136665361327245,-9.599014145459739,-15.46686412844354,-5.867849982983804,-8.262982195429716,-14.854095611021005,-6.591113415591287,2.0999999046325684,0.675000011920929,25.899999618530273,57.099998474121094,0.45359019808500856,29.920000076293945,24.310001373291016,51,51,51,51,51,51,51,51,51,51,51,51,51,51,51,51,51,51,51
Injil,Afghanistan,Herat,arable,34.27998,62.15003,1,2019-08-13,2019-08-29,0.11401557458189872,0.09787953103836224,0.09190567342370824,-0.01314607942205709,0.0681820854923724,0.6044339789929392,-9.842495889789559,-17.025258543646483,-7.182762653856924,-10.349559901019546,-18.086705527225007,-7.737145626205459,0.5600486366829955,0.27401944393566785,3.3803889024972533,64.2099246205928,0.0526529428371632,38.209999084472656,20.619998931884766,50,50,50,50,50,50,50,50,50,50,50,50,50,50,50,50,50,50,50
Dawlatabad,Afghanistan,Balkh,arable,36.84988,66.85002,1,2019-08-13,2019-08-29,0.2955133794401792,0.2808092466985697,0.24714336729036313,0.077620353671459,0.20286405139556776,1.0804689565047016,-12.85995561980345,-20.519802463642677,-7.659846843839224,-12.99995817988442,-21.13522784998598,-8.135269670101557,0.5303755677802146,0.3091126713918463,2.764506763888046,63.43549112012032,0.04360202818929339,38.10290179316773,18.76532359315675,51,51,51,51,51,51,51,51,51,51,51,51,51,51,51,51,51,51,51
Khanabad,Afghanistan,Kunduz,arable,36.64938,68.94992,1,2019-08-13,2019-08-29,0.09289313567367184,0.07886910917282024,0.07813446339630005,-0.104822214696602,0.044676568217725546,0.5705593832498351,-14.748734579943335,-30.59418558127806,-15.845451001334736,-15.15574366007783,-27.17651151117143,-12.020767851093597,0.20000000298023224,0.10500000417232513,0.4000000059604645,74.44999694824219,0.005372733678398206,45.22999954223633,19.15999984741211,51,51,51,51,51,51,51,51,51,51,51,51,51,51,51,51,51,51,51
NadAli,Afghanistan,Helmand,arable,31.55054,64.24993,1,2019-08-13,2019-08-29,0.3225995964336752,0.27514158817636436,0.2542705263886879,0.07899040672174001,0.22508527697378133,1.6126998353573814,-11.73050508732582,-20.425649170263494,-8.695144082937666,-12.566854898708966,-19.887099680316986,-7.320244781608014,0.6000000238418579,0.3050000071525574,0.30000001192092896,71.8499984741211,0.0041753655990540185,37.93000030517578,20.81999969482422,46,46,46,46,46,46,46,46,46,46,46,46,46,46,46,46,46,46,46
Arghandab,Afghanistan,Kandahar,arable,31.72032,65.64915,1,2019-08-13,2019-08-29,0.12282894999960613,0.10639506808718352,0.1051568861140421,-0.04711388556810332,0.07466573271637206,0.6795606896233304,-10.439807601698272,-20.550397371146445,-10.110589769448167,-11.889590365574495,-20.6483315840873,-8.758741218512807,,,,,,45.790000915527344,21.889999389648438,45,45,45,45,45,45,45,45,45,45,45,45,0,0,0,0,0,45,45
Shakardara,Afghanistan,Kabul,arable,34.64811,69.03023,1,2019-08-13,2019-08-29,0.10647769289590439,0.09109499188768072,0.08774102829632908,-0.07811336680967627,0.054575777158184076,0.543102077767897,-11.64404408996318,-24.918183752933903,-13.274139662970725,-12.87222522603675,-25.127776170889987,-12.255550944853242,0.550000011920929,0.2750000059604645,4.150000095367432,59,0.0703389846672446,,14.110000610351562,51,51,51,51,51,51,51,51,51,51,51,51,51,51,51,51,51,0,51
Zaranj,Afghanistan,Nimroz,arable,31.00023,61.8703,1,2019-08-13,2019-08-29,0.1744798951964166,0.18201766352641477,0.15632509677499756,0.025616820884567102,0.11612594085417771,0.6696965441003945,-14.834571610097269,-21.145855412699696,-6.311283802602429,-15.290764448421095,-22.150401596492678,-6.859637148071589,,,,,,43.524829210697845,27.261022372799026,45,45,45,45,45,45,45,45,45,45,45,45,0,0,0,0,0,45,45
Maimana,Afghanistan,Faryab,arable,35.9212,64.78515,1,2019-08-13,2019-08-29,0.34348036872296356,0.2744947986483479,0.25549983337874926,0.035554443765257265,0.20746244263450483,1.5303873264138954,-10.312428113213869,-17.760769807587653,-7.448341694373786,-10.843086966940186,-17.137337227542915,-6.294250260602733,,,,,,,20.110000610351562,51,51,51,51,51,51,51,51,51,51,51,51,0,0,0,0,0,0,51
GhazniCity,Afghanistan,Ghazni,arable,33.55396,68.41578,1,2019-08-13,2019-08-29,0.35979123182015355,0.2777472003687143,0.2574864835067296,0.05256210707677716,0.22881025765661014,1.5657657228587718,-9.39706728760186,-17.429080556230748,-8.03201326862889,-9.937243408602233,-16.80498359159909,-6.867740182996853,,,,,,38.41999816894531,15.460000038146973,50,50,50,50,50,50,50,50,50,50,50,50,0,0,0,0,0,50,50
Faizabad,Afghanistan,Badakhshan,arable,37.10051,70.54587,1,2019-08-13,2019-08-29,0.556508246410864,0.3711983850847103,0.36351297822164713,0.13768112461253001,0.3645581067677645,3.104939264376771,-8.660025922875656,-15.57731625178311,-6.917290328907453,-8.772693690833783,-15.317200799776415,-6.544507108942624,0.5578221144829665,0.28273773813783176,3.1251536409926017,62.91004569581906,0.049751455951741644,36.25893689150357,18.05826657012077,51,51,51,51,51,51,51,51,51,51,51,51,51,51,51,51,51,51,51
Chaghcharan,Afghanistan,Ghor,arable,34.51767,65.24922,1,2019-08-13,2019-08-29,0.22194618915755557,0.19466291563664923,0.1781465327031884,0.012070904647997661,0.1397474748474383,1.0414299215314913,-8.968449318846403,-15.049493889046017,-6.081044570199617,-6.749138446264665,-17.728941744424272,-10.97980329815961,0.25,0.14103277136279174,1.3983614601000551,57.01360626097448,0.024534068150138214,37.290000915527344,12.84000015258789,51,51,51,51,51,51,51,51,51,51,51,51,51,51,51,51,51,51,51
